ID,x,y,pixel_index,F090W,F115W,F150W,F200W,F277W,F356W,F444W,e_F090W,e_F115W,e_F150W,e_F200W,e_F277W,e_F356W,e_F444W,keep_pixel
206183_0000,0,0,0,-0.01230821,-0.01496784,0.01063287,-0.009607817,-0.01734837,-0.03098345,0.006474003,0.02105725,0.01962766,0.01844736,0.01766841,0.01747852,0.01784744,0.01853032,0
206183_0001,1,0,1,0.03082794,-0.01689047,-0.007307192,0.01267444,0.002407377,0.00539772,-0.01124218,0.02353323,0.02175781,0.02019223,0.01899143,0.01834003,0.01838868,0.01882872,0
206183_0002,2,0,2,-0.007654313,0.009264999,0.02134634,0.02860734,0.02569152,-0.02638227,0.01739827,0.02035411,0.01906253,0.01799773,0.01731288,0.01719871,0.01760722,0.01831342,0
206183_0003,3,0,3,0.002130279,0.003610551,-0.005163585,-0.005784205,-0.002666288,-0.02479843,-0.002861916,0.0224432,0.02080227,0.01939282,0.01836779,0.0179127,0.01809935,0.0186443,0
206183_0004,4,0,4,0.009862519,0.03329211,0.01599866,-0.01436962,0.009255842,0.02306984,0.02921372,0.02192466,0.02036699,0.0190351,0.01808148,0.01769233,0.0179182,0.01848883,0
206183_0005,5,0,5,-0.00338535,-0.01435381,-0.004037724,-0.01180113,-0.002774028,0.004380816,-0.007506824,0.02244886,0.02078611,0.01938998,0.01841345,0.01804285,0.01830552,0.01891924,0
206183_0006,6,0,6,0.003018762,0.02581502,-0.0168882,0.02900517,0.02323641,-0.003948028,0.04104175,0.02278049,0.02100595,0.01946489,0.01829903,0.0176763,0.01772733,0.01815013,0
206183_0007,7,0,7,0.003403706,-0.02931873,0.009029747,-0.02868508,0.008155697,0.03103678,0.04189276,0.02230492,0.0205632,0.01906822,0.01795737,0.01739426,0.01748287,0.01792939,0
206183_0008,8,0,8,0.02010736,0.01914225,0.008315692,-0.006280699,0.02226412,-0.0224908,-0.01352614,0.0212992,0.01986586,0.01867176,0.01787313,0.01766316,0.01802296,0.01870435,0
206183_0009,9,0,9,-0.003592893,-0.008744609,0.008886656,-0.00378169,-0.0008215627,-0.04576082,-0.009928174,0.02075967,0.01940364,0.01823998,0.01741999,0.0171308,0.01740102,0.0179898,0
206183_0010,10,0,10,0.02930401,0.008439817,0.004217973,-0.02629158,0.01786606,0.03023055,0.02824044,0.02056801,0.01914845,0.01799866,0.01726203,0.01711503,0.01750376,0.01819077,0
206183_0011,11,0,11,-0.01805494,-0.05240844,0.02023838,0.01211469,-0.02413939,0.01560737,-0.001392886,0.01978084,0.01859125,0.01762571,0.01703739,0.0170181,0.01748729,0.01823728,0
206183_0012,12,0,12,-0.02059355,-0.04667367,-0.01159811,0.02633898,0.02601349,0.008015503,-0.01270999,0.02102754,0.01964381,0.01847394,0.01767309,0.01743345,0.01775715,0.01840081,0
206183_0013,13,0,13,-0.00592899,0.01268442,-0.006991451,0.01606378,-0.002374187,-0.007643933,-0.03044821,0.02092274,0.01951451,0.01830836,0.01745309,0.01713181,0.01738048,0.01795152,0
206183_0014,14,0,14,0.02806119,-0.02101774,0.0008012266,0.003219064,-0.00724867,-0.01566496,0.001360857,0.02152697,0.01998339,0.01862943,0.01760694,0.01708661,0.01718033,0.0176185,0
206183_0015,15,0,15,0.01308332,0.001118867,-0.03732115,-0.004954808,0.04085013,0.03014672,-0.002785473,0.02383477,0.02199525,0.02038706,0.0191654,0.01851504,0.01857756,0.01903629,0
206183_0016,16,0,16,0.01342821,0.006763463,0.02611434,0.001814137,-0.005562357,-0.0006333212,-0.01342445,0.02178305,0.02023949,0.01888727,0.01787397,0.01737823,0.01750265,0.0179762,0
206183_0017,17,0,17,0.0155739,0.02353649,-0.02197201,-0.03136421,-0.01890364,-0.02009518,-0.01900303,0.02002514,0.01880523,0.01781257,0.01720197,0.01716709,0.01763164,0.01838277,0
206183_0018,18,0,18,-0.02136997,0.03954264,0.002299183,0.01444349,0.0214089,0.01159054,0.0092741,0.02245594,0.02081097,0.01936501,0.01826687,0.01769503,0.01777607,0.01822302,0
206183_0019,19,0,19,0.02450233,0.01011776,0.02421432,-0.004925984,0.01991251,-0.02407577,0.04333474,0.02126489,0.01973488,0.01841802,0.01745517,0.01701695,0.0171763,0.01766907,0
206183_0020,20,0,20,0.01109227,-0.006290619,0.00534495,0.01345698,0.009832079,-0.01030535,0.001476401,0.02120759,0.01984243,0.01863701,0.01774696,0.01736468,0.01756591,0.01810268,0
206183_0021,21,0,21,-0.01819534,0.03393801,0.00193471,0.006576881,-0.006151389,-0.002335106,0.04121617,0.0215502,0.02006342,0.01875771,0.01778225,0.0173186,0.01746223,0.01794968,0
206183_0022,22,0,22,0.02760489,0.005502667,-0.0259665,0.0223046,-0.01148397,-0.004428398,1.388219e-05,0.02311361,0.02134713,0.01979345,0.01860007,0.01794172,0.01797014,0.01838062,0
206183_0023,23,0,23,-0.01766066,-0.00152931,0.01810083,-0.003768044,-0.01655894,0.0006467938,-0.02239868,0.02058801,0.01922528,0.01807166,0.01727541,0.01701966,0.01731402,0.01791978,0
206183_0024,24,0,24,0.01865872,0.004004072,0.004544263,0.001218282,-0.01020804,0.0129302,0.005077839,0.0200374,0.01871293,0.01758331,0.016789,0.01650294,0.01675122,0.01730155,0
206183_0025,25,0,25,-0.0143868,0.01378637,-0.001656285,-0.002169677,0.01799857,0.04912439,-0.001609206,0.01947794,0.018288,0.0173254,0.01673705,0.01670631,0.01715512,0.01787792,0
206183_0026,26,0,26,-0.01531092,0.01476424,-0.01261759,0.001467182,0.01653168,0.013537,0.01462212,0.02250514,0.02082937,0.01930809,0.01807924,0.01730229,0.01719407,0.01746143,0
206183_0027,27,0,27,0.004959104,-0.05614265,-0.002335098,0.02635157,0.01745629,-0.01857518,-0.002523448,0.0212327,0.01978914,0.01856801,0.01772178,0.0174383,0.01773171,0.01835049,0
206183_0028,28,0,28,0.004398943,0.0120927,0.04319264,0.06200734,0.007391834,-0.01420396,-0.02764284,0.02158976,0.02006678,0.01873077,0.01772748,0.01723327,0.01735193,0.01781579,0
206183_0029,29,0,29,0.01491444,-0.0103164,0.003139552,-0.005724278,0.009154752,-0.03045846,-0.01554761,0.02071545,0.01917781,0.01791235,0.01705104,0.01675431,0.01702072,0.01759564,0
206183_0030,30,0,30,0.0009546165,-0.004878059,-0.02645688,0.01932953,0.0164624,-0.004102596,0.008645571,0.01923463,0.01812083,0.01720411,0.01663431,0.01659992,0.01703681,0.01774666,0
206183_0031,31,0,31,0.04524647,0.005217791,0.01385314,-0.03013736,0.02817557,0.006886614,0.01217165,0.02049495,0.01919326,0.01806833,0.01727137,0.01699018,0.01725707,0.01783809,0
206183_0032,32,0,32,0.004674683,0.012813,-0.02518039,0.02568411,0.03685066,0.0167381,-0.003984214,0.02222369,0.02064235,0.01931025,0.018385,0.01805985,0.01835301,0.01899224,0
206183_0033,33,0,33,-0.02313738,0.004113856,-0.02158149,0.01313852,0.01018006,0.005670456,0.000267889,0.0229772,0.02129788,0.01981546,0.0186848,0.01809186,0.01817181,0.01863009,0
206183_0034,34,0,34,-0.0078972,-0.02742199,0.02589649,0.04987375,0.01952695,0.01937072,0.004459531,0.02179784,0.02041005,0.01925826,0.01851449,0.01839372,0.01884714,0.0196298,0
206183_0035,35,0,35,0.0167171,0.02220228,0.02187203,0.01045667,-0.01178552,-0.02346996,0.02048669,0.02217025,0.02049084,0.01905668,0.0180108,0.01752539,0.01767732,0.01818129,0
206183_0036,36,0,36,-0.01254276,0.02193042,-0.01483464,-0.002303169,0.001629508,0.006489764,-0.01729059,0.0218897,0.0204232,0.01922598,0.0184638,0.01834226,0.01879893,0.01958245,0
206183_0037,37,0,37,0.02726064,-0.02674974,0.01146645,0.02508011,0.008335568,-0.005823206,-0.02799925,0.02104328,0.01957179,0.01830016,0.01737111,0.01695832,0.01713115,0.01763285,0
206183_0038,38,0,38,-0.001663503,-0.01250334,-0.003216794,-0.005928571,0.03820954,0.009706408,0.02393356,0.01984078,0.01851445,0.01739763,0.01662749,0.01637279,0.0166423,0.01720643,0
206183_0039,39,0,39,-0.01623264,0.04438411,0.006951987,0.01892276,-0.01305483,-0.002061176,-0.005623707,0.02251401,0.02086316,0.01943887,0.01839372,0.01791244,0.01807818,0.01860529,0
206183_0040,40,0,40,-0.02418514,0.0006496295,0.04464466,0.01134753,-0.02953641,-0.001338806,-0.0135809,0.02260358,0.0210563,0.01973326,0.01880254,0.01847155,0.01877116,0.01942846,0
206183_0041,41,0,41,-0.01859372,0.01048912,0.01828535,0.03493614,-0.02175136,0.02322028,0.02419749,0.02046002,0.0191617,0.01809,0.01739949,0.01728268,0.01769263,0.01840279,0
206183_0042,42,0,42,0.0106642,0.01751139,0.03446201,0.004805811,0.0153516,0.02164535,0.03914186,0.0227049,0.02091204,0.01936181,0.01819266,0.01756834,0.01761633,0.01803369,0
206183_0043,43,0,43,0.005414654,-0.00264695,-0.02524293,-0.03115461,-0.008226432,0.003313294,0.01176187,0.02176686,0.02021752,0.01886341,0.01785146,0.01735945,0.01748704,0.01796289,0
206183_0044,44,0,44,0.01402039,0.03069177,0.004297698,0.006434532,-0.01345795,-0.003117304,-0.01942834,0.02194581,0.02039547,0.01907675,0.01814405,0.01778644,0.01804084,0.01863854,0
206183_0045,45,0,45,-0.001555414,0.02849089,0.01891417,0.004917102,-0.02627018,-0.007196661,-0.0198284,0.02031432,0.01902013,0.01790809,0.0171272,0.01686234,0.01713764,0.01772177,0
206183_0046,46,0,46,0.02361659,-0.007338159,-0.002605768,-0.02220114,0.002518823,0.001072393,0.01352687,0.02265296,0.02099781,0.01956698,0.01851519,0.01802994,0.01819675,0.0187284,0
206183_0047,47,0,47,0.008019418,-0.02466641,0.02757768,-0.01044566,0.01286171,-0.0009115865,-0.004990628,0.02013435,0.01884317,0.01772569,0.01692668,0.01662517,0.01686173,0.01740551,0
206183_0048,48,0,48,0.04239521,0.0003485401,0.01141989,0.01395167,0.001735739,0.02650996,-0.02348543,0.02124224,0.01981354,0.01863712,0.01786914,0.01770283,0.01809842,0.01881065,0
206183_0049,49,0,49,0.002497271,0.003927696,0.01207311,-0.01540153,-0.01389513,0.01304433,0.01120675,0.02206441,0.02048513,0.01912582,0.01813848,0.01770814,0.01790243,0.01844683,0
206183_0050,50,0,50,0.02757464,-0.04528292,-0.01309206,0.01147819,0.02266472,-0.002162096,0.02405266,0.02278533,0.0211084,0.01962483,0.01848518,0.0178693,0.01792181,0.01834941,0
206183_0051,51,0,51,0.006977144,0.009474262,-0.01275959,-0.009363844,-0.00608758,-0.01075865,-0.009255817,0.02184806,0.02028692,0.01893239,0.0179329,0.01746843,0.01762419,0.01812794,0
206183_0052,52,0,52,0.005553366,0.007574736,-0.03202737,0.01265152,0.00506407,-0.0004269847,0.01989595,0.02246552,0.02082902,0.01940315,0.01833963,0.01782163,0.01795189,0.01844537,0
206183_0053,53,0,53,0.002293352,0.005731074,0.01273229,0.004063561,0.02220886,0.03517843,0.01064286,0.02201803,0.02036241,0.01896825,0.01797982,0.01757189,0.01778712,0.01834607,0
206183_0054,54,0,54,0.01235385,-0.01107261,-0.02872568,0.004702246,0.009658595,-0.03511993,0.02234177,0.0213602,0.01992906,0.01869338,0.01780753,0.01746163,0.01770338,0.01827894,0
206183_0055,55,0,55,0.005646852,0.02846701,0.01253239,0.02685238,0.01284035,0.03624812,0.0271078,0.02240178,0.02069451,0.01920052,0.01806037,0.0174407,0.01747911,0.01788257,0
206183_0056,56,0,56,-0.006910922,-0.01075391,-0.01510599,-0.02215869,-0.0174596,-0.01362731,0.0270705,0.0218895,0.02030662,0.01890829,0.01783789,0.01726709,0.01732784,0.01774317,0
206183_0057,57,0,57,0.002193558,0.006151997,-0.01746247,0.02316547,0.005358297,0.003300675,0.002516869,0.02220559,0.02057784,0.01922361,0.01829559,0.0179803,0.01828252,0.01892711,0
206183_0058,58,0,58,-0.01125097,-0.0004987121,0.0105882,0.01464943,0.01379038,-0.01784381,0.02206497,0.02263711,0.0209137,0.01945277,0.01840298,0.0179439,0.01813616,0.01868791,0
206183_0059,59,0,59,0.04406571,-0.02259146,0.01072219,0.001903189,0.01113499,-0.003583223,0.02366272,0.02249473,0.02085645,0.01941472,0.01831977,0.01775212,0.01783791,0.01829055,0
206183_0060,0,1,60,0.02265835,0.01461236,-0.009800251,-0.01940647,0.005147524,0.01942132,-0.002706246,0.02031993,0.0189429,0.01775367,0.01689104,0.01652469,0.01671224,0.01721209,0
206183_0061,1,1,61,0.0002140695,-0.006023744,0.03573238,-0.006790253,-0.01381101,0.0007627992,-0.03406551,0.02396565,0.02199351,0.02026769,0.01892868,0.01813918,0.01808401,0.01843111,0
206183_0062,2,1,62,-0.0004412218,0.003880677,0.009484041,0.002082064,-0.01702898,0.006624554,-0.004454547,0.02004454,0.01875373,0.0176685,0.01693455,0.01673253,0.01705426,0.01767336,0
206183_0063,3,1,63,-0.06663321,-0.04841084,0.008041177,-0.01037522,-0.006325892,0.01617492,-0.008612456,0.02092916,0.01952584,0.01830536,0.01741532,0.01703682,0.01723417,0.01775835,0
206183_0064,4,1,64,-0.004079331,-0.006185879,0.03528691,0.02404146,0.0005691643,0.01539212,-0.0172479,0.02109969,0.0197075,0.01853579,0.01774061,0.01751534,0.01785425,0.01851331,0
206183_0065,5,1,65,0.000484713,-0.01176511,0.01090147,-0.01388556,-0.01710811,-0.01538777,0.01951319,0.02313117,0.0214645,0.02000479,0.01891337,0.01838582,0.01853008,0.01905301,0
206183_0066,6,1,66,-0.01455306,0.004098366,-0.01480158,-0.02004129,-0.03335539,0.01496238,-0.01802606,0.02245897,0.02082612,0.01936095,0.01820927,0.01754388,0.01753727,0.0179019,0
206183_0067,7,1,67,0.01409181,0.007873291,0.0009925462,-0.001708818,0.01999719,-0.03308972,0.0256404,0.02324262,0.02146992,0.01994911,0.01883431,0.01831114,0.01846747,0.01900037,0
206183_0068,8,1,68,0.02313691,-0.008539381,-0.007779879,0.0009338335,0.03122944,0.01167602,-0.002541442,0.02238747,0.02076082,0.01936173,0.01834347,0.01789218,0.0180799,0.01862493,0
206183_0069,9,1,69,0.02648715,-0.0001554678,0.03978198,-0.01689366,0.01802795,-0.003831316,0.01267422,0.02179151,0.02024734,0.01890127,0.01790181,0.01742916,0.01757494,0.01806858,0
206183_0070,10,1,70,0.01138754,-0.03275244,0.006929824,0.009429608,-0.01952622,0.0248127,-0.007019016,0.02266441,0.02099573,0.01954509,0.0184649,0.01793894,0.01806977,0.0185678,0
206183_0071,11,1,71,0.02232295,0.02704428,0.02343671,0.007647018,0.009766827,0.01315557,-0.01735598,0.02287828,0.02115899,0.01967835,0.01858863,0.01807338,0.01822296,0.01874207,0
206183_0072,12,1,72,0.008356138,-0.01327641,-0.009543919,-0.01547742,0.008192114,0.00686515,-0.00883085,0.02090116,0.01938305,0.01808712,0.01714889,0.0167323,0.01689881,0.01738889,0
206183_0073,13,1,73,0.02524318,0.02713058,-0.01197293,-0.01496145,3.211309e-05,0.03133002,-0.009979555,0.02104747,0.01968709,0.01852559,0.01772029,0.01746657,0.01777789,0.018412,0
206183_0074,14,1,74,0.02684821,0.01443288,0.01643117,-0.003918939,-0.003098011,0.01074304,0.01712608,0.02185611,0.0202741,0.01892761,0.01796528,0.017568,0.01778516,0.01834483,0
206183_0075,15,1,75,0.001023677,-0.02014152,-0.0199076,0.03493061,0.0004956596,-0.02071048,0.004985945,0.0217376,0.02020753,0.01887521,0.01788992,0.01743312,0.01759095,0.01809491,0
206183_0076,16,1,76,0.03196766,-0.003730625,0.004039439,0.01309278,0.01894887,0.01089103,-0.01454269,0.02106533,0.01971358,0.01854044,0.01770267,0.01739485,0.01765826,0.01824932,0
206183_0077,17,1,77,0.01226438,0.01650629,0.0002256421,-0.01149511,-0.001904165,-0.03975411,-0.02603308,0.0214078,0.01994229,0.01870038,0.01783549,0.01753647,0.01782257,0.01843846,0
206183_0078,18,1,78,-0.001114426,0.001313089,-0.02825333,0.001770995,-0.001190242,0.00714131,0.02346939,0.02081412,0.0193252,0.01807492,0.01720207,0.01687591,0.01711896,0.01767801,0
206183_0079,19,1,79,0.001878191,-0.01279654,0.027762,0.04901409,0.02760118,-0.0130912,-0.01391243,0.0219784,0.02040583,0.01905551,0.01807874,0.01765978,0.01786125,0.01841024,0
206183_0080,20,1,80,-0.001917654,0.02425698,0.001503631,0.02564174,0.01433687,0.02018355,0.03489008,0.02161208,0.02009422,0.0188282,0.01796693,0.01769823,0.01801898,0.01866938,0
206183_0081,21,1,81,0.004253055,0.02423925,0.001693302,-0.003057549,-0.01072166,-0.02811826,0.002604985,0.02217781,0.02052977,0.01905933,0.01790555,0.01723207,0.01720996,0.01755232,0
206183_0082,22,1,82,0.008111469,0.03497256,0.02344619,8.590036e-05,0.02630615,0.02157609,-0.009887734,0.02376461,0.02199918,0.02039549,0.01910696,0.01831304,0.01823433,0.01855933,0
206183_0083,23,1,83,-0.01574392,-0.03096754,0.01093639,0.006081634,0.03109992,-0.0204926,0.03090842,0.02200659,0.02045693,0.01911751,0.01814209,0.01771828,0.01791545,0.01846221,0
206183_0084,24,1,84,-0.01898661,-0.001605619,0.02395163,0.006917058,-0.004385749,0.02277199,0.0151477,0.02280722,0.02106388,0.01954669,0.01840156,0.01780235,0.0178743,0.01831846,0
206183_0085,25,1,85,-0.008057211,-0.01757848,-0.02229481,0.04063018,0.02520499,0.003494556,0.009143701,0.02004991,0.018759,0.01767282,0.0169371,0.01673254,0.01705224,0.01766965,0
206183_0086,26,1,86,0.001774859,0.04634466,-0.01542568,0.0218963,0.009475338,-0.006198481,0.0339694,0.02048307,0.01916456,0.0180273,0.01722055,0.01692916,0.01718713,0.01775884,0
206183_0087,27,1,87,-0.02230317,-0.003811906,0.008313811,-0.01046108,0.006305779,-0.00140807,0.01004759,0.02023787,0.01899415,0.01795071,0.0172627,0.01712425,0.01750709,0.01818959,0
206183_0088,28,1,88,0.001649533,-0.01470851,0.006636791,-0.02187149,0.01386303,0.00274362,0.01672926,0.02479872,0.02276683,0.02095459,0.01950795,0.01859317,0.01844995,0.01873248,0
206183_0089,29,1,89,-0.02747883,-0.006296909,-0.0112152,0.005650032,0.0105235,0.001900286,0.004009916,0.02093483,0.01959363,0.01845768,0.01768487,0.01747173,0.01781463,0.01847534,0
206183_0090,30,1,90,-0.003474498,-0.008122659,0.02955959,0.00235334,-0.004478393,0.04673842,-0.002349536,0.02066946,0.01942404,0.01842529,0.01783874,0.01787205,0.01841714,0.01925744,0
206183_0091,31,1,91,0.03106249,0.006076482,-0.005815941,0.03829434,-0.003579355,0.01446822,-0.007741966,0.02049289,0.01918743,0.01810688,0.01740555,0.01727555,0.01767532,0.01837687,0
206183_0092,32,1,92,0.03973699,-0.01829044,0.04718798,0.01473996,-0.0114682,-0.004784239,-0.01240693,0.0222479,0.02064562,0.01921221,0.01809358,0.01746355,0.01748161,0.01786519,0
206183_0093,33,1,93,-0.002444849,0.03034792,-0.02432254,-0.0188146,0.03114915,-0.00743176,-0.005543124,0.02273715,0.02102568,0.0194809,0.01824272,0.01747339,0.01738225,0.017671,0
206183_0094,34,1,94,-0.003667343,-0.01163354,0.004577191,-0.006938928,-0.00632395,0.02925022,-0.009582984,0.02321891,0.02158115,0.02015999,0.01912374,0.01867844,0.01889895,0.01949613,0
206183_0095,35,1,95,-0.01696225,0.02939066,-0.0007614134,-0.01317473,-0.01647862,-0.02222644,-0.02221112,0.02352525,0.0217485,0.02014019,0.01884804,0.01804357,0.01794811,0.01825078,0
206183_0096,36,1,96,-0.01248098,-0.01165993,0.0143742,-0.01847024,0.01569775,-0.0009810127,0.01594471,0.02175195,0.02021075,0.01885308,0.01782514,0.01730339,0.01740285,0.01785234,0
206183_0097,37,1,97,-0.01517534,-0.005723604,0.04371345,-0.01545561,0.01734906,-0.003837621,-0.01681142,0.02252913,0.02082356,0.0193757,0.01833391,0.01787747,0.01806797,0.01861596,0
206183_0098,38,1,98,0.001930796,-0.01669537,-0.009710604,0.004829007,-0.01634595,-0.005328235,0.0139229,0.0210986,0.01966858,0.01845889,0.01762075,0.01734049,0.01763195,0.0182459,0
206183_0099,39,1,99,0.01836088,0.01789621,-0.0108193,0.01069471,-0.006875189,0.01194996,0.02825659,0.02295854,0.02120362,0.01967124,0.01850847,0.01789035,0.01795035,0.01838686,0
206183_0100,40,1,100,-0.03250018,0.01299353,-0.00491582,-0.004736763,-0.04773474,0.01620879,-0.01979527,0.02068485,0.01941952,0.01836364,0.01767952,0.01757072,0.01799483,0.01872618,0
206183_0101,41,1,101,0.01870547,0.02484897,0.004800537,-0.01599195,-0.007449625,0.001183133,-0.01555476,0.0220284,0.02045432,0.01906685,0.01801392,0.01747377,0.01756677,0.01801627,0
206183_0102,42,1,102,0.007098929,-0.002095428,0.008839229,0.03607106,-0.00895338,-0.001423352,0.01085001,0.02075796,0.01943081,0.01825205,0.01737147,0.01697384,0.01714489,0.01764309,0
206183_0103,43,1,103,0.01084285,0.0002691854,-0.004274765,-0.03883704,0.008746871,0.009198388,0.03316176,0.0221037,0.02046655,0.01906456,0.01804419,0.01758252,0.01775208,0.01827228,0
206183_0104,44,1,104,-0.0418049,0.02889144,0.04334708,0.01475053,0.03096911,-0.02102786,-0.006586307,0.02232571,0.02072104,0.0193223,0.01828205,0.01778507,0.01792855,0.01843185,0
206183_0105,45,1,105,0.04456593,0.0339319,-0.0314098,-0.008494194,-0.004193447,-0.006289022,-0.03961832,0.0214152,0.01992518,0.01862314,0.0176558,0.01720157,0.01734961,0.01783749,0
206183_0106,46,1,106,0.007124139,-0.02336664,0.02776887,0.03086103,0.008325931,0.03763513,0.0003976351,0.01999469,0.01873374,0.017688,0.01700635,0.01687411,0.01725436,0.01792656,0
206183_0107,47,1,107,-0.02371707,-0.03732246,0.002483815,0.003830178,0.003125955,0.01207661,-0.007884353,0.02207338,0.02040239,0.01895946,0.01788496,0.01734684,0.0174477,0.01790218,0
206183_0108,48,1,108,0.009213328,-0.01263525,0.03547775,-0.00522389,0.02831539,0.03172674,0.01699321,0.02184826,0.0202738,0.01893486,0.01798092,0.0175941,0.01782008,0.01838797,0
206183_0109,49,1,109,-0.02561851,0.004017463,0.009446535,-0.009143806,0.01452599,-0.006911715,0.002288219,0.02125626,0.01980871,0.0185817,0.01772755,0.01743379,0.01771903,0.01833082,0
206183_0110,50,1,110,-0.0004958781,0.01502415,0.006733647,-0.0002565774,0.004673307,0.002437751,-0.03051566,0.02042124,0.01910321,0.01794217,0.0170833,0.01670536,0.0168832,0.0173792,0
206183_0111,51,1,111,-0.006459049,0.003125844,-0.003590096,0.010579,0.01287007,0.01359397,0.01055261,0.02068979,0.01931748,0.01811891,0.01723972,0.01685867,0.01704472,0.01755329,0
206183_0112,52,1,112,0.02075361,0.009005699,0.005794031,0.007300287,0.002835939,0.003436207,0.03554132,0.02245587,0.02087619,0.01949842,0.01848083,0.01801639,0.01819255,0.01873063,0
206183_0113,53,1,113,0.02550234,0.003112903,0.02507322,0.01082991,-0.01133789,0.01532465,-0.01854085,0.02087868,0.01944077,0.01817299,0.0172155,0.01673807,0.01684527,0.01728288,0
206183_0114,54,1,114,-0.01289308,0.06893267,-0.03431874,-0.01743556,-0.01031863,0.004216098,-0.02452429,0.02320331,0.02141462,0.01985965,0.01868739,0.01807539,0.01815046,0.01860625,0
206183_0115,55,1,115,-0.01976139,0.02466715,0.007706127,0.009211905,-0.008499916,-0.0177448,-0.04041943,0.02128811,0.01983533,0.01861653,0.01778496,0.01752953,0.01784967,0.0184938,0
206183_0116,56,1,116,-0.03692051,-0.007558483,0.001180833,-0.0003456213,0.01745804,0.0305086,0.003831247,0.0227664,0.02109198,0.01960598,0.01845815,0.01782706,0.01786469,0.01827786,0
206183_0117,57,1,117,-0.00438313,0.01093674,-0.02111682,0.01634034,0.006808287,0.005792037,-0.01770498,0.0201966,0.01892233,0.01789621,0.01727069,0.01723552,0.0177059,0.01846378,0
206183_0118,58,1,118,0.02111814,-0.01789336,0.009751818,-0.03071124,0.03996797,-0.01917332,-0.0178435,0.0206745,0.01924072,0.0180705,0.01730767,0.01712914,0.01749473,0.01816333,0
206183_0119,59,1,119,0.00278846,-0.005668339,-0.03341483,-0.001032842,0.009845147,0.01197176,-0.02824559,0.02263684,0.02102136,0.01963482,0.01863747,0.0182251,0.01845547,0.01904699,0
206183_0120,0,2,120,0.001213081,-0.01532861,-0.02989213,-0.01373466,0.04019239,0.01607933,-0.02717936,0.02157219,0.02015054,0.01893753,0.01809442,0.01782117,0.01813428,0.01878153,0
206183_0121,1,2,121,-0.003339205,0.01184875,-0.01841373,-0.02376789,0.01952921,0.04253223,-0.02890655,0.02133357,0.01985082,0.0186092,0.01775957,0.01748731,0.01779487,0.01842732,0
206183_0122,2,2,122,-0.02034438,-0.0008928694,0.01576191,0.00249451,0.001937514,-0.005905529,-0.00188759,0.02218286,0.02058108,0.01915636,0.01805459,0.01745005,0.01748982,0.01789231,0
206183_0123,3,2,123,0.0335934,0.03285964,-0.0323677,-0.008030527,-0.002073598,0.002207822,0.03088779,0.02055065,0.01922865,0.01809185,0.01729089,0.01701246,0.01728431,0.01787046,0
206183_0124,4,2,124,-0.03446646,-0.01484669,-0.008425619,0.002542351,0.01445391,0.04325661,0.01754345,0.01995215,0.01871906,0.01768574,0.01700272,0.01685794,0.01722541,0.01788647,0
206183_0125,5,2,125,0.002061092,0.0265552,0.01598823,0.02187405,-0.01162072,0.003739039,0.01946622,0.02320676,0.02138041,0.01978988,0.01857905,0.01791783,0.01794965,0.01836377,0
206183_0126,6,2,126,-0.007718289,-0.04237551,0.02788248,0.005968019,-0.002725502,0.000334408,0.0191661,0.0226231,0.02100983,0.01960281,0.01855981,0.01807258,0.01823488,0.0187632,0
206183_0127,7,2,127,-0.01574429,0.01198288,0.02295949,0.009490686,-0.02515419,-0.005867599,0.01268512,0.02089549,0.01954126,0.0184082,0.01765286,0.01746979,0.01783795,0.01851977,0
206183_0128,8,2,128,0.007883366,-0.02001368,-0.003734098,-0.01957089,-0.04325042,-0.00350077,0.005659396,0.02170624,0.02021077,0.0188723,0.01783856,0.01728791,0.0173567,0.01777771,0
206183_0129,9,2,129,0.02562462,-0.02441246,-0.01943034,-0.006261425,-0.002417025,0.02342755,0.009156144,0.02193764,0.02037214,0.01900725,0.01799198,0.01750686,0.01764693,0.0181383,0
206183_0130,10,2,130,-0.0008775251,0.021897,-0.0163256,0.01206705,0.008364254,0.02150515,0.01277207,0.02129205,0.01979238,0.01845417,0.01741639,0.01684523,0.01688212,0.01726222,0
206183_0131,11,2,131,0.02237529,-0.0178244,0.006327568,0.005984275,0.0312584,0.02247462,0.0007084242,0.02178648,0.02022831,0.01893036,0.01804457,0.01775711,0.01806815,0.01871255,0
206183_0132,12,2,132,0.01285538,-0.01272777,0.01585133,-0.005095708,0.01212313,0.01110197,0.01901123,0.02249294,0.0207839,0.01933955,0.01830752,0.01786635,0.01806935,0.01862766,0
206183_0133,13,2,133,-0.03380601,-0.03346811,0.01479012,0.03551964,-0.006878962,0.01956062,0.0259858,0.02320754,0.02133842,0.01971967,0.01849069,0.0178154,0.0178364,0.01823895,0
206183_0134,14,2,134,0.02804058,-0.02896881,-0.01236044,0.02459305,0.0188081,0.0486911,0.002673804,0.02106142,0.01964891,0.01845139,0.01762113,0.01734606,0.01764041,0.01825682,0
206183_0135,15,2,135,-0.01317854,-0.02066211,0.01242354,-0.003594804,-0.01166486,0.007044946,-0.01209507,0.02089146,0.01950322,0.01835384,0.01759653,0.01742095,0.01779603,0.01848206,0
206183_0136,16,2,136,0.05287512,0.03383656,-0.01328694,-0.004923631,-0.01168612,-0.04485433,-0.01711095,0.02223846,0.0205872,0.01914348,0.01805162,0.01748426,0.01756281,0.01800154,0
206183_0137,17,2,137,-0.002852956,-0.01053652,0.03576488,-0.01554775,0.004205888,0.006428502,0.01581721,0.02025603,0.01887672,0.01774014,0.01698731,0.01679183,0.0171279,0.0177611,0
206183_0138,18,2,138,-0.02290123,0.02104717,0.03141442,-0.02517982,0.01285484,0.03917213,-0.04227177,0.02266666,0.02097082,0.01953115,0.01850017,0.01806281,0.01827451,0.01884612,0
206183_0139,19,2,139,-0.04248908,-0.003117321,-0.01326885,-0.01156229,0.006563827,-0.05929313,-0.007996151,0.02175966,0.02021887,0.01889248,0.01793064,0.01751632,0.01771368,0.01825435,0
206183_0140,20,2,140,0.003137014,-0.04085738,0.008225078,-0.02136174,0.02096025,0.02415143,0.01862613,0.02097242,0.01954434,0.01834515,0.01752425,0.01726565,0.01757189,0.01819585,0
206183_0141,21,2,141,0.04475034,0.04393233,-0.01817391,0.002442675,-0.005868995,-0.01362518,-0.01867535,0.02266811,0.02096436,0.01945943,0.0182982,0.01765242,0.01767494,0.0180704,0
206183_0142,22,2,142,0.005308261,-0.005871332,-0.002238917,-0.02853959,0.005943496,0.008700022,0.02350616,0.02177872,0.02010521,0.01866497,0.01759212,0.0170464,0.01713096,0.01756242,0
206183_0143,23,2,143,0.004261288,-0.01624859,0.01294942,0.00100257,-0.005174424,-0.01938478,0.001607071,0.02013594,0.01883233,0.0177212,0.01694756,0.01669082,0.01696774,0.01754797,0
206183_0144,24,2,144,-0.005563179,0.01544511,-0.01745392,-0.02725328,-0.001614167,0.009949478,0.01686369,0.02211781,0.0204912,0.01907521,0.01801539,0.01748678,0.01759577,0.01806065,0
206183_0145,25,2,145,0.008534946,-0.004996096,-0.01444281,-0.02137667,-0.026727,-0.003776517,-0.0120849,0.02362354,0.02173269,0.02005435,0.01872864,0.01791697,0.01782536,0.01813141,0
206183_0146,26,2,146,0.008590798,0.01033368,-0.03659932,-0.002465701,-0.04276895,0.01949042,0.01810178,0.02101883,0.01959897,0.01836385,0.01746096,0.01707099,0.01726156,0.01778116,0
206183_0147,27,2,147,-0.004598168,0.02988165,0.01093925,0.01011929,0.01763181,0.007454211,0.03199881,0.02331689,0.02154459,0.01998969,0.01880394,0.01816805,0.018224,0.01866541,0
206183_0148,28,2,148,0.02279369,0.009015228,-0.01428891,0.02442626,0.01344928,0.03972342,-0.01775371,0.02439699,0.02232349,0.02051478,0.01910818,0.01826117,0.01817171,0.01849436,0
206183_0149,29,2,149,0.008436706,0.04114375,-0.01858412,0.001746104,-0.011727,-0.01709799,-0.001788552,0.02012816,0.01884865,0.01773599,0.01693559,0.01662748,0.01685748,0.01739555,0
206183_0150,30,2,150,0.0005838879,-0.004096197,0.03328429,0.005166905,0.007719999,0.01794367,0.01710461,0.02149083,0.02002714,0.01875627,0.01783071,0.01743742,0.01764201,0.01818541,0
206183_0151,31,2,151,0.01262708,0.03475316,-0.002338761,-0.01721559,-0.01507127,-0.03897039,-0.02244115,0.02054856,0.01913194,0.01794345,0.01712495,0.01685046,0.01712833,0.01771525,0
206183_0152,32,2,152,-0.01455319,0.03335419,-0.003063075,0.01695968,-0.0001263594,0.02003976,-0.02408439,0.02244227,0.02077941,0.01931495,0.01819473,0.01759275,0.01764649,0.01806685,0
206183_0153,33,2,153,-0.01248374,0.01699778,-0.03828708,-0.02467975,-0.004471974,-0.019074,0.02191594,0.02202146,0.02041045,0.01900361,0.01794584,0.01741127,0.01751099,0.01796526,0
206183_0154,34,2,154,-0.002464129,-0.02495255,-0.003732672,0.01833784,-0.01591904,0.02752541,0.002545411,0.02201114,0.02042449,0.0191048,0.01820552,0.01791457,0.01823069,0.01888451,0
206183_0155,35,2,155,-0.02806961,-0.02413724,0.006497818,-0.03850154,0.01000972,0.01849015,-0.00441878,0.02146446,0.02000825,0.01878767,0.01795938,0.01771679,0.01805415,0.01871869,0
206183_0156,36,2,156,-0.002271356,0.008556814,-0.02735303,0.01120785,-0.001337328,-0.01155045,-0.003958449,0.0204127,0.01906639,0.01796441,0.01725518,0.01712245,0.01751754,0.01821013,0
206183_0157,37,2,157,0.02060728,0.02093032,0.0437721,0.01037361,0.03930653,0.0111555,0.00233257,0.02351587,0.02174952,0.02016434,0.01891171,0.01816962,0.0181324,0.01849091,0
206183_0158,38,2,158,-0.001737311,-0.002738047,-0.0115337,0.01130445,-0.0007339877,0.002066994,-0.007576777,0.0210991,0.01968249,0.01846444,0.01759603,0.01726326,0.01750773,0.01807935,0
206183_0159,39,2,159,0.02352969,0.01160923,-0.01675503,0.005671718,0.02812006,-0.01317417,-0.01759738,0.02038215,0.01909272,0.01797259,0.0171714,0.01687493,0.01712401,0.01768613,0
206183_0160,40,2,160,0.01494453,0.01107022,-0.00326904,0.02882974,0.03139729,-0.0005686055,0.01530977,0.02159821,0.0200908,0.01877814,0.0178093,0.01736578,0.01753021,0.01803748,0
206183_0161,41,2,161,-0.02602849,-0.001308847,0.008944033,-0.004411614,-0.029317,-0.01050728,0.01478468,0.02317449,0.02135466,0.01978237,0.01860313,0.01798993,0.0180644,0.01851775,0
206183_0162,42,2,162,0.01095085,0.01290053,-0.003631255,0.0183604,-0.03127436,-0.007350296,-0.02054228,0.02268989,0.02093796,0.01936604,0.01810919,0.01732279,0.01721667,0.01748892,0
206183_0163,43,2,163,-0.01995969,0.01751432,0.01448873,0.02535666,0.006851408,0.03261587,-0.02036296,0.02252626,0.02089926,0.01949788,0.01847811,0.0180297,0.01822455,0.01877987,0
206183_0164,44,2,164,-0.008318826,0.01436423,-0.04337003,-0.02819075,-0.01924643,0.01268596,0.05194385,0.02149552,0.02003341,0.01875638,0.01781631,0.01739914,0.01758222,0.01810589,0
206183_0165,45,2,165,-0.02744653,-0.002152737,-0.014289,0.01572267,-0.01524611,0.001431015,0.03003727,0.02183087,0.02027523,0.0189004,0.01785183,0.01730451,0.01738366,0.01781566,0
206183_0166,46,2,166,-0.01335235,0.01454741,-0.008160008,0.01028928,0.02966062,0.008647834,-0.02295861,0.02113441,0.0198267,0.01871753,0.01797254,0.01779934,0.0181832,0.01888855,0
206183_0167,47,2,167,-0.02430586,0.04103117,-0.02088982,-0.01278382,0.01941221,0.03394671,-0.008452052,0.02167108,0.02022499,0.01898147,0.01810014,0.01777822,0.01805208,0.01866496,0
206183_0168,48,2,168,0.01122705,0.01220723,-0.01489071,0.005424239,0.01217446,0.01231173,0.008223757,0.0212605,0.01976153,0.0184789,0.01755789,0.01717572,0.0173841,0.01792325,0
206183_0169,49,2,169,0.03206894,0.0219739,-0.02103235,0.01353829,0.01530044,0.02536483,0.006943821,0.02278138,0.02108274,0.01959362,0.01846363,0.01787174,0.01794741,0.01839593,0
206183_0170,50,2,170,-0.01351121,-0.02174741,0.02241711,0.01721779,0.002108376,0.01703714,0.009555462,0.0232818,0.02145984,0.01989586,0.01873856,0.01816568,0.01828034,0.01877376,0
206183_0171,51,2,171,-0.02417243,-0.0247346,0.01451427,0.004813672,-0.02059969,0.008020103,-0.006802963,0.02169452,0.02011599,0.01874712,0.01773098,0.01724006,0.01736761,0.01784041,0
206183_0172,52,2,172,-4.80524e-05,0.02487417,0.02471683,0.005131053,0.008586879,-0.03046552,0.005343672,0.02056791,0.01917513,0.01800476,0.01720173,0.01694444,0.01723751,0.01783999,0
206183_0173,53,2,173,0.02786716,0.02271316,0.01063392,0.0349367,-0.01902549,0.002223254,0.03757222,0.02201028,0.02048457,0.01914064,0.01813212,0.017646,0.01778563,0.01828,0
206183_0174,54,2,174,0.009433463,-0.03511239,0.01325474,0.01018358,0.01015649,0.02401844,-0.01244321,0.02184364,0.02034595,0.01904868,0.01810804,0.0177157,0.01793391,0.01849793,0
206183_0175,55,2,175,0.008915168,-0.003815972,-0.01686835,0.001093304,-0.02354555,-0.001159911,-0.03439601,0.02202338,0.02046226,0.01912546,0.01816698,0.01777496,0.01800161,0.01857549,0
206183_0176,56,2,176,0.01348522,0.003990516,0.0340606,0.02261102,0.001114236,-0.003411836,-0.01011111,0.02128624,0.0198272,0.01860302,0.01776617,0.01750444,0.01781913,0.01845795,0
206183_0177,57,2,177,0.0001048733,0.01172891,0.01666505,0.006042424,0.02066566,0.003873303,-0.02096694,0.022245,0.02058922,0.0191444,0.01805479,0.01749303,0.01757713,0.01802106,0
206183_0178,58,2,178,-0.0239133,-0.01505513,0.007870405,0.002144638,0.01511766,0.01703825,-0.03471443,0.01900634,0.01781696,0.01681745,0.01614347,0.01596334,0.01626726,0.01684633,0
206183_0179,59,2,179,-0.001921069,0.002040572,-0.02060435,0.03565064,0.008311068,0.003922788,0.03284653,0.02229136,0.02072673,0.01936428,0.01836087,0.01790786,0.01808843,0.01862684,0
206183_0180,0,3,180,-0.007654949,-0.01042366,0.002437332,0.008912938,0.0334726,0.004634453,-0.01548191,0.02232039,0.02071542,0.01932778,0.01831119,0.01785242,0.0180304,0.01856553,0
206183_0181,1,3,181,0.003764823,0.007486896,0.02580463,-0.01609686,0.023929,0.002856081,-0.01520685,0.02011549,0.01879375,0.01768639,0.01693726,0.0167242,0.0170393,0.01765276,0
206183_0182,2,3,182,0.003073083,0.03958648,0.04921066,0.007123882,2.690132e-05,0.005218873,0.0163443,0.02104084,0.01953057,0.01823521,0.01729368,0.01687437,0.01704271,0.01753858,0
206183_0183,3,3,183,-0.01843072,-0.005324949,0.03630238,0.02756148,-0.03230279,-0.006299878,-0.01115433,0.02204401,0.02046865,0.01913218,0.01818841,0.01782536,0.01807892,0.01867737,0
206183_0184,4,3,184,0.004294435,-0.02482168,0.01657923,0.02354551,-0.01988088,0.01658685,0.01280489,0.02314197,0.02145097,0.01997231,0.01886484,0.01832049,0.01845088,0.01896025,0
206183_0185,5,3,185,-0.007026709,0.009463546,0.02468362,-0.005677632,-0.06430467,0.0248415,0.03050164,0.0213712,0.01984355,0.01854801,0.01762977,0.01726587,0.01749508,0.01805502,0
206183_0186,6,3,186,-0.02585404,0.02155623,-0.02697468,0.01731994,-0.007717663,-0.0006905976,0.022123,0.02199482,0.02041359,0.01903827,0.01801753,0.01753138,0.01767304,0.0181668,0
206183_0187,7,3,187,-0.01778196,-0.01990071,-0.03711748,0.001759756,-0.01151232,0.01086821,-0.004233206,0.02267689,0.02104283,0.01962388,0.01857714,0.01809341,0.0182615,0.01879581,0
206183_0188,8,3,188,0.02807552,-0.0209648,0.003562562,0.000406324,0.01436572,-0.008478661,0.018549,0.02289246,0.02124342,0.01980121,0.01872446,0.01820546,0.01834907,0.01886575,0
206183_0189,9,3,189,0.00379963,0.03749748,-0.003923886,0.0187636,0.02904386,-0.008998797,-0.01974704,0.02102929,0.01957101,0.01833147,0.01745664,0.01712533,0.01737013,0.01793821,0
206183_0190,10,3,190,-0.01471947,0.03101577,0.0128507,0.007653462,-0.0105857,-0.02623594,0.001842844,0.0226043,0.02101693,0.01959029,0.0184788,0.01786809,0.01791453,0.01833453,0
206183_0191,11,3,191,-0.02930925,-0.0167762,0.02837572,-0.006213674,0.007131604,0.005559316,-0.04672294,0.02177756,0.02023512,0.01895,0.01807582,0.01780109,0.01812262,0.01877709,0
206183_0192,12,3,192,-0.008627471,-0.02154679,0.0164502,-0.01024074,-0.03093326,0.01024989,0.01585212,0.01929006,0.01815981,0.01724455,0.01669391,0.01669568,0.01716545,0.01790524,0
206183_0193,13,3,193,-0.007697684,-0.0269673,0.02065469,0.006433989,0.0002413053,0.01656306,-0.00456528,0.02131391,0.01981109,0.0185718,0.01774504,0.01751373,0.01785659,0.01851928,0
206183_0194,14,3,194,0.007950421,-0.03134943,0.006737714,-0.002853594,-0.008569747,0.004066653,-0.0138866,0.02099737,0.01956531,0.01832698,0.01742876,0.0170499,0.01725027,0.01777784,0
206183_0195,15,3,195,-0.02322075,0.02493676,0.01690641,0.0340287,0.03754312,-0.01669146,0.003476803,0.0223324,0.02073674,0.01934412,0.01830812,0.01781501,0.01796184,0.01846877,0
206183_0196,16,3,196,-0.01311266,0.00279351,0.0065284,0.006647862,-0.01026658,-0.03198501,0.02293181,0.02127143,0.01984091,0.01860972,0.01773083,0.01739258,0.01763825,0.01821503,0
206183_0197,17,3,197,-0.001896526,-0.002334129,-0.0008361329,0.001787866,0.01147727,0.02804224,-0.006735452,0.02196313,0.02037494,0.01901472,0.01803189,0.01760808,0.01780525,0.01834919,0
206183_0198,18,3,198,0.003593048,0.0005068152,0.00634912,-0.0350451,-0.03240476,0.00600585,0.00593498,0.02165105,0.0201548,0.01885013,0.01788837,0.01745424,0.01762842,0.01814658,0
206183_0199,19,3,199,0.007653531,0.00920518,0.01864776,0.03264157,0.02463679,-0.03044429,0.01508861,0.02114439,0.0197071,0.01845842,0.01754658,0.01715309,0.01734526,0.01786897,0
206183_0200,20,3,200,0.02478272,-0.03154645,-0.02525475,0.0225097,-0.003531884,0.03028148,0.00899364,0.02120667,0.01979193,0.01855898,0.01765961,0.01728044,0.01748664,0.01802594,0
206183_0201,21,3,201,-0.02137208,-0.0004886015,0.01260802,-0.008873749,-0.002747607,-0.003743911,0.008404449,0.02181867,0.02026797,0.01896914,0.01807532,0.01777418,0.01807419,0.01870989,0
206183_0202,22,3,202,-0.04367118,0.01135815,0.03506533,0.002099854,0.00172555,0.01695478,0.009736268,0.02110306,0.01965628,0.01845379,0.01764628,0.01741937,0.01775805,0.01841404,0
206183_0203,23,3,203,-0.002801163,0.001739045,-0.01189852,0.005775235,-0.01743586,-0.002011364,0.007085288,0.0214577,0.01999868,0.01873302,0.01781318,0.01742621,0.01763525,0.01818206,0
206183_0204,24,3,204,-0.03121232,0.002875014,-0.00353363,-0.01619634,-0.001631276,-0.01030422,-0.001560836,0.02029404,0.01901181,0.01798657,0.01737192,0.01735903,0.01785167,0.01863165,0
206183_0205,25,3,205,-0.02716255,0.013273,-0.01180934,0.01711122,-0.01487913,0.02527235,0.006502865,0.02193029,0.02031831,0.01892329,0.01788954,0.01739095,0.01752059,0.01800025,0
206183_0206,26,3,206,0.02655913,0.009253257,-0.01974726,-0.01463805,-0.002079438,0.0188943,-0.005003022,0.0217191,0.02022567,0.01888637,0.01784903,0.01729208,0.01735529,0.0177714,0
206183_0207,27,3,207,-0.01961828,-0.02519519,-0.02370735,-0.0125227,-0.001083753,-0.01549799,0.009311191,0.02259569,0.02100768,0.01962366,0.01860401,0.01814445,0.0183299,0.01887999,0
206183_0208,28,3,208,0.01416961,0.02005066,-0.01285999,-0.0006328966,0.01491132,-0.008184328,-0.02352543,0.02097745,0.01959447,0.01839095,0.01751782,0.01716108,0.01737883,0.01792402,0
206183_0209,29,3,209,-0.003344657,-0.002049735,0.02529409,-0.01863477,0.008121267,-0.005719925,0.01955763,0.02248554,0.02088713,0.01948526,0.01843557,0.01792688,0.01806452,0.01856683,0
206183_0210,30,3,210,-0.04436378,0.008746667,0.03177595,0.004638158,0.01526993,-0.008299127,-0.005304485,0.02140467,0.01997534,0.01874635,0.01787372,0.01754998,0.01781295,0.01840931,0
206183_0211,31,3,211,-0.01811589,0.005810214,0.001540883,-0.05281283,0.01700732,0.009153986,-0.01966797,0.02332166,0.02151181,0.01996102,0.01882067,0.01827236,0.01841003,0.01892628,0
206183_0212,32,3,212,-0.005286405,0.0006449958,0.02641252,-0.01758051,0.0152467,-0.001512436,0.0007373457,0.021586,0.02005215,0.01876584,0.01787711,0.01756975,0.01785615,0.01847384,0
206183_0213,33,3,213,0.007346435,-0.01326368,-0.01819242,-0.02882991,-0.002917915,-0.004869652,0.008856152,0.02221909,0.02054508,0.01911006,0.01805829,0.01756341,0.01770822,0.01820715,0
206183_0214,34,3,214,0.006365159,-0.0140582,-0.00826903,-0.01392719,-0.007385449,0.00696144,-0.03032832,0.02090506,0.01949174,0.01834115,0.01760448,0.01746853,0.0178784,0.01859452,0
206183_0215,35,3,215,0.009062924,0.01900751,-0.01312256,0.01236334,0.007259333,0.007431967,0.01734743,0.02089641,0.01940269,0.01810235,0.01713113,0.01665258,0.01676199,0.01720009,0
206183_0216,36,3,216,-0.02901309,-0.01633768,0.008040363,0.006285262,0.02391148,0.02005088,-0.02505692,0.02111543,0.01974614,0.01858445,0.01778865,0.01755545,0.0178874,0.01854175,0
206183_0217,37,3,217,0.005236383,-0.007665333,0.01790493,-0.004371493,-0.01342836,-0.03347386,-0.01136391,0.02140074,0.02000535,0.01884286,0.01807596,0.01790698,0.01830522,0.0190263,0
206183_0218,38,3,218,-0.02475678,0.003400714,-0.006473705,0.01732714,0.01532047,-0.0006306612,-0.02493146,0.02363994,0.02175094,0.02010953,0.01886149,0.01817871,0.01820764,0.01862815,0
206183_0219,39,3,219,0.01122553,-0.02593145,-0.004353251,-0.0246558,0.003056048,0.01870247,-0.02256902,0.02271836,0.02108217,0.01968905,0.01869951,0.01830972,0.01856359,0.01917796,0
206183_0220,40,3,220,0.000408403,-0.004365585,-0.003514897,-0.02827872,0.02672057,0.03365962,0.004962209,0.02068211,0.01926297,0.0180077,0.01705401,0.0165684,0.01666086,0.01708021,0
206183_0221,41,3,221,-0.003933218,-0.00657458,0.01090045,0.03277275,-0.005376682,0.0007851787,0.006421846,0.02050764,0.01926222,0.01824604,0.01762097,0.01758996,0.01807476,0.01885659,0
206183_0222,42,3,222,-0.006041728,0.02720557,0.01232582,-0.00945452,0.002475427,-0.007310828,0.01085948,0.02144593,0.01993833,0.01861086,0.01760743,0.01710187,0.01720478,0.01765071,0
206183_0223,43,3,223,0.03060534,-0.01178159,0.01575462,0.01314941,0.005773633,-0.02054705,-0.008672802,0.02444693,0.02233463,0.02049453,0.01906011,0.01818332,0.01806977,0.01836976,0
206183_0224,44,3,224,0.02804411,0.02980602,0.00745528,-0.01017865,-0.0005718371,0.03725549,0.006897877,0.02173535,0.02018157,0.01886244,0.0179277,0.01756011,0.01779882,0.01837623,0
206183_0225,45,3,225,0.05088142,0.003179168,0.003816597,0.039737,-4.471357e-05,-0.0004079618,0.03064465,0.02151045,0.01997314,0.01864088,0.01765796,0.01719914,0.01734814,0.01783757,0
206183_0226,46,3,226,0.0208477,-0.01015354,-0.008612898,-0.0193631,-0.0125023,0.04126247,0.01505163,0.02159687,0.01994483,0.01851997,0.0174548,0.01690703,0.01698292,0.01740235,0
206183_0227,47,3,227,0.002008136,0.02713432,0.004402473,0.00271748,-0.0323196,-0.001219713,0.0203145,0.02168503,0.02021684,0.01897911,0.01813129,0.01787033,0.01819925,0.01886169,0
206183_0228,48,3,228,0.006703593,-0.01060837,0.001625473,0.008077937,0.02461893,0.01662366,-0.01410108,0.02087235,0.01947645,0.01821666,0.01723366,0.01669733,0.01674732,0.01713226,0
206183_0229,49,3,229,-0.02996534,0.02348777,0.004924381,0.01100995,0.002278577,-0.009994164,-0.0123574,0.02171786,0.02028924,0.01906841,0.01821872,0.01794281,0.01825858,0.01891196,0
206183_0230,50,3,230,0.02175602,0.02719343,0.02202733,-0.02644326,0.01178078,0.02356641,-0.002420364,0.0214737,0.01993302,0.01861889,0.01767647,0.01728246,0.01748864,0.0180297,0
206183_0231,51,3,231,0.03913713,0.007268475,0.001037445,-0.001767599,-0.0002077797,-0.02300513,-0.01047679,0.02365516,0.02184054,0.02023057,0.01897634,0.01825588,0.01824634,0.01863334,0
206183_0232,52,3,232,0.009015112,-0.06920795,0.02161922,0.003999175,-0.01933043,0.02901851,-0.006352434,0.02278745,0.02112065,0.01968217,0.01862848,0.01814933,0.01832647,0.01887079,0
206183_0233,53,3,233,-0.03167618,0.04967884,-0.01121805,-0.03943232,0.003057231,-0.01790606,0.004329187,0.02238935,0.02067802,0.01920251,0.01810526,0.01755659,0.01765978,0.01812322,0
206183_0234,54,3,234,-0.01569503,0.02215678,0.001863269,0.004087566,0.02127817,0.009352167,0.01260994,0.02079912,0.01939592,0.0181645,0.01724836,0.01682266,0.01697299,0.01745007,0
206183_0235,55,3,235,0.002228578,0.0009072578,0.03057513,-0.005608254,-0.01808054,-0.005799317,-0.0001966805,0.02283553,0.02124958,0.01991705,0.01900822,0.01873323,0.01909098,0.01980577,0
206183_0236,56,3,236,-0.02162504,-0.02045898,0.0211194,0.02171086,-0.02332947,-0.004047275,0.02464052,0.02186897,0.02019072,0.01874067,0.01765368,0.01709015,0.0171616,0.01758308,0
206183_0237,57,3,237,0.02546046,-0.005686649,0.01054056,0.0132704,-0.004793402,0.01357958,-0.0159493,0.02248104,0.02084272,0.0194411,0.01843076,0.01799971,0.01820906,0.01877603,0
206183_0238,58,3,238,0.00593614,0.008791286,-0.007592066,0.008076869,-0.004427533,0.03511991,-0.02418685,0.01947926,0.01819524,0.0171283,0.01641376,0.01621851,0.01652695,0.01711839,0
206183_0239,59,3,239,0.01792726,0.001752356,-0.02629729,0.0175429,0.02345983,0.02710307,-0.0103398,0.02025458,0.01894199,0.01782502,0.01705027,0.0167992,0.01708531,0.01767678,0
206183_0240,0,4,240,0.00604869,0.02957368,0.01289481,0.01096658,-0.001238678,-0.01472904,0.001845202,0.0219563,0.02033513,0.01890034,0.0177915,0.01717418,0.01719602,0.01757516,0
206183_0241,1,4,241,-0.02087325,-0.01445551,0.001110062,-0.01012249,0.04901666,0.001613629,0.01872157,0.02096954,0.01956412,0.01834122,0.01744899,0.0170692,0.01726679,0.01779218,0
206183_0242,2,4,242,0.01267346,0.006116408,0.01351246,-0.001117073,-0.01853591,0.004510462,-0.001933683,0.02307281,0.02135873,0.01984949,0.01869816,0.01808791,0.01815671,0.01860584,0
206183_0243,3,4,243,0.007390315,0.03036515,0.007602409,0.02164845,-0.01542736,0.006077193,-0.004257577,0.0222182,0.02061316,0.01921975,0.01818886,0.01770318,0.01785349,0.01836028,0
206183_0244,4,4,244,0.02125499,0.01144692,-0.004168656,-0.0002028642,-0.02579969,-0.01436293,0.008143805,0.02194765,0.02040646,0.01909578,0.01817117,0.01782334,0.01808622,0.01869215,0
206183_0245,5,4,245,-0.0182878,-0.0126071,0.0188499,0.001145069,0.05188285,0.02383928,0.03737493,0.02039071,0.01913431,0.01804536,0.01727776,0.01702368,0.01730983,0.01790781,0
206183_0246,6,4,246,-0.02305047,-0.00109744,0.06461139,0.01347357,0.01097493,0.02089265,0.02166383,0.02206564,0.020526,0.01923536,0.01835331,0.0180763,0.01840548,0.01907513,0
206183_0247,7,4,247,-0.01664956,-0.0161609,0.0009175401,0.006421265,0.02544035,-0.01546822,-0.0357801,0.02314717,0.02139043,0.01984493,0.01866011,0.01801351,0.01805334,0.01847574,0
206183_0248,8,4,248,-0.03629966,0.01454946,0.001256226,-0.005252435,-0.00158148,-0.003888821,0.008351303,0.02199805,0.02044766,0.01911796,0.01816348,0.0177732,0.0180002,0.0185742,0
206183_0249,9,4,249,0.01145879,-0.001134218,-0.005211354,0.009577799,0.02451335,-0.01363021,-0.004984991,0.02186215,0.02035476,0.01912573,0.01833555,0.01818241,0.01861138,0.01936684,0
206183_0250,10,4,250,0.0005225365,0.01240061,0.01497619,0.001042761,0.01333055,-0.005290736,-0.0218332,0.02195741,0.02040211,0.01907742,0.01813728,0.01776997,0.01801629,0.01860668,0
206183_0251,11,4,251,-0.003288111,-0.02841745,0.01792036,0.003953095,0.002308378,0.0007179181,-0.04227289,0.02100541,0.01957351,0.01840183,0.01764142,0.01747864,0.01786915,0.01856977,0
206183_0252,12,4,252,0.03646575,-0.002698206,0.02852405,0.01456262,-0.01784321,0.03598049,0.01516118,0.02174788,0.02022586,0.01892445,0.01799665,0.01762977,0.01786855,0.01844783,0
206183_0253,13,4,253,-0.02484557,0.005361989,-0.003214828,0.01468284,0.01275748,0.02443537,0.003136047,0.02241487,0.02077927,0.01936339,0.01831903,0.01782989,0.0179847,0.01849965,0
206183_0254,14,4,254,0.04347373,0.02090235,0.01528162,-0.003472621,-0.02805692,-0.006499578,0.01001235,0.02111971,0.01960189,0.01829847,0.017349,0.01692255,0.01708734,0.01758172,0
206183_0255,15,4,255,-0.0165199,-0.003120828,0.02286969,0.01397879,0.006059211,0.01572834,0.02472103,0.02176121,0.02016332,0.01876088,0.01769387,0.01712952,0.01719295,0.01760696,0
206183_0256,16,4,256,-0.001686166,0.01432702,-0.0237539,-0.01234122,0.003020808,-0.000991602,0.005311817,0.02320273,0.02149156,0.01996264,0.01876888,0.01809192,0.01810267,0.01850041,0
206183_0257,17,4,257,-0.0004364951,-0.01438439,0.01415583,0.04284633,0.009070129,0.001186976,0.01247003,0.02170894,0.02008697,0.01870719,0.01771023,0.01726587,0.01743752,0.01794964,0
206183_0258,18,4,258,-0.0004955936,0.002377158,-0.01223132,-0.004207101,0.0006278027,0.001486406,-0.005468773,0.02065439,0.01930327,0.01819176,0.01747263,0.0173354,0.01773501,0.01843838,0
206183_0259,19,4,259,0.0221813,-0.03709143,-0.003772888,0.008714541,0.02676049,-0.009916252,-0.01726007,0.02117888,0.0196809,0.0183913,0.01745298,0.01703969,0.01721751,0.01772633,0
206183_0260,20,4,260,0.0002253576,-0.001644596,0.008899922,0.01250399,-7.532722e-05,-0.001465677,-0.00574287,0.02173141,0.02022492,0.01889527,0.01789217,0.01739736,0.0175192,0.01799033,0
206183_0261,21,4,261,-0.001550844,0.0353604,0.001833037,0.0184372,0.003525305,0.01377349,-0.00104983,0.02418831,0.02221119,0.02049383,0.01918277,0.0184498,0.01845443,0.0188634,0
206183_0262,22,4,262,-0.005818722,0.0082415,-0.03270235,0.03223867,-0.007122787,-0.01376112,0.01436262,0.0217805,0.02016642,0.01878898,0.01779093,0.01734484,0.01751703,0.01803191,0
206183_0263,23,4,263,0.01319212,0.0240429,-0.005686825,-0.00841924,0.03944954,0.02562712,0.0270727,0.02046923,0.0191493,0.01799585,0.01715601,0.01681146,0.01702126,0.01754809,0
206183_0264,24,4,264,-0.005052832,0.02198285,-0.04358077,-0.01955083,0.002758561,-0.006850606,0.01367091,0.02137715,0.0199387,0.0186979,0.01780872,0.0174607,0.01770139,0.01827608,0
206183_0265,25,4,265,0.007092769,-0.01310883,0.003712703,-0.008043035,0.0227446,0.005558684,-0.02342285,0.0226736,0.02090402,0.01936642,0.01820068,0.01757229,0.01761449,0.0180264,0
206183_0266,26,4,266,0.05489483,0.00346414,0.01170891,-0.03005492,-0.006266636,-0.01346705,0.01903319,0.02298246,0.02138414,0.02000763,0.01902207,0.01863543,0.01889955,0.01953224,0
206183_0267,27,4,267,0.003840089,0.003632213,0.0139866,-0.03208218,0.01556514,-0.01659872,0.003012918,0.01997112,0.01871216,0.01763973,0.01690056,0.01667708,0.01697675,0.01757537,0
206183_0268,28,4,268,0.01160113,0.01723836,0.01538417,0.01638511,0.008527967,-0.01739401,-0.002101126,0.02084584,0.01936428,0.01811783,0.01724673,0.01692212,0.01716743,0.01772976,0
206183_0269,29,4,269,-0.01326949,-0.01029474,0.008985698,0.02101942,-0.02254689,0.01573275,-0.02034342,0.02297284,0.02129638,0.01983936,0.01875987,0.01824942,0.01840465,0.01893317,0
206183_0270,30,4,270,-0.004123988,-0.008421534,0.01839403,-0.02123376,0.01003017,0.02722731,0.0009735135,0.02085145,0.01940683,0.01818632,0.01733431,0.01702779,0.01728829,0.01786642,0
206183_0271,31,4,271,-0.00474004,0.04108723,0.006101594,-0.00921256,-0.01545664,0.01286412,0.004011503,0.02205002,0.02057003,0.01922613,0.01817201,0.0175938,0.01764666,0.0180618,0
206183_0272,32,4,272,-0.04529857,-0.007194172,-0.005344989,0.02341753,0.02450771,-0.03367684,0.02947665,0.02152913,0.02006765,0.01879162,0.01785375,0.01744118,0.0176295,0.01815893,0
206183_0273,33,4,273,-0.01198403,-0.01402261,-0.00293995,0.01568702,-0.00934461,0.003816754,0.02545783,0.02190251,0.02046816,0.0192671,0.0184677,0.01827949,0.01867867,0.01941272,0
206183_0274,34,4,274,0.04636769,0.01160111,-1.767569e-05,0.007572125,-0.03492904,-0.02964973,0.009226692,0.020898,0.0194927,0.01829343,0.0174492,0.01714355,0.01740523,0.01798763,0
206183_0275,35,4,275,0.0253183,0.01831588,0.02966832,0.002061082,-0.02465308,-0.01329176,0.003049932,0.0214239,0.01994638,0.0187295,0.01792761,0.01773099,0.01810725,0.01880453,0
206183_0276,36,4,276,0.01840765,0.01323729,-0.0005231019,-0.02830863,-0.04428898,-0.01459131,0.007663077,0.02150174,0.01998675,0.01866678,0.01768782,0.01722704,0.01737302,0.0178603,0
206183_0277,37,4,277,0.006868662,0.01203081,0.007045293,0.00133658,0.01044225,0.003216064,-0.01107897,0.02098624,0.01957011,0.0183387,0.01743931,0.01705243,0.01724459,0.01776495,0
206183_0278,38,4,278,0.01428727,0.04597012,-0.01783126,0.02156088,-0.02046723,0.02817512,0.01715727,0.02151781,0.02004765,0.01880615,0.01794884,0.01766739,0.01797276,0.01860903,0
206183_0279,39,4,279,-0.03453462,0.03459089,0.005902641,-0.004437164,-0.003627695,-0.007567572,0.05168722,0.02186945,0.02030269,0.01894153,0.01793393,0.01745917,0.01760653,0.01810281,0
206183_0280,40,4,280,0.01583589,0.01307271,0.007355405,-0.003446589,-0.006838765,-0.0004905949,-0.02145351,0.02186569,0.02033161,0.01896208,0.01790392,0.0173337,0.01739154,0.01780506,0
206183_0281,41,4,281,0.01308444,-0.01481333,-0.02444713,0.01598187,-0.02252076,0.02709173,0.009924746,0.02158699,0.02012809,0.01887652,0.01798896,0.01765843,0.01792228,0.01852307,0
206183_0282,42,4,282,0.01056527,-0.005583285,0.02220902,0.02320635,-0.004580813,-0.002807726,-0.006618286,0.02048713,0.0191481,0.01800511,0.01720628,0.01693473,0.01721114,0.01779888,0
206183_0283,43,4,283,-0.001609364,-0.002736715,-0.005847087,-0.02155591,-0.006453418,0.007841474,-0.01319751,0.02076144,0.01931551,0.01812643,0.01733822,0.01712783,0.01746916,0.01811782,0
206183_0284,44,4,284,0.02173627,-0.04201194,0.01864045,-0.01526721,-0.006290458,-0.003198024,0.01015578,0.021814,0.02035646,0.01916761,0.01841267,0.0182966,0.01875528,0.01953892,0
206183_0285,45,4,285,-0.01981204,-0.01623406,0.00367823,-0.02582357,-0.009902157,0.008569667,-0.002316729,0.02075205,0.01938305,0.01823096,0.01744725,0.01721933,0.01754379,0.01818117,0
206183_0286,46,4,286,0.008422329,-0.03970131,-0.005648541,-0.01571473,-0.02154303,0.03440448,0.007361513,0.02159174,0.01996495,0.0185575,0.01750449,0.01696724,0.01705145,0.01747941,0
206183_0287,47,4,287,0.008030803,-0.01569858,0.01155094,-0.01488072,-0.03580897,0.01710266,-0.006919998,0.02187581,0.02031495,0.01900831,0.01810904,0.01780483,0.01810427,0.01874054,0
206183_0288,48,4,288,-0.0185613,-0.01785446,-0.0124243,0.02162294,-0.01073266,0.02798308,-0.007090127,0.02024706,0.01893406,0.01781987,0.01705114,0.01680943,0.01710357,0.01770213,0
206183_0289,49,4,289,-0.02893629,0.02469751,-0.002973231,-0.0229102,0.02533773,0.006649995,-0.02171049,0.02137827,0.01984399,0.01852155,0.01755356,0.01711281,0.01727373,0.01777079,0
206183_0290,50,4,290,-0.02083051,-0.02736302,0.01505853,0.03373078,0.0247799,-0.02098344,0.009191399,0.02264623,0.0208706,0.01931786,0.0181252,0.01745377,0.01745568,0.0178289,0
206183_0291,51,4,291,0.02123877,-0.03790686,0.01041977,0.001728786,0.007334062,0.01852659,0.01732426,0.02002139,0.01883523,0.01788088,0.01731701,0.0173428,0.01785869,0.01865763,0
206183_0292,52,4,292,-0.008601339,0.00102143,0.003981495,-0.0348605,0.02516979,-0.0005228813,0.02359961,0.02196611,0.02047918,0.019157,0.01815524,0.01766387,0.0177953,0.01828226,0
206183_0293,53,4,293,0.005205656,0.02658146,0.01449812,0.04316869,-0.003346918,0.01226122,-0.01401918,0.01979178,0.01856048,0.01753289,0.01685667,0.0167159,0.01708141,0.0177362,0
206183_0294,54,4,294,0.0217631,-0.01182409,-0.01732976,0.01307167,0.04343828,0.01855275,0.02799978,0.02178548,0.02028995,0.01902623,0.01815247,0.01786357,0.01817191,0.01881706,0
206183_0295,55,4,295,-0.003309827,0.01873194,-0.02343276,-0.0292006,-0.004168248,-0.002244945,0.0195567,0.02080088,0.01938779,0.01816939,0.01729055,0.01692879,0.01713743,0.01766816,0
206183_0296,56,4,296,-0.03828249,0.03521274,-0.001697233,0.007320545,-0.01599251,0.01654713,-0.01150149,0.02122668,0.01976718,0.01851569,0.01762125,0.01726657,0.01749709,0.01805742,0
206183_0297,57,4,297,-0.008544246,-0.002365539,-0.002564543,0.01037036,0.004906321,-0.000472384,-0.004981427,0.02232445,0.02071925,0.01929232,0.01819231,0.01759729,0.0176506,0.01806939,0
206183_0298,58,4,298,-0.01917382,0.03557172,0.01517963,-0.03748531,0.003328186,0.01769668,0.0212982,0.02288022,0.02118696,0.01975159,0.01873172,0.01831917,0.01855986,0.01916397,0
206183_0299,59,4,299,-0.01684548,0.02831023,-9.948394e-05,-0.03097971,0.0001439187,-0.0209114,0.01262055,0.02328867,0.02151687,0.02000533,0.01891008,0.01841963,0.01860683,0.01916945,0
206183_0300,0,5,300,0.0163663,-0.002227061,0.01257301,0.01526403,0.001446954,0.001829707,-0.01288506,0.02136814,0.0198766,0.01855262,0.01753893,0.01700746,0.01708317,0.0175021,0
206183_0301,1,5,301,0.02235903,0.01176664,0.00299696,-0.009856673,0.01983243,-0.03828098,-0.02284004,0.02175893,0.02020866,0.01886492,0.01787568,0.01742059,0.01758151,0.0180881,0
206183_0302,2,5,302,-0.007734634,-0.03167508,0.01286373,0.006506262,-0.01617615,-0.0002888234,0.009202349,0.02204531,0.02040556,0.01898904,0.01793937,0.01742927,0.01755332,0.01802979,0
206183_0303,3,5,303,-0.01483936,0.02571664,0.03659144,0.006812679,0.01767855,0.00629948,0.000374345,0.02335166,0.02148646,0.01988273,0.0186849,0.01806439,0.0181399,0.0185972,0
206183_0304,4,5,304,0.01882962,0.01863431,-0.00441793,-0.008475166,0.0004918843,-0.01669176,-0.01218847,0.02178603,0.02024225,0.01889901,0.01790507,0.01744103,0.01759444,0.01809504,0
206183_0305,5,5,305,-0.03738002,-0.002876432,-0.0005449537,0.01027077,0.009857856,0.009932898,0.0408746,0.02163057,0.0200039,0.01856253,0.01743789,0.0167841,0.0167619,0.01709092,0
206183_0306,6,5,306,0.0293434,-0.001179004,0.0368931,-0.02548032,0.01241492,-0.01507567,-0.02724944,0.02199476,0.02032506,0.01888859,0.01782474,0.01730041,0.01741119,0.01787284,0
206183_0307,7,5,307,-0.01602761,0.01907026,-0.02126768,-0.006742297,0.0386864,0.05104181,0.01551947,0.02151353,0.02005973,0.01880004,0.01788888,0.01751609,0.0177395,0.01830131,0
206183_0308,8,5,308,0.0003631587,-0.006668796,0.03039319,0.004968879,0.001078479,0.008142036,0.02320899,0.02046471,0.01916237,0.01805552,0.01729642,0.01707441,0.01739288,0.01802021,0
206183_0309,9,5,309,0.1014067,0.007598419,-0.005541747,0.01353356,0.006095855,-0.01312412,0.03713362,0.02243054,0.02083557,0.01946909,0.01848966,0.0180911,0.01832637,0.01891771,0
206183_0310,10,5,310,0.01327273,0.006490137,0.01103366,0.005045219,0.007622372,-1.097737e-05,-0.003024451,0.02196965,0.02049655,0.01920969,0.01826961,0.01787396,0.01809226,0.0186608,0
206183_0311,11,5,311,0.002273151,0.01999657,-0.006778601,0.03049799,0.006460904,0.02668865,0.006828517,0.01990118,0.01866602,0.01765122,0.01700702,0.01692084,0.0173373,0.01804084,0
206183_0312,12,5,312,-0.03584432,0.01206038,0.01580898,-0.009472102,-0.01964163,-0.008806637,0.009199009,0.02143385,0.01994749,0.01871317,0.01788399,0.01764843,0.01799145,0.0186586,0
206183_0313,13,5,313,-0.0006417962,-0.02651003,-0.01875345,0.001008531,0.01739468,0.0001324426,0.01344063,0.02242653,0.02082329,0.01941876,0.01836693,0.01785433,0.01798675,0.01848244,0
206183_0314,14,5,314,-0.01381346,0.02929933,-0.01570157,0.01534473,-0.01687724,-0.01369064,0.01481185,0.02075184,0.0193419,0.01814656,0.01731189,0.01701745,0.01728437,0.0178673,0
206183_0315,15,5,315,-0.02538615,0.02819995,-0.0009452425,-0.003137239,0.003902737,0.001130652,0.01551144,0.02281149,0.02111995,0.01965079,0.01855691,0.0180225,0.01815141,0.01865064,0
206183_0316,16,5,316,0.01619029,-0.02089402,-0.02139733,-0.008989835,-0.004825815,0.003485582,0.002063511,0.02017441,0.01894997,0.01793775,0.01729457,0.01721696,0.01765011,0.01837722,0
206183_0317,17,5,317,0.03181244,0.04142637,-0.009155015,-0.004321144,0.02966163,-0.01501835,-0.02848346,0.02071414,0.01933181,0.01816126,0.01735109,0.01708464,0.01737431,0.01797828,0
206183_0318,18,5,318,-0.01140127,0.02216629,0.01426576,-0.01151858,0.01714898,0.0002306957,-0.02595284,0.02192292,0.02034172,0.01897783,0.0179797,0.01752738,0.01769739,0.01821548,0
206183_0319,19,5,319,0.0171314,0.04001594,0.02175112,0.002251837,-0.005784453,0.01283025,-0.001529622,0.02171568,0.02016583,0.01882721,0.01784746,0.01740591,0.0175777,0.01809317,0
206183_0320,20,5,320,0.03466946,-0.006631766,0.01791282,-0.005760258,0.004798278,0.02011819,-0.003566304,0.02093243,0.01964007,0.01853093,0.0177671,0.01755152,0.01789093,0.01855087,0
206183_0321,21,5,321,-0.03866865,0.000897061,0.02731602,0.02125359,0.01949624,-0.0332878,0.008951171,0.02281621,0.02113858,0.01970274,0.01866564,0.01821795,0.01842478,0.01899673,0
206183_0322,22,5,322,0.03219167,-0.01900768,-0.01811779,0.00496625,0.002052842,0.01053632,-0.01449081,0.02256115,0.02085761,0.01937394,0.0182556,0.01767632,0.01775682,0.01820388,0
206183_0323,23,5,323,-0.005821257,-0.00882163,-0.01520148,0.008708149,0.03599984,0.03374757,-0.01578488,0.02313665,0.02137993,0.01984071,0.01866904,0.01804369,0.01810288,0.01854313,0
206183_0324,24,5,324,0.0140528,-0.02121468,-0.001493628,-0.0006653433,-0.02841226,0.02332267,0.008049224,0.02171105,0.020121,0.01870061,0.01758604,0.0169378,0.01692121,0.01725856,0
206183_0325,25,5,325,-0.02643338,0.02280298,0.006249863,0.009472153,0.02738505,-0.009374898,0.0007857324,0.02233845,0.02061668,0.0191369,0.0180396,0.0174926,0.01759615,0.01805812,0
206183_0326,26,5,326,-0.004619175,0.01179716,-0.006812657,0.007473697,-0.005386255,-0.02374733,0.03333498,0.02241821,0.02079675,0.01943054,0.01847653,0.01812667,0.01840561,0.01903527,0
206183_0327,27,5,327,0.001705253,-0.01910047,-0.03895963,-0.02589166,-0.005793652,0.01174606,-0.001130578,0.0215538,0.02008668,0.01880142,0.01785007,0.01741857,0.01759078,0.01810565,0
206183_0328,28,5,328,0.03320845,-0.003000241,-0.01276099,-0.003990885,-0.004601601,0.01278937,0.007047097,0.02175788,0.02022266,0.01889757,0.01793301,0.0175123,0.01770369,0.01823899,0
206183_0329,29,5,329,0.001129052,-0.01529497,0.0336471,0.01521838,-0.001134623,0.01801407,0.0007682302,0.02090987,0.01947505,0.01825329,0.01739061,0.01706618,0.0173125,0.01787974,0
206183_0330,30,5,330,0.005057337,-0.05058584,0.006233659,0.02525602,-0.01546214,0.00469789,0.01348512,0.02293627,0.02121526,0.01978796,0.01881175,0.01847863,0.01879175,0.01946185,0
206183_0331,31,5,331,0.01142629,-0.03396582,-0.0548792,-0.0129846,-0.004902664,0.001527647,-0.03820007,0.02143177,0.01994995,0.01872855,0.01792154,0.01771866,0.01808989,0.01878259,0
206183_0332,32,5,332,0.02351648,-0.02574569,0.01736841,0.006022336,0.02052569,0.02551422,0.0122203,0.02066713,0.01929544,0.01816771,0.01743464,0.01728276,0.01767045,0.01836226,0
206183_0333,33,5,333,0.005186787,0.01537515,0.008382997,-0.001632517,-0.009691573,-0.007450579,0.01680537,0.02213254,0.02047199,0.01903972,0.01797889,0.01746141,0.0175825,0.01805769,0
206183_0334,34,5,334,0.01817668,-0.01593999,0.03033344,-0.01118555,-0.005000087,0.00814535,0.02614764,0.02102959,0.01961421,0.01843713,0.01765109,0.01744479,0.01779838,0.01846745,0
206183_0335,35,5,335,0.001107664,0.008971069,0.01950158,-0.02173704,0.006235756,-0.02889874,-0.02337505,0.02113737,0.01967008,0.01841128,0.01750713,0.01713632,0.01734978,0.01789164,0
206183_0336,36,5,336,-0.01111972,0.01021077,0.01046846,0.01928223,-0.003092765,0.02238574,-0.01148699,0.02070917,0.01936026,0.0182403,0.01750304,0.01733928,0.01771785,0.01840402,0
206183_0337,37,5,337,-0.0009713348,-0.02733098,-0.006428171,0.009637855,-0.01106884,0.00903856,-0.004651871,0.02200339,0.0204181,0.01901644,0.01794377,0.01737441,0.01744025,0.01786321,0
206183_0338,38,5,338,-0.04985224,-0.02215789,0.001709338,0.01545897,0.01131031,0.01267311,-0.009148551,0.02038578,0.01894534,0.01768052,0.01672129,0.01622355,0.01629653,0.01668915,0
206183_0339,39,5,339,0.01391543,0.009296372,0.002103604,-0.004149132,-0.003196191,-0.0165854,0.004981733,0.01996078,0.01867468,0.01756084,0.01676091,0.01644971,0.01667177,0.01719768,0
206183_0340,40,5,340,0.04302584,0.006164958,-0.01587795,-0.02088124,0.001319432,-0.01136905,-0.004363305,0.02268277,0.0211053,0.01970445,0.01864021,0.01810705,0.01822745,0.01871953,0
206183_0341,41,5,341,0.0226069,-0.01481353,0.01435981,0.007821074,-0.02193337,0.006807189,-0.01227155,0.01984739,0.01858193,0.01753268,0.01684493,0.01669916,0.01706273,0.01771543,0
206183_0342,42,5,342,-0.0146809,-0.007089182,0.000146785,-0.01499807,0.02897564,-0.03906878,-0.0006878864,0.02131264,0.01976708,0.01847377,0.01757569,0.01724714,0.01750607,0.01809061,0
206183_0343,43,5,343,0.01310507,-0.01458204,0.02311147,0.0002372188,-0.000708321,0.002259151,0.01083055,0.02180369,0.02028974,0.0189914,0.01806344,0.01769563,0.01793512,0.01851695,0
206183_0344,44,5,344,0.0425162,0.01484483,0.02236548,-0.008298276,0.001316758,-0.00452598,0.008010407,0.02056941,0.01916582,0.01793617,0.01701932,0.01658408,0.01671838,0.01717444,0
206183_0345,45,5,345,-0.0009052686,0.02986863,-0.01182069,0.008886884,0.0009530333,-0.01669214,-0.01370892,0.0211669,0.01974604,0.01855925,0.01776123,0.01754328,0.01789143,0.01855922,0
206183_0346,46,5,346,0.03021501,-0.00648045,-0.007813709,-0.005993382,0.02331832,0.002448672,0.01042109,0.02195813,0.02031688,0.01890644,0.01786913,0.01737619,0.01751301,0.01799893,0
206183_0347,47,5,347,0.0001739672,0.009945385,0.007672904,0.003483062,0.0139371,-0.001686911,-0.01790794,0.02161073,0.02006762,0.01877858,0.01789338,0.01759544,0.0178911,0.01851742,0
206183_0348,48,5,348,0.0002928597,0.01195073,-0.005194862,-0.01223986,-0.01041144,-0.002294677,-0.01341281,0.02178807,0.02030182,0.01901,0.01806853,0.0176687,0.0178779,0.01843259,0
206183_0349,49,5,349,-0.01509271,0.03030223,0.01576528,-0.02154261,0.0162627,0.0153274,-0.02091961,0.02069543,0.01938382,0.01827931,0.01753868,0.01735729,0.01771935,0.01839229,0
206183_0350,50,5,350,-0.01381673,0.03638153,-0.02428965,-0.0164016,0.04577931,-0.009600187,0.04448981,0.02271827,0.02111729,0.01967912,0.01855901,0.01794353,0.0179899,0.01841235,0
206183_0351,51,5,351,-0.003505663,-0.01153394,0.00102606,-0.01199478,0.01037409,0.009543446,-0.0394601,0.02040091,0.01906898,0.01796688,0.01724401,0.01708558,0.01745799,0.01813074,0
206183_0352,52,5,352,0.00182635,0.01539557,0.007809854,0.007665534,-0.006327814,0.00247398,0.005211519,0.02133873,0.01981754,0.01852052,0.0175924,0.01720941,0.01742037,0.01796301,0
206183_0353,53,5,353,-0.02346721,0.0007065255,0.04417878,0.006819832,0.03706408,-0.009248421,-0.002012296,0.02213735,0.02056076,0.01924238,0.01833916,0.01804369,0.01835989,0.01901787,0
206183_0354,54,5,354,0.003977079,0.01828907,-0.0152745,-0.003850188,0.01465796,0.03738132,0.01500771,0.02222399,0.02058835,0.01921331,0.01825017,0.01788327,0.01814104,0.01874539,0
206183_0355,55,5,355,0.001483181,-0.02657557,-0.02582979,0.002418478,-0.002884251,0.007701797,-0.02361022,0.02176246,0.02025257,0.01895291,0.0180174,0.01763457,0.01785913,0.0184263,0
206183_0356,56,5,356,-0.01611956,-0.008394249,0.007392981,0.007821031,0.03140816,0.0005151095,-0.01312357,0.02027825,0.01899411,0.01793238,0.01724535,0.0171227,0.01752121,0.01821668,0
206183_0357,57,5,357,0.004841682,-0.0009154945,-0.04364783,0.02464749,0.002957305,0.001722775,0.009455523,0.02065895,0.01936526,0.01831176,0.01765815,0.01760381,0.01807416,0.0188445,0
206183_0358,58,5,358,-0.001380445,0.01947257,0.01584002,0.001283529,-0.01421315,-0.01046477,-0.007640801,0.02423745,0.02225391,0.02053614,0.01923155,0.0185134,0.01853353,0.01895811,0
206183_0359,59,5,359,-0.002862818,0.02730568,0.0155208,0.01928954,-0.002158153,0.006665631,0.002481683,0.02070985,0.01943984,0.01842378,0.01782531,0.01784923,0.01838771,0.0192217,0
206183_0360,0,6,360,-0.008395745,-0.03336687,-0.007713732,0.01908136,0.01305771,-0.01072142,-0.0446728,0.02253559,0.0208208,0.01928492,0.01806508,0.01732051,0.01724681,0.0175472,0
206183_0361,1,6,361,-0.01155073,0.002856908,0.03216051,0.01696341,-9.492865e-05,0.007110622,0.02341296,0.02115272,0.01975826,0.0185824,0.01778187,0.01755095,0.01788675,0.01854435,0
206183_0362,2,6,362,-0.0160058,0.01174709,-0.001330834,-0.00830959,0.009311252,-0.007942581,0.007268317,0.02234163,0.02068583,0.01925461,0.01819594,0.01768812,0.01782449,0.0183196,0
206183_0363,3,6,363,-0.0007875869,0.02666419,-0.001319176,0.01012772,-0.00866036,-0.0167267,-0.00062748,0.02143101,0.01990245,0.01858114,0.01761107,0.01716693,0.01732627,0.01782352,0
206183_0364,4,6,364,-0.006032149,-0.01739744,0.01301526,-0.008144708,0.02737112,-0.01676997,0.02055669,0.02104635,0.01958914,0.01832009,0.0173826,0.01695117,0.01710664,0.01759293,0
206183_0365,5,6,365,0.01324879,-0.02092903,-0.01388467,0.007805844,0.0005398107,-0.007016195,0.001654896,0.02239314,0.02081078,0.01943636,0.01842719,0.01797504,0.01816042,0.01870529,0
206183_0366,6,6,366,0.03258731,-0.01181879,-0.008468442,0.006222713,0.01919806,0.004895545,0.001127557,0.02254606,0.02089473,0.01948636,0.01847574,0.01805113,0.0182688,0.0188446,0
206183_0367,7,6,367,-0.003966042,-0.01355881,-0.0183646,0.001111788,0.003884334,-0.00541191,0.02011856,0.01990811,0.01867133,0.01765646,0.01701374,0.01693058,0.01734987,0.01805605,0
206183_0368,8,6,368,-0.0302712,0.01835878,0.02018332,-0.004287591,-0.00779379,0.02212669,-0.01320591,0.02236092,0.02073347,0.01931938,0.01826969,0.01776695,0.01790735,0.01840782,0
206183_0369,9,6,369,-0.01233013,-0.0536281,0.002913051,0.02415789,0.02661772,-0.02130056,-0.01737824,0.02250153,0.02075761,0.01929419,0.01825551,0.01781562,0.01802103,0.01858016,0
206183_0370,10,6,370,-0.01768207,0.01320805,0.004049063,-0.01764094,0.002274401,-0.02425002,0.01731446,0.02054908,0.019122,0.01792439,0.01709685,0.01681162,0.01708033,0.01765841,0
206183_0371,11,6,371,0.07101374,0.00262404,0.001941031,0.008486869,-0.002275839,0.03451484,0.01245595,0.02262424,0.02095689,0.01952927,0.01849538,0.01804209,0.01823722,0.01879371,0
206183_0372,12,6,372,-0.0001438561,-0.009981915,8.643137e-05,0.02157982,0.009431428,0.007444703,-0.01831283,0.02209124,0.02047212,0.01912317,0.01819554,0.0178738,0.0181664,0.01879949,0
206183_0373,13,6,373,-0.004697323,-0.01632545,0.009874047,-0.007147893,-0.02255207,0.01050829,0.03391323,0.02141798,0.01999455,0.01883062,0.01808693,0.01796282,0.01840068,0.01915619,0
206183_0374,14,6,374,-0.0165154,0.003175925,0.0006303974,0.0307814,-0.008000041,-0.01732717,0.0003668978,0.02084173,0.01949627,0.01836851,0.01761476,0.01742934,0.01779352,0.01847065,0
206183_0375,15,6,375,0.02993162,0.02624649,0.01455318,0.01841185,-0.02824494,-0.03762608,-0.001917817,0.02204669,0.02047645,0.01912555,0.0181468,0.0177264,0.01792875,0.01848046,0
206183_0376,16,6,376,0.008069477,-0.01510975,0.02827941,-0.005113957,-0.007469728,0.01400963,-0.002781162,0.0217448,0.02022218,0.01893419,0.01803486,0.01771316,0.01799199,0.01860773,0
206183_0377,17,6,377,-0.04287893,0.02264631,0.005551608,-0.008925935,0.002654619,-0.0152046,0.01277854,0.0216927,0.02017084,0.0188664,0.01793092,0.0175497,0.01777391,0.01833826,0
206183_0378,18,6,378,-0.05820994,0.04277472,0.01319554,-0.004121611,-0.005966089,-0.008060207,0.02646195,0.02175723,0.02021042,0.01884642,0.01781068,0.01727839,0.01736868,0.01780946,0
206183_0379,19,6,379,-0.03623305,0.01616769,0.000251152,3.666339e-05,-0.003011892,0.0001384304,0.002429671,0.02105003,0.01959382,0.01833456,0.01741687,0.0170172,0.01720155,0.01771466,0
206183_0380,20,6,380,-0.01070832,-0.002467264,-0.006571165,0.01597246,0.001118429,0.01632009,0.006864947,0.0216425,0.0200554,0.01871305,0.01775953,0.01736989,0.01758705,0.01814057,0
206183_0381,21,6,381,-0.003760929,0.01674451,-0.01213609,0.02035675,-0.01013072,-0.004798201,0.0006738472,0.02025851,0.01898002,0.01789427,0.017152,0.01694086,0.01726155,0.01788627,0
206183_0382,22,6,382,-0.02037338,-0.002093488,0.007340233,0.02383643,0.00978906,0.007280636,-0.00240662,0.02035319,0.01902232,0.01789164,0.01710785,0.01685234,0.0171384,0.01773156,0
206183_0383,23,6,383,0.008326741,0.006553814,-0.008123028,0.0122541,-0.008279864,0.02217575,0.02121387,0.02124809,0.01979134,0.01853616,0.01763176,0.01726099,0.01747783,0.01802618,0
206183_0384,24,6,384,0.003348942,0.03272705,0.01939503,-0.003730459,0.03247002,0.004277388,0.01243317,0.02048076,0.01912883,0.01802781,0.01732704,0.01721144,0.01762372,0.01833321,0
206183_0385,25,6,385,0.02167329,-0.007667864,0.02568948,0.008978197,-0.007386743,0.008257496,-0.007464598,0.02230463,0.02071664,0.01935881,0.0183881,0.01799632,0.01823342,0.01882323,0
206183_0386,26,6,386,0.008127652,-0.0001577333,0.01770186,0.01451796,-0.01609183,-0.01747562,-0.02144356,0.02123636,0.01971022,0.01837327,0.01736352,0.0168467,0.01693363,0.01735838,0
206183_0387,27,6,387,-0.005278438,-0.01397245,-0.00126984,0.019771,-0.02978808,-0.00568831,-0.003021287,0.02107493,0.01962358,0.01835774,0.0174219,0.01699208,0.0171498,0.01763906,0
206183_0388,28,6,388,-0.04853131,0.004172241,0.002899376,-0.003470623,-0.01838001,-0.02128833,0.01771051,0.0216878,0.0201781,0.0188839,0.01795806,0.01758784,0.01782137,0.01839465,0
206183_0389,29,6,389,0.01569942,-0.04473864,0.00215627,0.01481091,-0.009227823,-0.01689293,0.01937493,0.02035774,0.01889702,0.0176709,0.01681183,0.01648088,0.01670392,0.01723341,0
206183_0390,30,6,390,0.02147637,0.005538354,-0.02787278,0.007033206,0.01991695,-0.01104949,0.01584544,0.02184423,0.02044395,0.0192495,0.01843027,0.01819758,0.01855511,0.01925143,0
206183_0391,31,6,391,0.004791379,0.01921896,-0.01674979,-0.017865,0.009600625,-0.02163842,0.003376326,0.02243591,0.02077458,0.0193424,0.01828909,0.01779544,0.01794799,0.01846031,0
206183_0392,32,6,392,0.01268107,0.01055002,0.02698809,-0.0164408,0.0148185,-0.01974505,-0.03536088,0.02228297,0.02069974,0.01931084,0.0182694,0.01776102,0.01789183,0.01838293,0
206183_0393,33,6,393,0.0371656,-0.02135038,0.01248084,0.03873165,-0.008642177,0.0003778456,0.02524165,0.02124457,0.01975854,0.01848984,0.01758521,0.0172241,0.01745041,0.01800609,0
206183_0394,34,6,394,-0.0132052,0.0218049,0.01010505,-0.004587917,0.001339708,0.01553428,-0.003697935,0.02255702,0.02083809,0.01932442,0.01815718,0.01750304,0.01751518,0.01789747,0
206183_0395,35,6,395,0.01085938,0.0117462,-0.02605381,0.016898,0.01224166,-0.0107085,-0.01253898,0.02102837,0.0196027,0.01839283,0.01754869,0.01725491,0.01753205,0.01813115,0
206183_0396,36,6,396,-0.03604323,0.01667635,0.0006666669,0.003761932,-0.02001855,-0.02725585,-0.01410913,0.02209184,0.02045505,0.01907035,0.01808545,0.01767965,0.01789872,0.01846403,0
206183_0397,37,6,397,0.01382449,0.002893808,-0.003378547,0.01055674,0.03902065,-0.01019567,-0.01248686,0.0215592,0.02003509,0.01875502,0.01786952,0.01756305,0.01784913,0.01846625,0
206183_0398,38,6,398,0.01942936,-0.0008244284,-0.01431906,-0.006328473,0.01092736,-0.008907269,0.00163585,0.02166278,0.02023027,0.01895316,0.01798685,0.01752182,0.01766508,0.01815712,0
206183_0399,39,6,399,0.01493429,0.01526197,-0.006166434,0.01332636,-0.00519706,0.0008244831,0.002004019,0.02165166,0.02009906,0.01873539,0.01770382,0.01717663,0.01726849,0.01770783,0
206183_0400,40,6,400,0.03298371,-0.005447271,0.0206322,0.01580116,0.03640614,-0.03578935,0.01715301,0.02401196,0.02229882,0.02080284,0.01969898,0.01920099,0.01940254,0.02000023,0
206183_0401,41,6,401,-0.01637382,0.02572554,-0.019308,0.01042906,-0.008381504,-0.004110208,0.002418592,0.02318313,0.02140411,0.01985235,0.01867698,0.01805559,0.01812095,0.01856747,0
206183_0402,42,6,402,-0.0005611422,0.02210544,-0.009896968,-0.002620335,-0.003718821,-0.01967323,-0.00961025,0.02192984,0.02028057,0.01886453,0.01782258,0.01732392,0.01745498,0.01793449,0
206183_0403,43,6,403,0.004779468,0.002080989,0.03055297,0.008935787,0.01244411,-0.02965897,0.02082477,0.02209254,0.02049322,0.0191149,0.01810758,0.01765322,0.01782757,0.01835347,0
206183_0404,44,6,404,-0.006203251,-0.01204776,0.004820061,-8.949555e-05,0.01655617,-0.004130916,0.007195875,0.02140422,0.01997689,0.01876319,0.01792058,0.01764378,0.01794837,0.0185829,0
206183_0405,45,6,405,-0.01288357,-0.01976455,0.01006192,0.046967,0.008938796,-0.01504861,0.01845802,0.02076286,0.01942773,0.01829854,0.01753042,0.01731623,0.01765233,0.01830235,0
206183_0406,46,6,406,0.01645451,-0.01118624,0.02951423,0.0168279,0.006539614,-0.02899968,0.01436807,0.02396941,0.02210268,0.02045738,0.01918633,0.01846982,0.01847687,0.01888602,0
206183_0407,47,6,407,0.003586569,0.01074105,0.0203666,-0.006675663,-0.01306823,0.01812168,-0.003757509,0.02222041,0.02064423,0.01921147,0.01806679,0.01738128,0.01734443,0.01767566,0
206183_0408,48,6,408,0.02316024,0.004722845,0.02849862,-0.01722487,0.01087573,0.02451219,0.02213636,0.02170901,0.02018795,0.0189063,0.01801784,0.01771137,0.01800234,0.01862827,0
206183_0409,49,6,409,0.02818249,0.03276627,0.02208969,-0.004899928,0.005153029,0.0105144,-0.02174575,0.02118133,0.01974164,0.01851467,0.01765154,0.01733815,0.01760331,0.01819507,0
206183_0410,50,6,410,-0.02778193,0.009935687,0.007961624,-0.001995437,-0.007880835,-0.00702149,0.0193352,0.02007048,0.01883353,0.01781517,0.01716886,0.01708638,0.01751187,0.01822833,0
206183_0411,51,6,411,0.006049136,-0.0002974514,0.01653635,0.01037712,0.03704592,-0.05361893,0.01965816,0.02034166,0.01895011,0.0177991,0.01702987,0.01681615,0.01713953,0.01776309,0
206183_0412,52,6,412,-0.002887588,0.02766587,-0.00518323,0.02010341,0.03213984,0.04119652,-0.01624302,0.02192391,0.02037191,0.0190204,0.01801997,0.01755353,0.01770955,0.01821591,0
206183_0413,53,6,413,0.00596147,-0.01127526,0.008233883,-0.02003324,-0.02908684,-0.01645087,-0.00698565,0.01974642,0.0185406,0.017593,0.01705424,0.01711219,0.01764505,0.01844922,0
206183_0414,54,6,414,0.009429157,0.0001631146,-0.02789619,0.005725484,0.01323962,0.003834918,-0.01366586,0.02275045,0.02110074,0.01971888,0.01876607,0.01843977,0.01875112,0.01941812,0
206183_0415,55,6,415,-0.01675799,0.007998123,0.01806706,-0.01750843,0.002096693,0.007155477,0.002847785,0.02271606,0.0210237,0.01957546,0.01852434,0.01805557,0.0182407,0.01878939,0
206183_0416,56,6,416,0.009203191,0.027609,0.01679457,0.00149584,0.019395,-0.01318728,0.02069416,0.02128306,0.01970799,0.01835312,0.01735421,0.01687446,0.01699869,0.01745763,0
206183_0417,57,6,417,0.01775236,0.03510197,-0.02984962,0.01262801,0.002795179,0.02844689,0.01498283,0.02192309,0.02037732,0.01903937,0.01806148,0.01762921,0.01781588,0.01835088,0
206183_0418,58,6,418,0.01082338,-0.01355131,0.001814866,-0.01635627,0.01763872,0.006788526,-0.03564299,0.02331791,0.02162355,0.02015361,0.01907171,0.01857667,0.01875771,0.01931868,0
206183_0419,59,6,419,-0.001918497,0.02770415,-0.03342868,0.004163302,0.001701571,-0.0008122273,0.01460943,0.02344844,0.0216258,0.02000163,0.01872027,0.01794966,0.01788698,0.01821802,0
206183_0420,0,7,420,-0.01927764,-0.005935134,-0.01833447,-0.004381939,0.03176304,-0.008952128,0.01294777,0.02215536,0.02055265,0.01919589,0.01823821,0.01786649,0.01811684,0.01871411,0
206183_0421,1,7,421,0.02310011,-0.008601574,0.02103879,-0.04408737,0.02492933,0.01093811,-0.006720741,0.02248879,0.02071227,0.01917845,0.01802337,0.01740788,0.01745626,0.01786891,0
206183_0422,2,7,422,0.0231236,0.0159347,0.004146973,-0.006528579,0.01732668,-0.005741754,0.03600343,0.02144738,0.01994236,0.01866438,0.01776284,0.01742063,0.01767092,0.0182533,0
206183_0423,3,7,423,0.01064781,-0.004025425,-0.01275536,0.01593828,0.00549648,0.009067855,0.01230294,0.02150047,0.02002193,0.0186967,0.01766995,0.01711665,0.0171755,0.01758237,0
206183_0424,4,7,424,-0.02361152,0.003267723,0.004982603,0.001661573,0.009494895,0.0244245,0.000714927,0.02240165,0.02080651,0.01940328,0.01834566,0.01781963,0.01793856,0.01842131,0
206183_0425,5,7,425,0.0282886,0.01806097,0.01330742,0.01996089,-0.00630362,0.0134156,0.007756452,0.02204744,0.02054167,0.01920335,0.01818763,0.01768349,0.01780673,0.01828745,0
206183_0426,6,7,426,0.002184568,0.002220196,0.006021234,-0.005782512,-0.003325798,0.005113012,-0.0007947336,0.02126675,0.01969753,0.01835615,0.01737957,0.01693303,0.01708644,0.01757212,0
206183_0427,7,7,427,0.02922401,0.02773703,0.01485758,-0.02168836,-0.04976871,0.001211045,0.002369221,0.02289673,0.02114735,0.01961914,0.01845845,0.01783936,0.01789624,0.01832839,0
206183_0428,8,7,428,-0.001538256,0.03172633,0.01851142,-0.0227203,0.01104302,-0.002472116,-0.01758239,0.02049701,0.01920258,0.01811296,0.01738275,0.01720464,0.01756256,0.01822706,0
206183_0429,9,7,429,0.00759017,-0.01184696,-0.00518272,-0.01099862,-0.003024852,-0.006043039,0.03882143,0.01989598,0.01861289,0.01758183,0.01694793,0.01689113,0.01733259,0.01805523,0
206183_0430,10,7,430,0.01207814,0.005170283,0.06331816,0.005988539,0.01052948,-0.005824863,0.003976964,0.0209923,0.01954537,0.01830759,0.01742483,0.01707567,0.01730305,0.01785466,0
206183_0431,11,7,431,-0.001271862,0.02270103,0.03060923,0.02795751,0.004756685,0.01710627,-0.004924803,0.02209595,0.02046723,0.01910148,0.01814835,0.01779005,0.01805097,0.01865497,0
206183_0432,12,7,432,-0.0312208,-0.001186718,0.02777517,0.01858443,-0.01130035,0.005772136,0.01623153,0.02065289,0.01933893,0.01824432,0.01752542,0.01737695,0.01776636,0.01846265,0
206183_0433,13,7,433,-0.004960765,-7.726978e-05,0.007337665,0.008858093,0.0223397,0.01037783,0.02375646,0.02102499,0.01963078,0.01848299,0.01773719,0.01758619,0.01798717,0.01869994,0
206183_0434,14,7,434,0.001833861,0.0006882712,-0.02797404,0.02232781,0.03280703,-0.02775152,-0.0003089671,0.02419301,0.02230104,0.02064216,0.01937208,0.01867515,0.01870889,0.01914807,0
206183_0435,15,7,435,-0.02269941,-0.005885697,0.01086642,-0.008253584,-0.01131239,0.01300138,-0.02185476,0.02093013,0.01942695,0.01821274,0.01742873,0.01724795,0.01762099,0.01829948,0
206183_0436,16,7,436,-0.002088466,0.00211595,-0.02911727,0.005368848,-0.04106816,0.0002005863,0.04359009,0.02141109,0.01992295,0.01865384,0.01775395,0.0174073,0.01765204,0.01822905,0
206183_0437,17,7,437,-0.007557027,0.001925793,0.007836092,0.03684455,0.0178924,0.00126747,0.006861483,0.02239014,0.02075254,0.01936256,0.01837389,0.01797363,0.01820754,0.0187945,0
206183_0438,18,7,438,-0.006439565,0.01061156,0.00220093,0.001726122,-0.004145857,0.01083411,0.02318047,0.02153744,0.01997246,0.0186255,0.01763899,0.01718523,0.01734091,0.01783602,0
206183_0439,19,7,439,0.01087336,-0.0002812562,0.01494791,0.002146156,-0.006968349,-0.001718373,-0.0300483,0.02335127,0.02159213,0.02002221,0.0187917,0.0180777,0.01806147,0.01843586,0
206183_0440,20,7,440,0.03088314,0.03091856,0.03733704,-0.004102597,-0.0210046,0.00105753,0.03796002,0.02302229,0.02126417,0.01973502,0.01858366,0.01798779,0.01807057,0.01852976,0
206183_0441,21,7,441,-0.01074481,-0.01858087,0.0060678,-0.002608478,0.0128591,0.007456929,0.01306688,0.02165499,0.02020355,0.01899657,0.01819576,0.0180015,0.01838751,0.01910152,0
206183_0442,22,7,442,-0.01187497,-0.005664107,-0.003804333,0.01716558,-0.001140383,0.02533245,0.0002073728,0.02119989,0.01987067,0.01874241,0.01797967,0.01778819,0.01815891,0.01885281,0
206183_0443,23,7,443,0.008395796,-0.002893284,0.01369637,-0.009855347,0.004178898,0.02294144,0.001970158,0.02153119,0.01996497,0.01863218,0.01767642,0.017272,0.01747187,0.01800734,0
206183_0444,24,7,444,-0.001903517,0.02507301,0.001955895,0.008349224,-0.02460241,0.05373726,0.02207412,0.0203752,0.01907906,0.01803493,0.01739649,0.01735495,0.01782649,0.01858907,0
206183_0445,25,7,445,-0.006574338,-0.02098549,0.002799831,0.006666796,0.004673792,-0.004406703,-0.006966814,0.02064569,0.01926203,0.018068,0.01720858,0.01686184,0.01707809,0.01761269,0
206183_0446,26,7,446,0.004911738,-0.01429307,0.01920887,-0.004297761,0.004467174,0.01335987,-0.009071257,0.02233383,0.02063151,0.0191697,0.0180914,0.01756806,0.01769227,0.01817385,0
206183_0447,27,7,447,0.0006051078,0.05528878,-0.001644254,0.01446752,-0.008158118,0.01951673,-0.01428637,0.02208309,0.02043771,0.01905007,0.01806694,0.01766645,0.01789041,0.01845935,0
206183_0448,28,7,448,-0.008264131,0.02281667,-0.02463625,0.03883411,-0.03435595,0.002702882,0.009651876,0.02124874,0.01980841,0.01857734,0.01770768,0.01738666,0.01764753,0.01823698,0
206183_0449,29,7,449,0.01333603,-0.01102603,-0.009359196,-0.01292997,-0.009790282,-0.01148993,0.003474972,0.02303194,0.02144109,0.02004393,0.01900836,0.01854013,0.01873209,0.01929948,0
206183_0450,30,7,450,0.002234305,0.006608926,-0.004777415,0.00799753,0.009994203,0.007974787,0.008462048,0.01971816,0.01841491,0.0173479,0.01665586,0.0165101,0.01686989,0.01751307,0
206183_0451,31,7,451,-0.0007748788,0.02177289,0.003103656,0.003266956,-0.0218748,-0.03699746,0.0002611479,0.02186032,0.02034245,0.01905929,0.01816795,0.01786156,0.01815777,0.01879266,0
206183_0452,32,7,452,0.04060173,-0.008629962,-0.01558954,0.01608131,0.01514512,-0.008179029,0.009675447,0.02197727,0.02041951,0.01904055,0.01798842,0.0174415,0.01752595,0.0179665,0
206183_0453,33,7,453,-0.01784584,0.01216299,-0.023152,0.004032981,-0.02406704,0.01773603,0.01975108,0.02369471,0.02182196,0.02016281,0.0188619,0.01808751,0.0180323,0.01837516,0
206183_0454,34,7,454,0.01008609,-0.001395382,0.002651162,0.02424193,0.01457832,-0.0191935,-0.01210044,0.02211667,0.02046821,0.01906324,0.01804771,0.01759814,0.0177795,0.01831031,0
206183_0455,35,7,455,0.01235357,-0.008479685,-0.001462257,0.006150396,0.008425581,-0.01083191,0.003776683,0.02136687,0.01995763,0.0187436,0.0178821,0.01756773,0.01783725,0.01843943,0
206183_0456,36,7,456,0.04041429,0.005851108,-0.01082925,-0.001288743,-0.004095446,-0.001473651,0.004648663,0.02068978,0.01933971,0.0182362,0.01753308,0.01742132,0.01784409,0.01856923,0
206183_0457,37,7,457,-0.002776825,0.02005982,-0.012314,-0.002274595,-2.943559e-05,0.01424773,0.02232068,0.02217016,0.02062665,0.019289,0.0183148,0.01789688,0.01810448,0.01866546,0
206183_0458,38,7,458,0.02468143,-0.01690685,0.0079591,-0.000904438,0.04666689,0.005991142,-0.01687292,0.02138552,0.01990742,0.01859582,0.01759553,0.01708173,0.01717365,0.01760868,0
206183_0459,39,7,459,-0.0255815,-0.006536317,-0.009034179,0.03238162,0.02038567,-0.01399019,0.0115397,0.02199568,0.02044316,0.01909983,0.01811871,0.01768635,0.01787561,0.01841462,0
206183_0460,40,7,460,-0.03473531,-0.007940156,0.01168455,-0.00508475,-0.03369061,0.008843182,-0.02856845,0.01940074,0.01820922,0.01724729,0.01666009,0.01662858,0.01707407,0.01779148,0
206183_0461,41,7,461,0.006471035,0.00229734,-0.01201566,0.008450766,-0.02081073,-0.009590084,0.01519532,0.02007614,0.01880281,0.01774328,0.01704654,0.01689795,0.01726701,0.01793074,0
206183_0462,42,7,462,-0.007295937,0.006211486,0.004687754,0.001892992,0.01817858,0.01192848,-0.01386391,0.02154366,0.02004542,0.01885,0.01811231,0.01802338,0.01849562,0.01928069,0
206183_0463,43,7,463,0.04692077,-0.02221018,-0.02037483,-0.003517963,-0.01445499,0.01617444,-0.004386005,0.02197528,0.02042217,0.01907521,0.01808659,0.01764159,0.01781875,0.01834602,0
206183_0464,44,7,464,0.0216875,0.01788332,-0.008971954,0.03136117,-0.004040303,0.01725145,-0.02415296,0.02102366,0.01960362,0.01838989,0.01753227,0.01721505,0.01747103,0.01805098,0
206183_0465,45,7,465,-0.0203676,0.008468272,0.008086777,0.009544459,-0.01682504,-0.009663683,-0.01903567,0.01998923,0.01871208,0.0176856,0.01705752,0.01701138,0.01746515,0.01820189,0
206183_0466,46,7,466,0.01262632,0.01952196,-0.01881267,-0.002567803,0.02466276,-0.0285955,0.02685607,0.02123354,0.01985847,0.01865406,0.01777656,0.01741933,0.01764457,0.0182039,0
206183_0467,47,7,467,0.02310824,0.0008340174,0.02580435,0.0258018,-0.002918901,0.009587443,0.008359972,0.02191574,0.02026602,0.01879741,0.01764349,0.01696053,0.01692135,0.01724081,0
206183_0468,48,7,468,-0.0196394,-0.02343484,0.003570274,0.005119995,-0.002691341,-0.01550997,-0.006290609,0.02245169,0.02080005,0.01938663,0.01836372,0.01791607,0.01811007,0.01866154,0
206183_0469,49,7,469,0.03119294,0.02489559,-0.0228493,0.01262529,0.003337506,-0.001100014,0.01707609,0.02228287,0.02058549,0.01912318,0.01803793,0.01749969,0.01760832,0.01807453,0
206183_0470,50,7,470,-0.02896275,0.01365302,-0.0097017,0.00126992,0.01662277,-0.05724668,0.009548733,0.01976213,0.01854244,0.01756202,0.0169704,0.01695408,0.01742511,0.01817419,0
206183_0471,51,7,471,-0.00280919,-0.005877538,-0.004279777,0.0129849,-0.01804635,-0.03297562,-0.02756906,0.02243419,0.02074697,0.01930753,0.01826381,0.01779449,0.01796974,0.01850196,0
206183_0472,52,7,472,-0.007496777,0.01259663,0.002422081,-0.01903472,-0.02305893,-0.00532584,0.0118089,0.02141187,0.01990146,0.01861138,0.01768898,0.01731418,0.01753449,0.01808819,0
206183_0473,53,7,473,0.01186629,0.01375006,0.001370689,0.03164129,0.005439452,-0.004903564,0.01529231,0.02181843,0.02039125,0.01912046,0.01816557,0.01772303,0.01789161,0.01841164,0
206183_0474,54,7,474,0.02975829,0.03999545,-0.00983353,-0.004457949,-0.00746246,-0.03180316,-0.0205494,0.02064643,0.01928925,0.01816416,0.01742273,0.01725276,0.0176239,0.01830112,0
206183_0475,55,7,475,0.0327233,0.01931539,0.02096157,-0.02468092,0.01653567,0.01754774,0.00489478,0.01982201,0.01860033,0.01758494,0.01692544,0.01680862,0.01719578,0.01787151,0
206183_0476,56,7,476,0.03243419,-0.0179409,-0.01678124,0.03756467,-0.04136753,-0.03399598,-0.004072891,0.02337894,0.02152823,0.0199344,0.01874407,0.01813163,0.01821473,0.01868035,0
206183_0477,57,7,477,-0.02224222,0.009236016,0.004045583,0.0275783,-0.01312017,0.02194752,-0.00448997,0.0205343,0.01915557,0.01798506,0.01716778,0.01688221,0.01714889,0.01772713,0
206183_0478,58,7,478,0.008868068,-0.02610496,-0.008078726,0.01390901,0.02305828,-0.02037625,-0.006960862,0.02170498,0.02015954,0.01883575,0.01788267,0.01748196,0.01768989,0.01823861,0
206183_0479,59,7,479,-0.003369157,0.01639164,0.01962714,-0.001329537,0.004854356,-0.0006748903,-0.02913237,0.02159401,0.02020267,0.01899677,0.01813967,0.01783441,0.01811875,0.01874168,0
206183_0480,0,8,480,0.006412629,-0.004333742,-0.002150413,-0.02246828,-0.02605406,0.01786616,-0.001493493,0.02076443,0.01943011,0.0182562,0.01739334,0.01702759,0.01722826,0.01775395,0
206183_0481,1,8,481,-0.01583785,0.001685877,0.008026848,-0.002869218,0.006472288,0.03198035,-0.01421929,0.02313593,0.02138866,0.0198344,0.01862101,0.01792287,0.01791384,0.01829009,0
206183_0482,2,8,482,0.01690436,0.007495276,0.03914159,0.02628061,-0.002987721,0.00209713,0.006827521,0.02081325,0.01941636,0.01824477,0.01744826,0.01721169,0.01753122,0.01816438,0
206183_0483,3,8,483,0.02443262,-0.01571869,0.004067706,-0.01634364,0.04778231,0.01795048,0.02538179,0.02128097,0.01990687,0.01877423,0.01804622,0.01792604,0.01836209,0.01911499,0
206183_0484,4,8,484,0.001544196,0.02273883,0.03710408,0.00449277,0.02177525,-0.02752295,0.01854248,0.02185642,0.02034329,0.01900553,0.01799439,0.01749352,0.01761409,0.01808706,0
206183_0485,5,8,485,0.01406365,0.01741269,-0.0134718,-0.01863997,-0.01680972,0.02634976,0.04332834,0.02358236,0.02171382,0.02004159,0.01870558,0.01786609,0.01774534,0.018023,0
206183_0486,6,8,486,-0.0008646123,0.02563992,0.005486768,0.04548164,-0.02473433,0.001221069,-0.00297127,0.02117374,0.01984882,0.018677,0.01781765,0.0174691,0.01769811,0.01826142,0
206183_0487,7,8,487,0.01924043,-0.002685215,0.008024985,-0.02264303,-0.01209106,-0.0228307,0.02628535,0.02126699,0.0197965,0.01851782,0.01757768,0.01715496,0.01732601,0.01783208,0
206183_0488,8,8,488,0.01097667,0.02960706,0.01909342,-0.01006033,-0.01373024,-0.002799357,0.001444736,0.0219313,0.0202313,0.01870672,0.01748283,0.01670229,0.01657439,0.01680804,0
206183_0489,9,8,489,0.0175442,0.02292961,0.008363775,0.004099725,0.02849774,0.01858987,-0.03030327,0.02033756,0.01900588,0.01789011,0.01713765,0.01693093,0.01725926,0.01789041,0
206183_0490,10,8,490,-0.03018515,0.02441233,0.008187238,-0.02563869,-0.01483905,0.004133812,-0.01229913,0.02104445,0.01970673,0.01856575,0.01778144,0.01755307,0.01788614,0.01854112,0
206183_0491,11,8,491,0.00611974,0.00871298,-0.01703452,0.007557594,-0.00678345,-0.01952364,0.006515629,0.02135024,0.01987817,0.01861546,0.01771224,0.0173525,0.017583,0.01814607,0
206183_0492,12,8,492,-0.006726666,0.0116587,-0.02376329,0.01658018,0.01982528,-0.002433179,0.0002448903,0.02191799,0.02034717,0.01897695,0.0179552,0.01746073,0.01759196,0.01807433,0
206183_0493,13,8,493,-0.0007273066,0.01718364,-0.007859353,0.03829815,0.01833299,0.004076027,0.006056867,0.02310092,0.02118763,0.01954698,0.01831198,0.01763858,0.01766,0.01805855,0
206183_0494,14,8,494,-0.02553274,-0.002373117,0.02519245,-0.03125047,0.01329038,0.007761423,-0.02616483,0.02213034,0.02055573,0.01924435,0.01835354,0.01807647,0.01840858,0.01908077,0
206183_0495,15,8,495,-0.004880324,-0.001940669,0.01537339,0.01336568,0.04138973,0.01112964,-0.002060576,0.02114379,0.01974938,0.01856699,0.01775271,0.01749985,0.01781619,0.01845573,0
206183_0496,16,8,496,0.03618928,-0.002827422,0.02540461,-0.009248752,0.001941578,0.001070748,-0.006525034,0.02026817,0.01894086,0.01780507,0.01700543,0.01672046,0.01697756,0.01754202,0
206183_0497,17,8,497,0.03178472,-0.03030112,-0.008166176,0.02039655,0.0159965,-0.01304881,-0.004094408,0.02168634,0.02010226,0.01873088,0.01771464,0.01722526,0.01735438,0.01782804,0
206183_0498,18,8,498,-0.01721975,0.0009262169,-0.002631364,0.00556811,0.006104126,-0.001028914,0.01334746,0.02170068,0.02017048,0.01888842,0.01800749,0.01771546,0.0180193,0.01865601,0
206183_0499,19,8,499,0.01578091,0.009222677,0.01535623,-0.01908174,0.004680991,0.002352458,-0.005668816,0.02091465,0.01952252,0.01834222,0.01752531,0.01725901,0.01755598,0.01817147,0
206183_0500,20,8,500,0.01609665,0.01152849,-0.004936099,-0.02003281,-0.002154325,-0.009786283,-0.01589102,0.02247824,0.02079795,0.01934239,0.01825906,0.01772521,0.01784373,0.01832465,0
206183_0501,21,8,501,0.02674736,0.02051356,0.01059303,-0.01418365,-0.01296535,0.008458383,-0.001112572,0.02020445,0.01898623,0.0179726,0.01732139,0.01723059,0.01765366,0.01837265,0
206183_0502,22,8,502,-0.02790468,0.01049759,0.060857,-0.01697792,-0.005282208,-0.01503408,-0.0009656182,0.02172284,0.02024245,0.0190115,0.0181898,0.01797485,0.01834589,0.01904652,0
206183_0503,23,8,503,0.001909099,0.02543135,9.522363e-05,0.01949318,0.0127856,-0.01137684,0.0113582,0.02302106,0.02127777,0.0197909,0.01871423,0.01823362,0.01842036,0.01897616,0
206183_0504,24,8,504,-0.002172882,-0.01303177,0.01081726,0.01825084,0.003119027,0.006225036,0.009615566,0.02110975,0.01970517,0.01846705,0.01754455,0.01712046,0.01728273,0.01777867,0
206183_0505,25,8,505,-0.0247896,0.002259359,-0.01309987,-0.03182311,0.0007446386,-0.00582514,0.007816353,0.02158527,0.01997408,0.01857463,0.01752322,0.01698269,0.01706345,0.01748819,0
206183_0506,26,8,506,0.0032886,0.01133038,-0.00132653,0.008472566,-0.001097635,0.007300872,-0.002843679,0.02159319,0.02019091,0.01898861,0.01814969,0.01787723,0.01819168,0.01884125,0
206183_0507,27,8,507,-0.004220219,-0.006910003,0.03329186,-2.775477e-05,0.02974131,0.002300193,0.02701188,0.02202028,0.02042039,0.01903657,0.01801666,0.01753951,0.01769145,0.01819424,0
206183_0508,28,8,508,0.02696639,-0.01449649,-0.01620049,0.004914815,-0.004250933,-0.004841815,0.02291215,0.02276703,0.02098015,0.01945356,0.01832981,0.01777919,0.01789636,0.01837938,0
206183_0509,29,8,509,0.02543963,0.004124637,0.02112887,0.01481614,-0.002799648,-0.02035128,0.06091506,0.02076299,0.01947402,0.0183841,0.01765361,0.01748315,0.01785704,0.01854345,0
206183_0510,30,8,510,-0.03080964,0.05339555,-0.000189529,-0.000148091,-0.002930464,-0.02546402,0.04260056,0.02120303,0.0197491,0.01850631,0.01762424,0.01728647,0.01753154,0.01810446,0
206183_0511,31,8,511,-0.04088343,0.01275558,0.0275723,0.04740697,0.02902886,0.01262819,-0.01322276,0.02137117,0.01989558,0.01866478,0.01783152,0.01758388,0.01791447,0.01856886,0
206183_0512,32,8,512,-0.01525769,-0.001989817,0.002181485,0.0009844939,0.01532471,-0.004721171,0.01405176,0.02194405,0.0204219,0.01909512,0.0181182,0.01767978,0.01786095,0.01839206,0
206183_0513,33,8,513,-0.02015492,0.002704426,0.009159284,0.006628999,-0.004571813,-0.01192632,0.04116486,0.0217283,0.0201473,0.01879624,0.01782065,0.0173971,0.0175869,0.01811776,0
206183_0514,34,8,514,0.006544229,-0.01606624,-0.0003745274,-0.0275665,-0.01117804,0.0005416245,-0.002313767,0.02227008,0.02062362,0.01916576,0.01803953,0.01741489,0.01744151,0.01783219,0
206183_0515,35,8,515,0.004630761,-0.02069686,0.01276016,0.01408273,0.03336037,-0.0025318,0.01044738,0.021077,0.01974853,0.01863786,0.01790826,0.0177637,0.01817133,0.01889521,0
206183_0516,36,8,516,-0.009385157,-0.003301471,-0.02328363,0.005870356,0.03884965,0.001981768,0.006106814,0.02027673,0.01898288,0.01786983,0.01708571,0.0168142,0.01708251,0.01765906,0
206183_0517,37,8,517,-0.02713709,-0.001097018,-0.01075536,0.003333157,0.0300765,0.04569528,-0.03917345,0.02133564,0.01992596,0.018733,0.01791526,0.01766918,0.01799827,0.01865398,0
206183_0518,38,8,518,0.01123323,0.05027861,0.01723095,-0.01086761,0.0007331255,0.02511767,0.00908856,0.0219767,0.02042411,0.0190405,0.01797315,0.017399,0.01745785,0.0178745,0
206183_0519,39,8,519,0.01479173,0.03494014,0.02937988,0.009199606,-0.00607309,0.02633972,-0.01832281,0.02058916,0.01933856,0.01826751,0.01753595,0.01734447,0.01769273,0.01835328,0
206183_0520,40,8,520,-0.05095966,0.04140347,0.004407751,-0.04010615,-0.01378186,0.02554464,0.004213152,0.0245013,0.02254689,0.02084334,0.01954637,0.01884011,0.01887827,0.01932749,0
206183_0521,41,8,521,-0.05353447,-0.02159418,0.0140292,0.02249944,-0.003875294,-0.001328919,0.01056976,0.02309477,0.02131767,0.01979431,0.01867515,0.01814093,0.01828272,0.01879801,0
206183_0522,42,8,522,0.0213792,7.094742e-05,0.006697273,-0.01806914,0.01493571,0.009885154,0.008722599,0.02124862,0.01982089,0.01864528,0.01787821,0.01771323,0.0181102,0.01882389,0
206183_0523,43,8,523,0.003672056,0.02318292,0.03157704,-0.01050846,0.01421568,-0.02860244,0.0315706,0.02276726,0.02115473,0.01972009,0.01862038,0.01804521,0.01813136,0.01859225,0
206183_0524,44,8,524,-0.01000703,0.04151475,-0.03476977,0.0008978585,0.02310032,-0.0100313,7.020117e-05,0.02027347,0.01899403,0.01791605,0.01719114,0.01700807,0.01735385,0.01800183,0
206183_0525,45,8,525,-0.02877986,-0.02352907,0.02096408,-0.001802276,-0.01338474,-0.002664784,-0.02008424,0.02232536,0.02081649,0.01957687,0.01877632,0.01862542,0.01907233,0.01985725,0
206183_0526,46,8,526,0.0194453,-0.006280312,0.02249501,-0.01294633,0.03666004,-7.322589e-05,0.00729722,0.02287895,0.02112693,0.01957833,0.01837622,0.01768902,0.01768238,0.01805421,0
206183_0527,47,8,527,-0.02522539,-0.01110401,-0.004174555,-0.008395345,0.002380804,-0.04139719,-0.01874882,0.02174254,0.02018602,0.01885954,0.01791223,0.01752591,0.01774829,0.0183108,0
206183_0528,48,8,528,0.05612139,-0.003782718,0.02244817,0.01047311,-0.01337468,-0.0002859645,0.008197691,0.02265992,0.02103603,0.01965672,0.01868298,0.01831189,0.01858006,0.0192065,0
206183_0529,49,8,529,-0.01657622,0.02482145,-0.007121704,0.009007889,-0.0004944315,-0.01044245,0.01074513,0.02092164,0.01944752,0.01815458,0.01718032,0.01669054,0.01678956,0.01721935,0
206183_0530,50,8,530,0.01662405,-0.0433116,-0.01812935,0.02293189,-0.008124029,0.003113663,0.0156863,0.02153358,0.02007135,0.01880725,0.01789544,0.01752532,0.01775212,0.01831723,0
206183_0531,51,8,531,-0.01965767,0.03178901,-0.005776251,-0.01406578,0.0356744,-0.01298573,0.009415571,0.02129577,0.0198328,0.01857123,0.01766044,0.01728341,0.01749627,0.01804209,0
206183_0532,52,8,532,-0.002309228,-0.01243858,-0.02899908,0.008607796,0.007043545,0.00792367,0.005032893,0.02113256,0.01968891,0.01846081,0.01759806,0.0172848,0.01754859,0.01813756,0
206183_0533,53,8,533,-0.0271295,0.02452199,-0.01209342,-0.02343641,0.004580791,0.004432484,-0.006912442,0.02063873,0.01935173,0.01829515,0.01762875,0.01755217,0.01800276,0.01875525,0
206183_0534,54,8,534,-0.01097778,0.05404923,-0.0002792546,0.02706272,-0.00469375,0.02423594,0.02743178,0.02046822,0.0191444,0.01803322,0.01728557,0.01708871,0.01742987,0.01807679,0
206183_0535,55,8,535,-0.01467311,0.0100437,0.002091686,-0.022572,0.01014015,0.02918346,0.01093897,0.02118011,0.01981308,0.01870728,0.01802515,0.01796884,0.01845595,0.01925195,0
206183_0536,56,8,536,0.0128012,0.01542844,-0.01091813,0.04340402,0.02019672,0.00396335,-0.008745306,0.02273146,0.02109618,0.01968502,0.01865708,0.01820614,0.01840567,0.01897049,0
206183_0537,57,8,537,0.02680181,-0.01340243,0.01925812,0.002240261,-0.02466095,-0.02452373,0.02195397,0.0217375,0.02026853,0.01895349,0.01794403,0.01742453,0.01752174,0.01797121,0
206183_0538,58,8,538,0.01354808,-0.02354265,0.002811487,0.002672827,-0.005069167,0.0107233,0.01323169,0.02111189,0.01960017,0.01835059,0.01750661,0.01724384,0.01755273,0.01817857,0
206183_0539,59,8,539,0.01121705,0.01238932,0.01992987,0.004415579,0.0006766411,-0.01745144,0.01737621,0.02179234,0.02024136,0.01891347,0.01795899,0.01756121,0.01777482,0.01833088,0
206183_0540,0,9,540,-0.008004271,0.009543503,0.0187866,-0.02011706,-0.004929984,-0.01863797,-0.0009337179,0.02162514,0.02012753,0.01881754,0.01784529,0.01739365,0.01755113,0.01805306,0
206183_0541,1,9,541,0.01529371,0.0113931,0.03301366,0.01336396,-0.007946198,-0.003376629,-0.004313179,0.01917303,0.01799153,0.01703965,0.01645893,0.01642558,0.01686145,0.01756421,0
206183_0542,2,9,542,0.0323738,0.03678845,0.01816146,0.00165195,0.003954219,-0.02296567,-0.009115893,0.02186815,0.02032566,0.01895576,0.01790539,0.01735145,0.01742496,0.01785306,0
206183_0543,3,9,543,0.02411912,-0.01538806,0.003208609,-0.002921009,0.000735809,0.006156647,-0.005990763,0.01999373,0.01877321,0.01776145,0.01711187,0.01701641,0.01742791,0.01813056,0
206183_0544,4,9,544,0.03469116,-0.006870634,-0.01451152,0.02631018,0.02027591,0.00125349,0.007487877,0.02114067,0.01969639,0.01848076,0.01764467,0.01737387,0.01767542,0.01829898,0
206183_0545,5,9,545,0.03324147,0.02510395,-0.009829442,0.04498475,0.04885513,-0.01287311,0.0006592587,0.02144678,0.0199808,0.01873005,0.01784802,0.01752351,0.01778834,0.01838584,0
206183_0546,6,9,546,0.005276547,-0.02436646,0.007639809,0.03142636,-0.004247433,0.003805576,0.02449451,0.02089944,0.01941677,0.01812211,0.01715214,0.01667169,0.01677896,0.01721555,0
206183_0547,7,9,547,-0.007185767,0.03670198,0.05090147,-0.02046143,0.01488231,-0.01672269,0.01352405,0.02431671,0.02234025,0.02055946,0.01911374,0.01815937,0.01795917,0.01817594,0
206183_0548,8,9,548,0.02876674,-0.0116283,7.749436e-05,0.001310084,-0.009839227,0.009243139,-0.0006953454,0.02341504,0.02166101,0.02011607,0.01893557,0.01830514,0.01836833,0.01881966,0
206183_0549,9,9,549,-0.0225196,-0.02801738,-0.006652812,0.02705472,0.009650387,-0.006257064,0.01611726,0.02007331,0.01881853,0.01777293,0.01708744,0.01695029,0.01732891,0.01800223,0
206183_0550,10,9,550,0.0265411,-0.005935082,-0.0008826735,0.001570747,0.01115009,1.143684e-05,-0.002020077,0.02266685,0.02087928,0.01933085,0.01815953,0.01752831,0.01756859,0.01797787,0
206183_0551,11,9,551,0.02008863,0.009905419,-0.01626138,-0.03277694,0.001991268,-0.01112563,-0.02038303,0.02251249,0.02090809,0.01951405,0.0184875,0.0180196,0.01819559,0.01873395,0
206183_0552,12,9,552,0.008807304,-0.01448235,0.02556198,0.0242566,-0.01627362,0.01990119,-0.01509346,0.02192266,0.02036506,0.01900768,0.01800027,0.01752448,0.01767232,0.01817072,0
206183_0553,13,9,553,-0.006648868,0.01319263,-0.0003844199,-0.01523518,0.01756032,-0.005354991,-0.03888078,0.02215573,0.0206126,0.0192626,0.01826156,0.01779952,0.01796674,0.01848986,0
206183_0554,14,9,554,-0.02868212,0.01008219,0.02649842,0.009965344,0.00240122,0.01816678,4.281342e-05,0.02069574,0.01938503,0.01827691,0.01752795,0.01733323,0.01768381,0.01834622,0
206183_0555,15,9,555,0.001698952,0.0001388142,-0.005893758,-0.0161559,-0.04682882,-0.01667679,0.03399911,0.02170917,0.02020709,0.01891644,0.01799118,0.01762003,0.0178533,0.01842715,0
206183_0556,16,9,556,0.03839108,0.01032914,0.01542851,-0.00035075,-0.0126477,-0.03494412,0.02523735,0.02114216,0.01972073,0.01846221,0.01751365,0.01705441,0.01718617,0.01765399,0
206183_0557,17,9,557,-0.01095139,-0.004157686,0.008161059,0.01236703,-0.005177968,-0.00310606,0.0345206,0.02167717,0.02017579,0.01890537,0.01802097,0.01771319,0.01800184,0.01862542,0
206183_0558,18,9,558,-0.06380152,-0.01624059,0.03506723,0.007285562,-0.02452078,-0.0112411,0.0090131,0.0209677,0.01960799,0.01839324,0.01747266,0.0170294,0.01716726,0.01763831,0
206183_0559,19,9,559,-0.004043867,0.003262925,-0.008255315,-0.009607929,0.01911462,-0.006522662,0.001365643,0.02053439,0.0191856,0.01808542,0.01738464,0.01727014,0.0176856,0.01839937,0
206183_0560,20,9,560,0.03838316,-0.01211844,-0.02540871,0.006090747,0.03215355,-0.01498505,0.00728905,0.02117601,0.01967832,0.01843468,0.01759137,0.01732771,0.01763837,0.01826788,0
206183_0561,21,9,561,0.0194384,-0.007727047,0.007888724,0.01324406,0.008542633,0.02784756,0.007535923,0.02139149,0.02002766,0.01884595,0.01800872,0.01771809,0.01800866,0.01863244,0
206183_0562,22,9,562,-0.0297492,-0.03216136,-4.669277e-05,0.0192851,0.0005494515,0.02899277,-0.01617095,0.02151807,0.02004977,0.01876938,0.01782876,0.0174138,0.01760062,0.01812745,0
206183_0563,23,9,563,0.01898095,0.002214533,-0.00152333,-0.00183211,-0.01920265,-0.0009786829,0.01479252,0.02133228,0.01975446,0.01840521,0.01742179,0.01696972,0.0171214,0.0176062,0
206183_0564,24,9,564,0.07758757,0.01350255,0.001488453,0.01509623,0.02034648,0.01459399,-0.02414945,0.02165913,0.02019545,0.01893059,0.01802123,0.01766022,0.01790021,0.01848004,0
206183_0565,25,9,565,0.009723957,0.004179452,-0.01457118,-0.015669,0.005599199,-0.001416646,-0.006024564,0.02332755,0.02160894,0.02005149,0.01880602,0.01804959,0.0179906,0.01832392,0
206183_0566,26,9,566,0.004325456,0.001536669,-0.003721394,-0.03953272,-0.0004426612,-0.01258874,0.004069102,0.01894754,0.0178945,0.01704143,0.01653935,0.016579,0.01706973,0.0178224,0
206183_0567,27,9,567,0.02317427,-0.04904656,0.02219899,0.01399128,-0.004625338,0.02194276,-0.01583655,0.02190229,0.02028302,0.01889608,0.01788575,0.01742641,0.01759174,0.01810259,0
206183_0568,28,9,568,0.03543837,0.01715442,-0.01401601,0.002449764,0.01619491,0.02273467,0.05075249,0.02280345,0.02107889,0.01954573,0.01834764,0.01765364,0.01763753,0.01799846,0
206183_0569,29,9,569,-0.007708535,-0.01442804,0.01839551,0.06090687,-0.01671217,0.01924825,0.007792,0.02246943,0.02083199,0.01947059,0.01854247,0.01824008,0.01856354,0.01923347,0
206183_0570,30,9,570,0.03782225,0.003715591,0.0009768107,-0.008265315,-0.01196027,8.527563e-05,-0.01935615,0.01960422,0.01838353,0.01737168,0.01671397,0.01659143,0.01696694,0.01762534,0
206183_0571,31,9,571,0.01158611,-0.03494729,0.006687756,-0.01715434,0.004269177,0.01545073,0.006408733,0.02269269,0.02112123,0.01974589,0.01873035,0.01827503,0.01846749,0.01902665,0
206183_0572,32,9,572,-0.03115003,0.007183258,0.007500405,-0.01904971,0.0194747,0.03426055,-0.02470783,0.02265446,0.02105408,0.01965169,0.01860646,0.01811203,0.01826888,0.01879285,0
206183_0573,33,9,573,0.05734837,-0.01416734,-0.009017079,-0.01045537,-0.006629003,0.003878437,0.01960107,0.02194308,0.02034196,0.01894396,0.01789355,0.0173644,0.01746667,0.01792113,0
206183_0574,34,9,574,-0.02604677,0.01080523,0.01276425,0.008497253,-0.02691525,0.01243147,-0.007438861,0.02096335,0.01954062,0.01833099,0.01748321,0.01718025,0.01744746,0.01803548,0
206183_0575,35,9,575,0.02573955,-0.01362908,0.004023623,-0.01448795,0.002669278,-0.01146005,-0.01309918,0.01999685,0.01876082,0.01771083,0.01699699,0.01680665,0.01713619,0.0177636,0
206183_0576,36,9,576,-0.00975927,0.009715972,0.02506647,-0.01067781,-0.02092843,-0.01826586,0.02393396,0.02034902,0.01906934,0.01796096,0.01717434,0.01689655,0.01716129,0.01773706,0
206183_0577,37,9,577,-0.01245848,-0.02964278,0.007831409,0.03263565,-0.01021177,0.005100582,0.01980398,0.02066339,0.0192593,0.01807376,0.017252,0.01697264,0.01725003,0.01784011,0
206183_0578,38,9,578,0.003935842,0.001042943,0.0002391047,-0.01646659,0.04310669,-0.001789414,-0.01177392,0.02035234,0.01892144,0.01775793,0.01699919,0.01681369,0.01716237,0.01780648,0
206183_0579,39,9,579,-0.003974519,-0.02243941,0.000568178,-0.01939655,0.006047345,0.01512876,-0.01918561,0.02024597,0.01891105,0.01778957,0.01702645,0.01680071,0.01710955,0.01772016,0
206183_0580,40,9,580,0.02045021,-0.01877902,-0.02250937,-0.01207368,0.016867,-0.01920822,0.01002801,0.0207473,0.01941,0.01826251,0.017458,0.0171865,0.0174716,0.01807445,0
206183_0581,41,9,581,0.01269277,-0.02201443,0.0138998,0.002856137,0.01864229,-0.01581474,0.0007985392,0.02223458,0.02072398,0.01948864,0.01869643,0.01855535,0.01900766,0.01979459,0
206183_0582,42,9,582,-0.01594065,-0.009678496,-0.0135369,-0.02263883,0.002995852,0.003756544,0.00668095,0.02023983,0.01903588,0.01802952,0.01738059,0.01729011,0.01771415,0.01843614,0
206183_0583,43,9,583,0.009642917,-0.0168077,0.0129611,-0.003976568,-0.006316407,0.004490434,0.001355729,0.02164476,0.02000106,0.01863455,0.01768389,0.01731709,0.01755585,0.01812639,0
206183_0584,44,9,584,0.06452675,-0.01378912,0.003207245,-0.01213804,0.01228107,0.02666738,-0.02041014,0.02121169,0.01973298,0.01843699,0.01746698,0.01699666,0.01712301,0.01758573,0
206183_0585,45,9,585,-0.03122341,-0.02323149,-0.02111571,0.008990296,-0.001719114,-0.02002723,-0.02410211,0.02185026,0.02027981,0.01890638,0.01787595,0.01736467,0.01747833,0.01794259,0
206183_0586,46,9,586,-0.02859832,0.009493739,-0.02325099,-0.001359734,-0.003407379,0.01709047,0.01376289,0.0217065,0.02009116,0.01866898,0.01757591,0.01697307,0.01700013,0.01737796,0
206183_0587,47,9,587,-0.009841684,0.03152688,0.009213633,-0.02139205,-0.0230237,0.01533378,0.01512799,0.02082467,0.01944298,0.01826154,0.0174304,0.01713471,0.0174021,0.01798885,0
206183_0588,48,9,588,-0.02820702,0.006024694,-0.008470222,-0.0005752177,-0.001758589,0.02574518,0.01369606,0.02113527,0.01966999,0.01846571,0.01767218,0.0174737,0.01783832,0.01851755,0
206183_0589,49,9,589,-0.003878328,0.01666744,-0.02539249,-0.03154508,0.01300481,0.02849752,-0.004928314,0.02027354,0.0189733,0.01789531,0.01718982,0.01704355,0.0174217,0.01809778,0
206183_0590,50,9,590,-0.01182167,-0.01444615,-0.01882168,0.01149012,-0.02744166,-0.01279679,-0.005124478,0.02175946,0.02024198,0.01893951,0.01800535,0.01762722,0.01785616,0.01842692,0
206183_0591,51,9,591,-0.02570504,0.01034079,0.01338055,0.003815841,0.001416947,-0.001242285,-0.02060785,0.02127448,0.01979981,0.01855916,0.01770271,0.01741497,0.0177068,0.01832373,0
206183_0592,52,9,592,-0.006695581,0.04146534,-0.004028796,0.01707151,0.004942579,0.01482246,-0.01989515,0.02190201,0.02034843,0.01898416,0.01795767,0.01744852,0.01756494,0.01803378,0
206183_0593,53,9,593,-0.008613354,0.00946239,-0.00852523,-0.002220494,0.02975743,0.001259097,0.005559515,0.02177161,0.02025767,0.01890069,0.01784715,0.01727322,0.01732344,0.01772799,0
206183_0594,54,9,594,0.0114053,-0.005777245,-0.009780691,-0.04035414,-0.02553728,-0.01724724,0.01733061,0.02136411,0.01980747,0.01851683,0.01763554,0.01733856,0.01762703,0.0182392,0
206183_0595,55,9,595,0.000189793,-0.01133666,0.01145185,0.01725143,0.0002535833,-0.01388716,0.006289225,0.02211784,0.02049582,0.01907027,0.01798558,0.01741459,0.01748448,0.01791298,0
206183_0596,56,9,596,0.01226775,-0.01956207,0.01344127,-0.02622238,-0.009329214,-0.01645045,0.01405621,0.0240453,0.02195345,0.02015789,0.018789,0.01799722,0.01794865,0.0183003,0
206183_0597,57,9,597,0.01113397,0.01138965,0.03501673,0.02249032,-0.02176271,0.005433847,-0.01082531,0.02125214,0.01978689,0.01852005,0.01759947,0.01720588,0.01740254,0.01793213,0
206183_0598,58,9,598,-0.003544734,0.005605353,-0.01721143,-0.001934055,0.007499109,-0.03071546,-0.01752549,0.02245764,0.02073308,0.01924073,0.01812224,0.01754643,0.01762769,0.01807205,0
206183_0599,59,9,599,0.0007563634,-0.0005450265,-0.01700996,-0.007420414,-0.02492365,-0.01318193,-0.005110524,0.02111455,0.01973827,0.01858859,0.01782425,0.01764243,0.01801949,0.01871435,0
206183_0600,0,10,600,-0.007381893,-0.02136208,0.005900149,0.01860208,-0.0004189888,0.03580407,0.01255617,0.02125802,0.01979506,0.01856934,0.0177324,0.01747075,0.01778464,0.01842174,0
206183_0601,1,10,601,0.03073483,0.00647309,-0.02563676,-0.015135,0.0009174971,-0.006822543,-0.002385061,0.02041907,0.01906065,0.01792391,0.01715494,0.01693414,0.01725341,0.01787727,0
206183_0602,2,10,602,0.002084651,0.00596536,0.002487686,0.001485576,0.01384414,-0.003184611,-0.009470432,0.02269265,0.02099089,0.01948593,0.01832319,0.01767508,0.0176961,0.01809083,0
206183_0603,3,10,603,-0.01084863,0.006342872,-0.008748769,0.01085447,0.04688794,-0.006446004,-0.009880666,0.02451892,0.02254008,0.02078759,0.01941041,0.01858102,0.01850642,0.01884889,0
206183_0604,4,10,604,-0.01703617,0.03618816,0.052912,0.003946668,-0.02475962,0.01813847,-0.003884518,0.02206067,0.02045006,0.01902487,0.01792832,0.01733126,0.01737463,0.01777708,0
206183_0605,5,10,605,-0.002050991,0.01535746,-0.01725479,0.01612999,-0.01943309,-0.006935353,-0.01011311,0.0216619,0.0200818,0.01873995,0.01778131,0.01738193,0.0175908,0.01813765,0
206183_0606,6,10,606,0.01077719,-0.02493143,0.01957261,-0.009200478,0.01522118,-0.02015296,-0.02262296,0.02080192,0.01940623,0.01822432,0.01740508,0.01713208,0.01741922,0.01802268,0
206183_0607,7,10,607,0.009802139,0.01186534,0.01577258,0.02914428,-0.01006725,0.0107941,-0.008138744,0.02227457,0.02068229,0.01927729,0.0182103,0.01766307,0.01775834,0.01821571,0
206183_0608,8,10,608,0.03366959,-0.004918989,0.0453952,0.02081227,0.01164426,-0.01520177,0.02977147,0.02243727,0.0208361,0.01944613,0.01842339,0.0179577,0.01813308,0.01866905,0
206183_0609,9,10,609,-0.01706165,-0.0003914418,-0.01139209,0.008035746,0.001856622,0.007123524,0.02511344,0.02245373,0.02089065,0.01952777,0.01852537,0.01807946,0.01827171,0.01882528,0
206183_0610,10,10,610,0.003513477,0.03012697,0.009998216,0.02510074,-0.008469282,0.008434565,-0.01438515,0.02225107,0.02059479,0.01916226,0.01809931,0.01758132,0.01770567,0.01818712,0
206183_0611,11,10,611,0.05309533,-0.01047602,-0.006260048,-0.02246448,-0.01041207,-0.00639536,-0.007732626,0.02178083,0.02028818,0.01901658,0.01812361,0.01780324,0.0180837,0.0187033,0
206183_0612,12,10,612,0.007493106,-0.005382042,0.02971225,0.006179841,0.01618153,0.01471228,-0.007879226,0.02114793,0.01963486,0.01833697,0.01739512,0.01698027,0.01715641,0.01766205,0
206183_0613,13,10,613,0.05244144,-0.01713613,-0.007922955,0.01296337,0.01379132,0.004080825,-0.01736311,0.02350369,0.02169962,0.0201375,0.01897165,0.01838698,0.01849762,0.01899363,0
206183_0614,14,10,614,0.01099557,0.004959318,0.006145403,0.001744549,0.005954102,-0.05860039,-0.001460066,0.02228568,0.02057785,0.01912381,0.01806597,0.01757551,0.01772803,0.01823416,0
206183_0615,15,10,615,0.00482853,-0.003075382,0.01093945,0.02535776,-0.005451748,0.01489171,0.001435721,0.01986952,0.01862783,0.01758641,0.01689307,0.01673192,0.01708291,0.01772587,0
206183_0616,16,10,616,0.03902706,-0.007476682,-0.008372656,0.001711507,-0.02869617,0.03850825,0.02687059,0.02208832,0.02053356,0.01916229,0.01812599,0.01760813,0.0177231,0.01819493,0
206183_0617,17,10,617,0.008448421,-0.03103171,0.01478244,0.009811708,-0.00325636,0.03445466,0.0004037329,0.02055434,0.01913835,0.01789054,0.01694694,0.01647199,0.01657064,0.01699203,0
206183_0618,18,10,618,0.007952869,-0.005213511,0.004827965,0.027835,0.01142153,-0.009118901,0.01040572,0.02013143,0.01887493,0.01784633,0.01719837,0.01712159,0.017555,0.01827849,0
206183_0619,19,10,619,0.02545409,0.009977061,-0.003561248,0.02854887,0.0007893508,-0.01986497,0.0005680189,0.02118356,0.01979025,0.01859225,0.01774516,0.01744142,0.01771472,0.01831539,0
206183_0620,20,10,620,-0.04294229,0.01086785,-0.01347508,-0.001727137,0.05233696,-0.0025442,-0.02141725,0.02229797,0.02065464,0.01925331,0.01824443,0.01781054,0.01801263,0.01856679,0
206183_0621,21,10,621,-0.04170593,-0.0006593491,0.02925192,-0.00371533,0.03395374,-0.02660224,0.004312709,0.02069147,0.01938441,0.01833103,0.01769038,0.01766074,0.0181545,0.01894473,0
206183_0622,22,10,622,-0.02018543,-0.01550775,0.02726994,0.007599392,-0.008059767,0.02004291,0.02298296,0.02068251,0.01936226,0.01825295,0.01751025,0.01732796,0.01769032,0.01836156,0
206183_0623,23,10,623,-0.03750965,-0.02180685,-0.004214701,-0.001507982,0.02587415,-0.02467702,0.01661845,0.0209715,0.01952589,0.01830497,0.01745559,0.01715805,0.01743186,0.01802421,0
206183_0624,24,10,624,-0.005953031,0.01558615,0.02170412,0.03554914,0.03221471,-0.01677665,-0.005175011,0.02099001,0.01958729,0.01841031,0.01761183,0.01738071,0.0177126,0.01836033,0
206183_0625,25,10,625,0.02128857,-0.0238101,0.03696915,0.02350394,0.02635617,0.03020357,-0.04934725,0.02150802,0.02006253,0.01883143,0.0179721,0.01767888,0.01797451,0.01860144,0
206183_0626,26,10,626,-0.0003093651,-0.01102711,0.01416943,-0.006292386,0.004214112,-0.01266012,0.0319695,0.02056562,0.01918985,0.01799166,0.01711408,0.01673231,0.01691537,0.01741638,0
206183_0627,27,10,627,-0.0105512,0.00569969,-0.002131453,-0.01630791,-0.008420857,0.02197322,0.0262924,0.02212215,0.02056574,0.01924197,0.0183083,0.01795779,0.0182262,0.01883979,0
206183_0628,28,10,628,-0.0004121977,-0.000377476,0.01486112,-0.01778689,-0.002680027,0.004308658,0.01383336,0.02061423,0.01922079,0.01801775,0.01714822,0.01678753,0.01699185,0.01751308,0
206183_0629,29,10,629,0.01609756,-0.008370814,0.05840781,-0.006662148,-0.01067922,-0.006580925,0.009578371,0.02241967,0.02072174,0.01923767,0.01810983,0.01750757,0.01756366,0.01798308,0
206183_0630,30,10,630,0.01497833,-0.02277443,-0.00793431,-0.02335978,0.02482345,0.0317598,-0.02337851,0.02125678,0.01981225,0.01856882,0.01767748,0.01732367,0.01755685,0.01811989,0
206183_0631,31,10,631,0.05821517,-0.02346582,-0.01440125,-0.003365052,0.03618969,0.01805681,-0.01652713,0.02211986,0.02049453,0.01906093,0.01796237,0.01736981,0.01742132,0.01783133,0
206183_0632,32,10,632,-0.02384353,-0.0247676,0.02085816,0.02876997,-0.02051226,0.02845293,0.01771328,0.0208475,0.01929916,0.01799135,0.01705584,0.01665174,0.01682972,0.01732656,0
206183_0633,33,10,633,-0.007260618,-0.01196928,0.01122689,-0.002102495,0.003852387,0.008211815,0.03088797,0.02277431,0.02109073,0.01959637,0.01843996,0.01779842,0.01782818,0.01823285,0
206183_0634,34,10,634,0.01777586,-0.04936059,-0.00575353,0.008605481,-0.003196196,-0.01328556,-0.01753378,0.02467023,0.02261267,0.02084553,0.01951788,0.01880521,0.01884869,0.01930283,0
206183_0635,35,10,635,0.01498072,-0.03695936,-0.004225394,-0.005870793,0.00971566,0.0134684,-0.006779805,0.02162194,0.02015287,0.01889074,0.01799158,0.01764738,0.01790131,0.01849279,0
206183_0636,36,10,636,-0.005525162,0.01754019,0.002880554,0.008563119,0.01811234,-0.0215887,-0.002613845,0.02266374,0.02098451,0.01955589,0.01853212,0.0181005,0.01831738,0.0188938,0
206183_0637,37,10,637,0.03796871,-0.001920779,0.02260767,0.006601115,0.00579991,-0.009884138,-0.009158711,0.0205799,0.01937508,0.01837472,0.01774586,0.01769938,0.01817361,0.01895018,0
206183_0638,38,10,638,-0.02342122,-0.03270753,0.0164914,-0.005482517,0.001123464,0.003138915,-0.02186045,0.02331055,0.0215776,0.02007528,0.01896242,0.01843086,0.01858066,0.01911051,0
206183_0639,39,10,639,-0.03246047,0.03007466,-0.04362623,0.01328874,0.01526629,0.02917636,0.01504383,0.0205844,0.01930847,0.01827272,0.01763736,0.01760263,0.01808738,0.0188692,0
206183_0640,40,10,640,0.02867531,-0.01737682,0.003962832,0.0003158024,-0.01608628,0.001068214,-0.014221,0.02141022,0.01988629,0.0185855,0.01765363,0.01726829,0.01747984,0.01802463,0
206183_0641,41,10,641,-0.01434672,-0.05506653,0.01470596,0.0163249,-0.03306496,-0.0114531,0.009870456,0.02106105,0.01965379,0.01844699,0.01759235,0.01727689,0.01753543,0.01811919,0
206183_0642,42,10,642,0.01502533,0.008719942,0.02971797,0.006546682,0.01561994,-0.004967779,-0.004242306,0.02005649,0.01872938,0.0175838,0.01675896,0.01642585,0.01663298,0.01714582,0
206183_0643,43,10,643,-0.0005162147,-0.02580485,-0.01152992,-0.01227378,0.01015227,0.008094186,-0.01263062,0.02020065,0.01889547,0.01779768,0.01705456,0.01684871,0.01717274,0.01779748,0
206183_0644,44,10,644,0.01559527,0.0008115558,0.01279884,0.03181701,-0.00116955,-0.004782105,0.01522989,0.02141515,0.01996776,0.01875822,0.01794337,0.01771702,0.01806681,0.01874161,0
206183_0645,45,10,645,0.008983432,0.006142134,0.02223282,-0.010991,0.01572263,-0.006597376,0.03795686,0.0203168,0.01900207,0.01792255,0.01722816,0.01710499,0.01750475,0.01820059,0
206183_0646,46,10,646,-0.02062804,0.008429499,0.03060858,0.02284535,0.02594974,0.0128932,-7.705683e-06,0.02300478,0.02126626,0.01972961,0.01854244,0.01787964,0.01789897,0.01829895,0
206183_0647,47,10,647,0.03724274,-0.01840028,0.02740946,-0.01873185,0.02197629,0.02155524,0.03665451,0.02214814,0.02050956,0.01909613,0.01805405,0.01755966,0.01770125,0.01819672,0
206183_0648,48,10,648,0.04466345,0.01050315,-0.01203366,0.04505948,0.03006192,0.009316747,-0.007377688,0.02059521,0.01926586,0.01812927,0.01733676,0.01707595,0.01736517,0.01796808,0
206183_0649,49,10,649,-0.01294889,-0.006656062,0.02493866,-0.01636982,-0.01915767,0.02870252,0.01929736,0.02100715,0.0195375,0.01829773,0.01743268,0.01711976,0.01738041,0.01796177,0
206183_0650,50,10,650,-0.004821618,-0.01354091,0.0224589,-0.002683239,-0.009446365,0.007435333,0.01226536,0.0219608,0.02041187,0.01907155,0.01809254,0.01766102,0.01784971,0.01838744,0
206183_0651,51,10,651,0.003728999,0.01564801,0.02780345,-0.01187274,0.002433532,-0.01165502,-0.01233969,0.02153412,0.02001048,0.01870727,0.01777269,0.01738759,0.01760316,0.01815523,0
206183_0652,52,10,652,-0.02284322,-0.0138575,0.001169286,0.01349999,-0.00515337,0.01381387,0.01273668,0.02142429,0.01995526,0.01874369,0.01794484,0.01775032,0.01812829,0.01882762,0
206183_0653,53,10,653,0.02735789,-0.002810861,0.01669926,0.006671033,-0.02779579,0.01416542,-0.002153105,0.02093246,0.01950537,0.01832578,0.01754334,0.01734258,0.01769781,0.01836495,0
206183_0654,54,10,654,-0.01244264,0.02644121,0.05004506,0.01882415,-0.02279526,0.003428228,0.01187221,0.02218111,0.02052365,0.01906325,0.01794065,0.01732286,0.01735337,0.01774534,0
206183_0655,55,10,655,-0.02269488,-0.0316047,0.04915981,0.01680754,0.0008174303,0.002149768,0.03945925,0.02135783,0.01989302,0.01863168,0.01772448,0.01735613,0.01757888,0.01813539,0
206183_0656,56,10,656,0.003806312,0.0003677145,-0.007147915,-0.03569036,0.003710892,-0.01032084,-0.001089486,0.0218881,0.02035416,0.01898512,0.01792838,0.01736128,0.01742272,0.01784023,0
206183_0657,57,10,657,0.002481652,-0.01182024,-0.001174678,0.031713,-0.003619215,-0.01330456,0.02315958,0.02292349,0.02109721,0.01952594,0.01834953,0.01773366,0.01779791,0.01823492,0
206183_0658,58,10,658,-0.02063696,-0.02435326,0.03189383,0.01193442,0.006321933,0.01790367,-0.002420469,0.02163143,0.02020449,0.0189621,0.01806366,0.01770606,0.01794594,0.0185273,0
206183_0659,59,10,659,-0.03679994,-0.008343573,0.02798358,-0.006261664,-0.01295023,-0.02432703,0.000550414,0.02226228,0.02060187,0.01912871,0.01798341,0.01733213,0.01733422,0.01770132,0
206183_0660,0,11,660,0.003338154,0.01874512,0.01995658,-0.0129181,0.01231682,-0.02272179,0.02765553,0.02132805,0.01986739,0.01862706,0.01775917,0.0174508,0.01772586,0.0183297,0
206183_0661,1,11,661,-0.01804601,-0.01497342,-0.02663533,0.003389194,-0.01224524,0.009795402,0.007966703,0.02174446,0.02026681,0.01898386,0.01805177,0.01766236,0.01787922,0.01844017,0
206183_0662,2,11,662,0.01378533,-0.002370297,-0.00131507,-0.001724831,0.008544521,0.01644302,-0.004098224,0.02050455,0.01915221,0.01800635,0.01721458,0.01695931,0.01725107,0.01785264,0
206183_0663,3,11,663,0.01505471,0.001870413,-0.02112969,-0.02374142,-0.006347909,0.02204119,0.02473225,0.02225306,0.02066581,0.01929972,0.01830989,0.01788538,0.01809135,0.01865126,0
206183_0664,4,11,664,-0.006023177,-0.02510466,-0.01048534,0.003935449,-0.01340427,-0.03396087,0.02222604,0.02238411,0.02071996,0.01924877,0.01811415,0.01748665,0.01751497,0.01790985,0
206183_0665,5,11,665,-0.02960844,-0.000561032,0.01499364,-0.02371502,-0.01483997,0.02367864,0.004646601,0.02244072,0.02090442,0.01951988,0.0184438,0.0178659,0.0179348,0.01837344,0
206183_0666,6,11,666,0.003756154,0.0005081719,-0.009936952,-0.004826245,0.008994432,-0.0126834,-0.02433704,0.02192435,0.02042286,0.0191268,0.01819412,0.01781889,0.01805528,0.01863806,0
206183_0667,7,11,667,0.03637224,-0.03026032,-0.01198771,0.05220953,0.003586597,-0.007098168,-0.001803852,0.0218011,0.02025113,0.01894355,0.01803058,0.01769856,0.01797087,0.01858089,0
206183_0668,8,11,668,-0.01166788,-0.04092016,-0.009072377,0.009695032,0.01696107,-0.0004321241,0.01119954,0.02222016,0.02054258,0.01906354,0.01792189,0.0172817,0.01729383,0.01766877,0
206183_0669,9,11,669,0.03030402,0.002839408,0.02276843,0.01062656,0.01363558,-0.003684852,-0.01257313,0.02036299,0.01909892,0.01800677,0.01723936,0.01698726,0.01727465,0.01787255,0
206183_0670,10,11,670,-0.04197988,-0.0200825,0.02653071,-0.0138838,0.01857062,0.01340439,-0.02948774,0.02108794,0.01972129,0.0185392,0.01769762,0.01738981,0.01765468,0.01824688,0
206183_0671,11,11,671,-0.02030385,-0.0218591,-0.0011501,-0.01499381,0.009517492,0.0005764356,-0.01274765,0.02274249,0.02100867,0.01957159,0.01858292,0.01822709,0.01851433,0.01915475,0
206183_0672,12,11,672,0.02483491,-0.02219685,-0.02493762,0.001851713,-0.003162424,-0.02632664,0.009696456,0.02256058,0.02080951,0.01928974,0.01814128,0.0175301,0.01758388,0.01800406,0
206183_0673,13,11,673,-0.0006408892,-0.0005563131,0.004714762,0.03293381,0.01130513,0.02552124,-0.05838915,0.02122088,0.019712,0.01844943,0.01757859,0.01727736,0.01755678,0.01815884,0
206183_0674,14,11,674,0.02071438,0.01907989,0.02208163,-0.005792907,-0.01593248,0.007799726,0.04696687,0.02253604,0.02090231,0.01948007,0.01842303,0.01791721,0.01806127,0.01856904,0
206183_0675,15,11,675,0.003685753,-0.01549557,0.02820384,0.009341013,0.007884331,0.01695579,-0.0198025,0.02318678,0.02134133,0.01974032,0.01852547,0.0178639,0.01789642,0.01830937,0
206183_0676,16,11,676,0.02026474,0.02678012,-0.0176089,3.014992e-05,-0.001498526,0.02383059,-0.006765047,0.02187798,0.02033771,0.01898651,0.01797418,0.01748233,0.01761409,0.01809631,0
206183_0677,17,11,677,0.001556721,0.01323779,0.03140466,0.006442087,0.03001196,0.02420921,0.04277459,0.02061731,0.01929703,0.0181464,0.01731598,0.0169922,0.0172266,0.01777924,0
206183_0678,18,11,678,-0.009338061,-0.01067567,0.02212464,-0.002903007,-0.02335947,0.0284188,0.007119121,0.02037267,0.01903567,0.01790054,0.01711373,0.01685625,0.01714254,0.01773514,0
206183_0679,19,11,679,0.007483791,-0.006608296,-0.02128718,-0.003940237,-0.001097136,0.004224402,-0.02111968,0.02044668,0.01925413,0.01824269,0.0175766,0.01746334,0.0178758,0.01859258,0
206183_0680,20,11,680,-0.05200401,0.01222405,0.006238249,0.01843913,-0.004420822,-0.01279134,-0.02329624,0.02399185,0.02214053,0.02052058,0.01928895,0.01863254,0.01869707,0.01915957,0
206183_0681,21,11,681,0.009357367,0.02151437,-0.03070999,-0.003412261,-0.01810029,0.004677622,-0.007334045,0.02212284,0.02065792,0.01941674,0.01856781,0.01832036,0.01867791,0.01937691,0
206183_0682,22,11,682,0.02408498,-0.006549577,0.005783847,0.003305942,0.004795241,0.01250383,-0.01146722,0.02109366,0.01959944,0.01829877,0.01733161,0.01686721,0.01699801,0.01745928,0
206183_0683,23,11,683,0.02209888,0.005649337,0.006074411,-0.003362378,0.03017068,0.01755249,0.0249404,0.0217465,0.02027291,0.01900555,0.01810241,0.01775806,0.01801783,0.01861634,0
206183_0684,24,11,684,0.2547511,0.156602,0.09906984,0.09907001,0.1310062,0.1292831,0.1348064,0.02268146,0.02098832,0.01954122,0.0184925,0.01802652,0.01821583,0.01876497,1
206183_0685,25,11,685,0.2002413,0.146302,0.1384504,0.1173873,0.1561382,0.1342806,0.1138216,0.02179173,0.02030545,0.0190604,0.01821665,0.01797191,0.01832192,0.01900307,1
206183_0686,26,11,686,0.2106059,0.1613874,0.1412098,0.07391064,0.1086118,0.1432986,0.1287411,0.02175043,0.02025103,0.01893018,0.0179392,0.01746231,0.01760363,0.01809123,1
206183_0687,27,11,687,0.1659126,0.1694297,0.1130264,0.1147634,0.1163094,0.129119,0.1175313,0.02046298,0.01916481,0.01809304,0.01740231,0.01728524,0.0176979,0.01840821,1
206183_0688,28,11,688,0.1980606,0.1742343,0.1247874,0.1205442,0.09358295,0.1016334,0.0791284,0.02166991,0.02006633,0.01865026,0.01755773,0.01694993,0.01697318,0.01734449,1
206183_0689,29,11,689,0.128413,0.1479515,0.1060276,0.1033045,0.1077956,0.09654284,0.1102552,0.02103114,0.01967947,0.01850765,0.01767188,0.01736599,0.01763269,0.01822353,1
206183_0690,30,11,690,0.010308,0.02466562,-0.0253389,-0.007500658,0.01375952,-0.009235337,0.008662195,0.02167233,0.02011063,0.01873351,0.01768266,0.01712795,0.01719799,0.01761494,0
206183_0691,31,11,691,0.03452771,-0.03250025,-0.0008883528,-0.02379395,0.01977893,0.007371588,-0.005882561,0.02131294,0.01976014,0.01838779,0.01733049,0.01674826,0.01678067,0.01715347,0
206183_0692,32,11,692,0.03461458,-0.0174998,0.01118265,-0.00831153,0.01483318,0.001967648,-0.01706915,0.02194456,0.02032288,0.01892113,0.01788289,0.01738106,0.01751068,0.01798851,0
206183_0693,33,11,693,0.0138344,0.0002215623,-0.01233126,-0.005464197,-0.006766327,-0.002124112,-0.02805176,0.01963016,0.01854349,0.01767242,0.01717848,0.01726605,0.0178225,0.01865096,0
206183_0694,34,11,694,0.01191214,-0.02587324,0.02746583,0.01118965,0.01628288,-0.003842592,0.002429684,0.0212321,0.01978399,0.01857396,0.01775492,0.01751542,0.01784916,0.01850287,0
206183_0695,35,11,695,0.03295947,0.01038932,0.0139289,-0.02067527,-0.0231004,0.009362151,0.02371902,0.0211286,0.01959419,0.01827927,0.01732179,0.0168886,0.01704954,0.01753877,0
206183_0696,36,11,696,0.01172486,0.004180843,-0.002431514,0.0208922,-0.03046385,0.003068681,-0.00295214,0.02397982,0.02200548,0.02026037,0.01888245,0.01802934,0.01791624,0.01820747,0
206183_0697,37,11,697,0.009798639,0.007553413,-0.02291227,0.01930183,0.01672665,0.003091875,-0.01963896,0.02044116,0.01906178,0.01790329,0.01710955,0.0168577,0.01715191,0.01775179,0
206183_0698,38,11,698,0.003372735,0.01094643,0.01698777,0.01982012,0.02838761,-0.01551265,0.003154947,0.02283227,0.02122227,0.01982603,0.01880708,0.01836538,0.01857634,0.01915476,0
206183_0699,39,11,699,-0.02858213,0.009230391,-0.01270809,-0.003452542,-0.009174398,-0.01118251,0.03204185,0.02032764,0.01903107,0.0179833,0.01733694,0.01728178,0.01774044,0.01848985,0
206183_0700,40,11,700,0.001258324,-0.01091078,0.01659078,-0.003039464,0.03448328,0.02887908,0.007156122,0.02257301,0.02086818,0.01939092,0.01828766,0.01773386,0.01783849,0.01830794,0
206183_0701,41,11,701,0.009962847,-0.0289654,0.009588323,-0.02415024,0.008631264,-0.02602459,0.002712744,0.02167297,0.02006033,0.01867702,0.01766301,0.0171868,0.01732869,0.01781254,0
206183_0702,42,11,702,-0.0475295,-0.009118159,0.01124492,-0.0305993,-0.01812478,0.02147642,-0.01879027,0.02100898,0.01957672,0.01837894,0.01756565,0.01732164,0.01764222,0.01827976,0
206183_0703,43,11,703,-0.02370603,0.01733039,0.01233076,-0.02644774,0.01728218,-0.004570163,-0.02260345,0.01994742,0.01863689,0.01749835,0.01666989,0.01632101,0.01650982,0.01700349,0
206183_0704,44,11,704,0.02569048,-0.008855163,0.005078759,0.01831146,0.009558635,-0.02213503,-0.01793616,0.02203277,0.02043933,0.01907744,0.01809765,0.01768311,0.01789117,0.01844667,0
206183_0705,45,11,705,0.006160009,0.01189764,0.0006813408,-0.01492945,-0.02642805,0.006020826,0.002601138,0.02308779,0.02132068,0.01976805,0.01857698,0.01792171,0.01795229,0.01836403,0
206183_0706,46,11,706,-0.02150777,-0.01176311,-0.02177411,0.009400646,-0.01525773,0.0148472,-0.02749874,0.02134994,0.0198359,0.01851967,0.01754447,0.01708378,0.01722497,0.01770377,0
206183_0707,47,11,707,-0.04057535,0.02204305,0.006880337,-0.01815599,-0.01971514,0.0105979,0.008271522,0.02174313,0.02013739,0.01875385,0.01773422,0.01724919,0.01738482,0.0178653,0
206183_0708,48,11,708,-0.009979425,0.02232329,-0.03977635,-0.000515938,-0.009248181,-0.009201098,-0.02387321,0.02034781,0.01896752,0.01779762,0.01697916,0.01668527,0.0169385,0.0174992,0
206183_0709,49,11,709,0.01597559,-0.03511533,0.01558022,0.02943687,-0.004538554,0.01060807,0.01764249,0.02340043,0.02164223,0.02009406,0.01891047,0.01827597,0.01833514,0.0187822,0
206183_0710,50,11,710,-0.0001863623,0.01385998,4.169691e-05,-0.02068816,0.0264729,0.01584364,0.002848889,0.02017302,0.01883902,0.01772833,0.01698503,0.01678709,0.01711753,0.01774582,0
206183_0711,51,11,711,-0.02918241,0.0003516928,0.01577689,0.008195491,0.02761004,-0.007352212,0.01362784,0.02024238,0.01888753,0.01773659,0.01693113,0.01664533,0.01690149,0.0174632,0
206183_0712,52,11,712,0.05637017,-0.002403567,0.0301091,0.03343374,0.01449714,-0.01621469,-0.02475998,0.0215933,0.02014079,0.0188817,0.01797223,0.01760463,0.01783526,0.01840594,0
206183_0713,53,11,713,-0.002707784,-0.01111093,-0.02636717,0.02411433,0.005128732,0.006684224,-0.01472474,0.02199616,0.02055465,0.01928849,0.0183616,0.01797673,0.01820431,0.01878346,0
206183_0714,54,11,714,-0.0187376,-0.004658277,-0.02226833,0.009569961,-0.01878207,0.03145217,-0.005272345,0.02271176,0.02098628,0.01945146,0.01824866,0.01754368,0.01751355,0.01785964,0
206183_0715,55,11,715,-0.008922438,-0.003816271,-0.004965687,-0.01631334,0.01478281,-0.001784832,0.01242627,0.02079686,0.01934204,0.01809165,0.01718586,0.01679536,0.01697961,0.01748593,0
206183_0716,56,11,716,0.009409368,-0.02579088,-0.02857132,0.02426279,-0.005068759,0.02313141,0.01402025,0.02102042,0.0196017,0.01831615,0.01730379,0.01673284,0.0167564,0.01711931,0
206183_0717,57,11,717,0.009976364,0.008365411,-0.0414323,0.0274986,-0.02160143,-0.01005526,-0.01296281,0.0232365,0.02147427,0.01995799,0.01884251,0.01831434,0.01846556,0.018994,0
206183_0718,58,11,718,0.04788731,0.004350691,-0.02003504,0.02929037,0.008390945,0.007335807,0.01230868,0.02181047,0.02021935,0.01885025,0.01784834,0.01738923,0.01754982,0.01805581,0
206183_0719,59,11,719,-0.009853189,-0.006231954,-0.01882093,0.02460068,0.02781284,-0.01715607,-0.01991651,0.01995772,0.01864962,0.01753321,0.0167491,0.01647067,0.0167226,0.01727486,0
206183_0720,0,12,720,0.02294265,-0.006417733,0.009885068,-0.01892634,0.02694496,0.005014465,0.01746836,0.02256888,0.02088412,0.01941009,0.01829394,0.0177116,0.01778859,0.01823329,0
206183_0721,1,12,721,0.05705149,0.01786281,-0.005364645,0.02483262,0.02827321,-0.004513062,-0.003435598,0.02067206,0.01928984,0.01807611,0.01717413,0.01675904,0.01691401,0.01739285,0
206183_0722,2,12,722,-0.02133157,-0.01772251,-0.008347603,0.02385802,0.005480256,0.02296609,-0.005795058,0.02330981,0.02162749,0.02018181,0.01913913,0.01870262,0.01893569,0.01954498,0
206183_0723,3,12,723,0.007712181,0.01597953,0.01078574,0.004347531,0.01312247,-0.0008762298,0.01755498,0.02054726,0.01928341,0.01819921,0.01745207,0.01723894,0.01756695,0.01820722,0
206183_0724,4,12,724,-0.01810474,0.02252242,-0.009059334,-0.0184107,0.01143626,0.008443782,0.006000609,0.02361358,0.02175464,0.02008506,0.01874571,0.01789787,0.01776949,0.01804079,0
206183_0725,5,12,725,-0.004674384,0.004306082,0.001785561,-0.01978459,0.007433787,0.0201254,0.01856814,0.02074003,0.01927478,0.01806902,0.017264,0.01703285,0.01735581,0.01798624,0
206183_0726,6,12,726,-0.0171572,0.000963261,0.02436449,-0.007665183,-0.02462346,0.007008023,-0.01509712,0.02146873,0.01987512,0.01848825,0.01744379,0.01690379,0.01698009,0.01739861,0
206183_0727,7,12,727,0.0008682784,-0.01473595,0.009357536,0.002370461,0.004672755,0.008520717,0.02108995,0.02128063,0.01972985,0.01837877,0.0173642,0.01685025,0.01694236,0.01737224,0
206183_0728,8,12,728,-0.02201347,0.02000611,0.007422467,-0.007825836,0.02982376,0.009458115,0.02185779,0.0220265,0.02048541,0.01915274,0.01818364,0.01776771,0.01797242,0.01852694,0
206183_0729,9,12,729,-0.03374862,0.001972825,-0.005299097,-0.004067698,-0.01711358,-0.03518968,-0.01776541,0.01972732,0.01846526,0.01738526,0.0166282,0.01636841,0.01662809,0.01718315,0
206183_0730,10,12,730,-0.003134273,0.01624985,0.02070114,-0.02504405,-0.009687678,0.02874474,0.02510762,0.02245512,0.02093101,0.01962594,0.0187074,0.01838232,0.01868188,0.0193359,0
206183_0731,11,12,731,0.0241692,0.01564692,0.01288148,0.02593577,0.003672749,0.006926156,0.009055096,0.02097712,0.01953377,0.01828002,0.01735985,0.01694888,0.01712044,0.01762004,0
206183_0732,12,12,732,0.007988327,-0.01471703,0.03193074,-0.02186994,0.004406951,-0.0112322,0.02182659,0.02101004,0.01959344,0.0184251,0.01765764,0.01747965,0.01785759,0.01854753,0
206183_0733,13,12,733,-0.01698203,-0.02420431,-0.004978683,0.0270809,0.009268338,0.02711569,-0.009778868,0.01986454,0.01859276,0.0175305,0.01682232,0.01664756,0.01698731,0.0176181,0
206183_0734,14,12,734,-0.004304452,-0.01196175,-0.008418352,0.003033231,0.0003066581,-0.01642834,-0.004505432,0.02302565,0.02125721,0.01977125,0.01872027,0.01828891,0.01852087,0.01911663,0
206183_0735,15,12,735,-0.01020776,0.004627599,-0.0354285,0.007256872,-0.02978468,-0.007163727,0.0319663,0.02178512,0.02033768,0.01914328,0.01836726,0.01821486,0.01864253,0.0193971,0
206183_0736,16,12,736,0.01013675,-0.010743,0.002470484,-0.03110751,-0.008150661,-0.001258895,0.02217967,0.0203607,0.01907154,0.0180019,0.01730507,0.01717197,0.0175658,0.01825791,0
206183_0737,17,12,737,0.001575307,-0.03955358,-0.00791876,0.02104351,0.01745632,-0.009753222,0.01725982,0.02267617,0.02102776,0.01956298,0.01843267,0.01781722,0.01786693,0.01828832,0
206183_0738,18,12,738,0.02774779,-0.008114636,-0.01963237,0.01337087,-0.03647175,0.00852663,-0.01280732,0.02147181,0.02002275,0.01876928,0.01786575,0.01750197,0.01773415,0.01830121,0
206183_0739,19,12,739,0.1774087,0.1553467,0.1299387,0.1366764,0.0910702,0.1513714,0.1472989,0.02075368,0.01941575,0.01831357,0.01760341,0.01747966,0.01789679,0.01861734,1
206183_0740,20,12,740,0.1684341,0.1258174,0.1156938,0.1117612,0.09908098,0.1298485,0.08887496,0.02155823,0.01996157,0.01863874,0.01773248,0.01741664,0.01769898,0.01830642,1
206183_0741,21,12,741,0.1941908,0.1561432,0.150094,0.107534,0.152976,0.1163035,0.129805,0.02178164,0.02036861,0.01919171,0.01841958,0.01826234,0.01868769,0.01944002,1
206183_0742,22,12,742,0.2009657,0.09767782,0.1342497,0.1383289,0.1046075,0.09820637,0.09835285,0.02120411,0.01977328,0.01851882,0.01758964,0.01716791,0.01733978,0.01784328,1
206183_0743,23,12,743,0.1891971,0.1289052,0.1085768,0.1180996,0.1064968,0.09381982,0.1108665,0.02101865,0.01958577,0.01835851,0.01748481,0.01714623,0.01738747,0.01794967,1
206183_0744,24,12,744,0.1600842,0.1358669,0.1332794,0.1041481,0.0937515,0.1257614,0.08798245,0.02060819,0.01926828,0.0180827,0.01719723,0.01679091,0.016954,0.01743666,1
206183_0745,25,12,745,0.1979174,0.1079674,0.1338221,0.1136934,0.1226894,0.1332178,0.1519896,0.02066565,0.01933935,0.01823413,0.01750519,0.01734558,0.01773057,0.01841864,1
206183_0746,26,12,746,0.239634,0.1148587,0.1413436,0.1219821,0.1208012,0.1248062,0.1284135,0.02214883,0.02049815,0.01911834,0.01815776,0.01779687,0.01806271,0.01866734,1
206183_0747,27,12,747,0.1515145,0.139932,0.1267468,0.1012374,0.1179012,0.09405851,0.09063744,0.02045216,0.01909908,0.01795806,0.01717593,0.01693409,0.01724055,0.01785006,1
206183_0748,28,12,748,0.2551371,0.1689696,0.1119177,0.1030261,0.08731436,0.1256095,0.1570613,0.02201059,0.02047555,0.01915944,0.01821895,0.01784614,0.01809354,0.01868306,1
206183_0749,29,12,749,0.1644481,0.1381668,0.1675669,0.1139337,0.1270927,0.1404745,0.1272928,0.02166457,0.02024856,0.01906553,0.01828112,0.0181014,0.01850448,0.01923219,1
206183_0750,30,12,750,0.1793653,0.1631651,0.127228,0.1231522,0.1212194,0.1259699,0.1403076,0.02216138,0.02064253,0.01928739,0.01825111,0.01772222,0.01783128,0.01829727,1
206183_0751,31,12,751,0.1827153,0.1606276,0.1451782,0.1002925,0.1237422,0.08939174,0.09462615,0.02157973,0.02006121,0.01873157,0.01773714,0.01725535,0.01738876,0.01786281,1
206183_0752,32,12,752,0.2499141,0.2136314,0.1414054,0.1173534,0.1190928,0.1268324,0.1272641,0.02262939,0.02101291,0.01958491,0.01850035,0.01794653,0.01805203,0.01852403,1
206183_0753,33,12,753,0.1338922,0.158143,0.1366655,0.1044234,0.125603,0.1415212,0.09196807,0.02098227,0.01958513,0.01843939,0.0176994,0.01755646,0.01796627,0.01868281,1
206183_0754,34,12,754,0.231941,0.1910533,0.1530148,0.1353659,0.1069155,0.1228932,0.0955029,0.02248383,0.02083644,0.01940998,0.01835595,0.01785787,0.0180103,0.01852186,1
206183_0755,35,12,755,0.04160214,0.01393381,-0.006487819,0.005099719,0.02964323,0.0219085,0.03813084,0.02151719,0.02001027,0.01875285,0.0178971,0.01762994,0.01795109,0.01859765,0
206183_0756,36,12,756,-0.0341579,0.0179911,-0.003551768,-0.003619881,0.03531986,-0.004860162,0.01938093,0.02255307,0.02094566,0.01951052,0.01839993,0.01779673,0.01785182,0.01827622,0
206183_0757,37,12,757,0.01521284,0.00260421,-0.02399828,0.02052233,0.04769081,0.02425845,0.004767078,0.02440374,0.02236282,0.0205753,0.01918209,0.01834534,0.01826558,0.01859693,0
206183_0758,38,12,758,0.04108952,0.02946426,0.0234117,-0.003453049,-0.01224776,-0.01349305,0.03631724,0.02138959,0.01988741,0.01860796,0.01769945,0.01734307,0.01758012,0.01814779,0
206183_0759,39,12,759,0.01652978,0.002367237,0.02846386,-0.005709961,0.005514684,-0.01438685,0.01710244,0.02034311,0.01898026,0.01781878,0.01700115,0.01670255,0.0169519,0.01750894,0
206183_0760,40,12,760,-0.01406937,-0.001191373,-0.04488731,0.01628079,0.03510126,0.01458105,0.0120084,0.02262441,0.02097468,0.0195444,0.01848787,0.01799196,0.01814882,0.01866995,0
206183_0761,41,12,761,0.0174578,-0.0085415,-0.01228224,0.03393544,0.01712642,0.02658497,0.01957918,0.02254134,0.02081284,0.01930214,0.01815039,0.01752482,0.01756393,0.01797039,0
206183_0762,42,12,762,-0.005247949,0.0129759,0.01386893,0.01815238,0.003656685,-0.0002405102,0.01507729,0.02208986,0.02053222,0.01918433,0.01820059,0.01776934,0.01796327,0.01850853,0
206183_0763,43,12,763,-0.002146565,0.01656447,0.0100624,-0.006408015,0.01505946,-0.01078406,0.002227004,0.02043245,0.01903359,0.01786584,0.01707101,0.01682337,0.01712077,0.01772279,0
206183_0764,44,12,764,-0.001655767,-0.0005041141,0.01640781,-0.01255373,-0.01664449,0.04124784,0.02416305,0.02193155,0.02042315,0.01908783,0.01807876,0.01758229,0.01770928,0.01819019,0
206183_0765,45,12,765,-0.02649632,-0.007164726,-0.007554373,0.01087468,-0.01151943,0.002355628,0.006471958,0.02203781,0.02045057,0.01907137,0.01804926,0.01756465,0.01770953,0.01820704,0
206183_0766,46,12,766,-0.02237744,0.01645336,-0.006132404,-0.02325839,-0.01007343,-0.02555963,0.01181328,0.02243561,0.02087732,0.01953191,0.01856137,0.01816443,0.01840013,0.01899353,0
206183_0767,47,12,767,0.008645158,0.006142922,-0.0122649,-0.01007985,-0.02257324,-0.02762677,-0.02147689,0.02090701,0.01949945,0.01831922,0.01751682,0.01727802,0.01759904,0.01823557,0
206183_0768,48,12,768,0.001146393,0.02045326,0.002413737,-0.006605586,0.0157355,0.01242257,0.01276316,0.0212823,0.01978092,0.01847352,0.01750315,0.01704317,0.01718227,0.01765784,0
206183_0769,49,12,769,-0.03057809,-0.003259836,0.01779233,-0.01191631,-0.01415967,0.001380231,0.00225863,0.02289727,0.02119421,0.01969042,0.01853597,0.01790979,0.01795775,0.01838307,0
206183_0770,50,12,770,0.03219396,-0.0002334644,-0.022165,0.007695174,-0.006921249,-0.009545441,0.01902043,0.02192442,0.02036455,0.01903786,0.01809722,0.01772942,0.01797439,0.0185624,0
206183_0771,51,12,771,-0.008127681,-0.0008169037,-0.05068967,0.03675997,0.002355906,0.006882816,0.008147524,0.02245121,0.02086955,0.01948064,0.01844123,0.01794183,0.01808607,0.01859425,0
206183_0772,52,12,772,0.00294161,0.002746846,0.02254775,0.01150954,-0.007068933,-0.001639344,-0.01922289,0.02236871,0.02068999,0.0192387,0.0181605,0.01763027,0.01774815,0.01822594,0
206183_0773,53,12,773,-0.01978278,-0.03840365,-0.006644053,0.004373388,-0.001294312,0.01915472,0.01707288,0.02227777,0.0206332,0.01918932,0.01809134,0.01751293,0.01758224,0.01801357,0
206183_0774,54,12,774,-0.01531378,0.01100986,0.004721124,-0.02932831,-0.02862381,-0.02820596,0.02992394,0.02134877,0.01984375,0.0185517,0.01761866,0.01722264,0.01742172,0.01795445,0
206183_0775,55,12,775,-0.0198009,0.01043702,0.008106149,-0.01350539,0.00759238,-0.008260543,0.01446877,0.02121649,0.01981423,0.01862256,0.01779796,0.01753417,0.01784334,0.0184781,0
206183_0776,56,12,776,0.03238468,-0.01887475,0.0230553,0.006127619,-0.02904689,0.01994167,0.009402754,0.02185813,0.02025528,0.01892103,0.01800358,0.0176837,0.01796973,0.01859119,0
206183_0777,57,12,777,0.001003946,-0.02011535,0.002748713,-0.00265215,0.008993291,-0.009122864,0.01051113,0.02243356,0.02075287,0.0192854,0.01817625,0.01759879,0.01767572,0.018117,0
206183_0778,58,12,778,-0.020204,0.01384766,0.04004959,-0.01360292,-0.0008299516,0.01254176,-0.02633753,0.02177773,0.02025179,0.01889502,0.01785425,0.01730647,0.01738191,0.01781004,0
206183_0779,59,12,779,-0.003932979,0.02204509,0.01617493,0.02436433,0.007730409,0.00625212,0.0006689436,0.02099196,0.01951983,0.01827437,0.01739954,0.01707147,0.01731829,0.01788653,0
206183_0780,0,13,780,-0.007976281,-0.00311061,-0.04022732,0.040004,0.04693828,0.03077671,0.002940793,0.02169812,0.02019801,0.01888513,0.01791076,0.0174593,0.01761939,0.01812558,0
206183_0781,1,13,781,-0.02852142,-0.01385458,0.03408851,-0.016724,-0.009175051,-0.007090284,-0.02662002,0.02146771,0.02001073,0.01875822,0.0178643,0.01751855,0.01776485,0.01834635,0
206183_0782,2,13,782,-0.010387,0.04119505,0.01687139,-0.003527525,0.01417591,-0.01042711,0.01535069,0.0211028,0.0196505,0.01840917,0.01752644,0.01718332,0.01741987,0.01798266,0
206183_0783,3,13,783,-0.03793744,-0.01802349,-0.0004569912,0.002904697,-0.03915426,-0.004678111,0.006883004,0.02056989,0.01913311,0.01790825,0.01703377,0.01667853,0.01688631,0.01740887,0
206183_0784,4,13,784,0.007232269,-0.0297336,-0.01401319,-0.01188722,0.01575111,-0.007003618,0.01333602,0.02172208,0.02016223,0.01880291,0.01778926,0.01729666,0.01742278,0.01789566,0
206183_0785,5,13,785,0.01952807,-0.03274363,-0.006244591,0.04323997,0.02195039,0.02891541,-0.005058344,0.02380242,0.02188525,0.02017868,0.01882247,0.01797666,0.01786011,0.01814608,0
206183_0786,6,13,786,-0.006239179,-0.008495149,-0.01320655,0.009278941,-9.295907e-05,-0.007237241,-0.009894735,0.02137809,0.01989784,0.01859806,0.01762506,0.01715662,0.01729014,0.01776381,0
206183_0787,7,13,787,-0.02477995,0.000207631,0.009695167,-0.01733128,-0.006298446,0.03216399,0.009822295,0.02020332,0.01891779,0.0178731,0.0172204,0.01714771,0.01758663,0.01831587,0
206183_0788,8,13,788,0.04132934,0.0009476574,0.01594455,0.004444495,-0.01106263,0.00619698,-0.01345011,0.02234907,0.02080787,0.0194685,0.0184922,0.01807671,0.01829233,0.01886552,0
206183_0789,9,13,789,-0.004388914,0.01734465,0.008780314,0.04908871,0.01612499,-0.01351779,0.01202595,0.02266823,0.02099731,0.01954905,0.01847613,0.01796293,0.01810589,0.01861492,0
206183_0790,10,13,790,0.01728063,-0.03182088,0.01820277,-0.009869969,-0.002501401,-0.004881755,0.03397601,0.02400153,0.02200968,0.0202292,0.01879272,0.01784819,0.01764904,0.01785841,0
206183_0791,11,13,791,-0.0104356,-0.02448116,-0.006587514,-0.01710417,0.0002382422,0.0334592,-0.0185833,0.02255964,0.02082509,0.01934997,0.01827949,0.01778832,0.01795037,0.01847126,0
206183_0792,12,13,792,0.040944,0.02812778,0.008980943,-0.00684192,0.02231665,0.001493397,-0.02063459,0.02390539,0.02197576,0.02029001,0.01899335,0.01825571,0.01824539,0.01863378,0
206183_0793,13,13,793,-0.0166755,-0.00702245,0.01259132,-0.02209306,-0.01974946,0.02692674,-0.003508426,0.02403416,0.02221972,0.02060847,0.01935961,0.01866228,0.01868748,0.01911596,0
206183_0794,14,13,794,-0.01301956,0.0266895,0.004435513,-0.02353195,0.01214419,-0.02045741,-0.01166051,0.02256261,0.02096095,0.01957085,0.018551,0.01809483,0.01828436,0.01883546,0
206183_0795,15,13,795,0.02061554,0.0003168692,0.01114413,-0.001677852,0.005789764,0.001160993,-0.04190857,0.02308458,0.02134895,0.01986665,0.01879361,0.01831856,0.01851359,0.01907775,0
206183_0796,16,13,796,0.07009683,-0.01226472,-0.02583768,-0.004649404,-0.01402612,0.005414376,-0.02930836,0.02061717,0.0193126,0.0182188,0.01749201,0.017327,0.01770295,0.01838465,0
206183_0797,17,13,797,0.1652779,0.1372333,0.1217729,0.1103915,0.07812907,0.08387127,0.1156226,0.02019966,0.01885683,0.01771471,0.01691526,0.01663333,0.01689386,0.01745664,1
206183_0798,18,13,798,0.1743515,0.1694314,0.1608649,0.1229745,0.09547666,0.1145057,0.09732978,0.02177294,0.02012737,0.01875169,0.01778672,0.01740306,0.01763479,0.01819947,1
206183_0799,19,13,799,0.1509099,0.1484611,0.1123823,0.1023182,0.1019348,0.1093442,0.1057428,0.02115309,0.01968136,0.01839893,0.01744959,0.01700819,0.01716264,0.01764673,1
206183_0800,20,13,800,0.1956496,0.2067831,0.1344077,0.13229,0.112948,0.09736281,0.09185598,0.02181552,0.02015414,0.01870009,0.01758691,0.01697233,0.01699895,0.01737357,1
206183_0801,21,13,801,0.1631526,0.1225083,0.1106457,0.0974374,0.1260986,0.125866,0.1422176,0.01998746,0.0187926,0.0178166,0.01721616,0.01718789,0.01766214,0.01841789,1
206183_0802,22,13,802,0.2015458,0.1448809,0.1601296,0.1436397,0.1412309,0.1053689,0.1303705,0.0212197,0.01974143,0.01848455,0.01759666,0.01725854,0.01751021,0.01808363,1
206183_0803,23,13,803,0.1680316,0.09909658,0.1176365,0.1186977,0.1083342,0.1091285,0.1030983,0.02003332,0.01879955,0.01779852,0.0171837,0.01714681,0.01761665,0.01836632,1
206183_0804,24,13,804,0.1819681,0.1549244,0.1180129,0.1020437,0.09009279,0.09288814,0.1029234,0.02082108,0.01951701,0.01840248,0.0176364,0.01741716,0.01775718,0.01840781,1
206183_0805,25,13,805,0.1577919,0.1683902,0.127863,0.1026713,0.1509938,0.1225143,0.1405306,0.02089608,0.019565,0.01841481,0.01760171,0.01731984,0.01760776,0.01821118,1
206183_0806,26,13,806,0.1700886,0.1529557,0.1391733,0.08061297,0.1029585,0.1245185,0.1644807,0.02001467,0.01882611,0.01790282,0.01740272,0.01752351,0.01812665,0.01899558,1
206183_0807,27,13,807,0.1365456,0.1536994,0.1375349,0.09227268,0.09554825,0.1110915,0.08071523,0.02084642,0.01948586,0.01834788,0.01758731,0.01739628,0.01776388,0.01843675,1
206183_0808,28,13,808,0.1341531,0.1406933,0.110329,0.1143743,0.1291398,0.1003889,0.128493,0.02010107,0.01886231,0.01783801,0.01718186,0.01708597,0.01750864,0.01821696,1
206183_0809,29,13,809,0.1916158,0.1195753,0.1519509,0.106664,0.1365675,0.1313167,0.1638987,0.02063336,0.01935656,0.0182816,0.01756782,0.01741465,0.01780623,0.01849962,1
206183_0810,30,13,810,0.2016239,0.1487839,0.1210013,0.1189505,0.1027429,0.1360035,0.1246853,0.02087046,0.01954701,0.01841386,0.01762846,0.01738703,0.01770955,0.01834465,1
206183_0811,31,13,811,0.1827097,0.177784,0.1605898,0.1164245,0.07734962,0.1447993,0.1184068,0.02345921,0.02162521,0.02004017,0.01885378,0.01824475,0.01833991,0.01881322,1
206183_0812,32,13,812,0.2116058,0.129262,0.120303,0.1333233,0.1137643,0.1080732,0.1162044,0.02132037,0.01990918,0.01871726,0.01790249,0.01766087,0.0179996,0.01865839,1
206183_0813,33,13,813,0.2181959,0.1639739,0.1594623,0.08586992,0.1157292,0.09601865,0.1239749,0.02201973,0.02053129,0.01924856,0.01833276,0.01798331,0.01825128,0.01886137,1
206183_0814,34,13,814,0.2548951,0.1669152,0.1767502,0.1299333,0.1324535,0.1310153,0.1198838,0.02380723,0.02183468,0.02016893,0.01895265,0.0183565,0.01847826,0.01898173,1
206183_0815,35,13,815,0.1521112,0.09664654,0.09355063,0.1010358,0.09872551,0.124037,0.1202931,0.01908403,0.017974,0.01709477,0.01659325,0.01665471,0.01717176,0.01794545,1
206183_0816,36,13,816,0.2065111,0.1888663,0.1529973,0.1236543,0.1140429,0.1116408,0.1340495,0.02219434,0.02056831,0.0192115,0.01827503,0.01794514,0.01823826,0.01887132,1
206183_0817,37,13,817,0.2059738,0.1454686,0.1030927,0.109673,0.08618218,0.11593,0.09569656,0.02050187,0.01920017,0.0180554,0.01721503,0.01686351,0.0170705,0.01759404,1
206183_0818,38,13,818,-0.04243703,0.002405577,-0.002962697,0.005240536,-0.0002086785,-0.02144394,-0.02241073,0.02187511,0.02028896,0.01891229,0.01789095,0.01740111,0.01753803,0.01802203,0
206183_0819,39,13,819,0.01703696,0.0468998,-0.03288181,-0.01815066,0.02827424,0.03403349,-0.009120334,0.02028788,0.01900195,0.01794158,0.01725922,0.01714464,0.01755224,0.01825455,0
206183_0820,40,13,820,-0.008763497,0.01359385,0.007281744,0.03041784,-0.01382822,0.004444997,-0.005149569,0.02068996,0.01929895,0.01812091,0.01730289,0.01702608,0.01730734,0.01790142,0
206183_0821,41,13,821,-0.01882663,0.01065136,-0.01463774,-0.00103433,-0.02703467,0.0128266,0.01887836,0.02177145,0.02027188,0.01897787,0.01804442,0.01766159,0.01788716,0.018455,0
206183_0822,42,13,822,0.02094071,0.01346744,-0.0106961,0.006216641,0.01932794,-0.0007046955,0.03931039,0.02157464,0.02019121,0.01904227,0.01829566,0.0181608,0.01859519,0.01935383,0
206183_0823,43,13,823,0.004149325,0.019465,-0.01032369,-0.03975249,-0.002117765,-0.01470769,0.01901054,0.02076406,0.019387,0.01818321,0.01729919,0.0169148,0.01710096,0.01761095,0
206183_0824,44,13,824,-0.008198117,-0.04379599,-0.001930691,0.0337283,0.0113016,-0.01592578,0.003706949,0.02367174,0.02193877,0.02040715,0.01923971,0.01863244,0.01872446,0.01920986,0
206183_0825,45,13,825,0.03773056,0.008358998,0.02806552,0.02383252,0.01506691,0.0003906049,0.009768415,0.02198749,0.02042273,0.01905906,0.01804672,0.01756794,0.01771565,0.01821521,0
206183_0826,46,13,826,-0.02662185,0.01024351,0.01376005,0.008084938,0.01054656,0.03036763,-0.01825889,0.0202991,0.01900533,0.01790037,0.01713357,0.01689035,0.01718454,0.0177854,0
206183_0827,47,13,827,0.001332238,0.01782803,-0.01485481,-0.02804516,0.00408729,0.01517655,-0.004910488,0.02432928,0.0224067,0.02071122,0.01939618,0.01864159,0.01862787,0.01902477,0
206183_0828,48,13,828,0.0421497,0.01967377,-0.006176613,0.01607581,0.005193628,0.0087524,-0.006300053,0.02170245,0.02018367,0.01887541,0.01792914,0.01752996,0.0177383,0.01828844,0
206183_0829,49,13,829,0.009546515,-0.02878342,0.008396081,0.005625791,0.02231308,0.02391419,0.0125864,0.02147239,0.01994405,0.0186561,0.0177564,0.01742577,0.01768783,0.01828046,0
206183_0830,50,13,830,0.01747758,-0.01812427,-0.0002729713,-0.009561223,-0.02948341,0.0003163914,-0.015368,0.02083146,0.01945795,0.01830717,0.01753205,0.01732199,0.01766485,0.01832087,0
206183_0831,51,13,831,0.01374661,-0.0004861742,0.03208054,-0.008374507,-0.01985785,0.01849493,0.001288095,0.02162176,0.0200921,0.01872842,0.0176732,0.01709704,0.01714141,0.01753609,0
206183_0832,52,13,832,-0.01502487,-0.001185436,0.003091762,0.009232577,0.03455199,0.009951821,-0.01716466,0.0201941,0.01888621,0.01775219,0.01693587,0.01661472,0.01683624,0.01736701,0
206183_0833,53,13,833,-0.03635831,-0.02603336,-0.01305905,0.003619653,0.004682727,0.006153767,-0.03470615,0.02073965,0.0194476,0.01833056,0.01754589,0.01728993,0.01758704,0.01820296,0
206183_0834,54,13,834,0.03121172,0.0253159,-0.02728399,-0.01248749,0.01354583,-0.03259314,0.01533054,0.0241749,0.02235418,0.02077457,0.01960255,0.01903907,0.01919104,0.0197428,0
206183_0835,55,13,835,0.0293825,0.02730967,0.02794574,0.002867764,-0.03132502,-0.01540362,-0.00362454,0.02333211,0.02141779,0.01977132,0.01853027,0.01785628,0.01788457,0.01829561,0
206183_0836,56,13,836,0.003890456,-0.00940593,0.02140764,-0.003680901,-0.003024875,0.02926081,-0.01342354,0.02047882,0.01916633,0.01804648,0.01727032,0.01702532,0.01732423,0.0179336,0
206183_0837,57,13,837,0.04470588,0.007857992,-0.003910973,-0.01216222,0.008116789,0.005492096,0.01842684,0.02085877,0.01941098,0.01816134,0.01725167,0.01685478,0.01703503,0.01753964,0
206183_0838,58,13,838,0.006835701,0.0371763,-0.02827225,-0.002827613,-0.01967507,0.038311,0.01728727,0.02121129,0.01981192,0.0186473,0.01787577,0.01769374,0.01807428,0.01877376,0
206183_0839,59,13,839,0.02447375,0.02601428,0.002100861,0.01632409,-0.01287605,-0.01276991,0.004033848,0.02222481,0.02062692,0.01924296,0.01822521,0.01775848,0.01792588,0.01844896,0
206183_0840,0,14,840,0.006679258,-0.006418322,-0.00414458,-0.02777884,-0.00944362,-0.004472007,-0.009120576,0.02283237,0.02113043,0.01960176,0.01839099,0.01766785,0.01762291,0.01795855,0
206183_0841,1,14,841,0.01689735,-0.02583727,-0.02748372,-0.002746493,-0.006114768,0.004049279,-0.01055068,0.02080684,0.01931894,0.01802697,0.01706586,0.01659826,0.01671451,0.01715682,0
206183_0842,2,14,842,0.01704262,-0.009973677,0.00756732,-0.01078643,0.001201442,0.01463714,0.01342726,0.02244587,0.020884,0.01952135,0.01851808,0.01807003,0.01825998,0.0188113,0
206183_0843,3,14,843,0.02178957,0.0008128547,0.002166985,0.0002452384,0.0005061268,0.03789754,0.03983942,0.0217692,0.02032667,0.01908407,0.01820329,0.01788465,0.01816456,0.0187858,0
206183_0844,4,14,844,-0.01362843,-0.03061817,0.0118533,0.02355968,-0.01886744,0.009907719,0.01991724,0.02252472,0.02085942,0.0194037,0.01830634,0.01774591,0.01784069,0.01830152,0
206183_0845,5,14,845,-0.0198526,-0.02740259,-0.01126277,-0.006036257,0.01914298,-0.005391475,0.0210063,0.02159715,0.01998849,0.01858417,0.01752022,0.01695871,0.01702013,0.01742755,0
206183_0846,6,14,846,-0.03408225,-0.02436197,0.01032917,0.005597976,-0.0009372121,0.0002653295,0.007911135,0.02265586,0.02092704,0.01940927,0.01824524,0.01760388,0.01763161,0.01803075,0
206183_0847,7,14,847,0.04620205,-0.02392995,0.01323336,0.0004739743,-0.005621284,0.005605002,0.003944916,0.02194458,0.0203948,0.01906374,0.0181047,0.01770491,0.01792185,0.01848499,0
206183_0848,8,14,848,-0.0265205,0.02125504,0.02355875,-0.01174375,-0.02785732,0.0322606,0.02379864,0.02077918,0.01932472,0.0180906,0.01721811,0.01687985,0.01711041,0.01765852,0
206183_0849,9,14,849,-0.004039893,0.003677119,0.004336718,0.03706813,-0.01580683,0.01574732,0.01768413,0.02171512,0.02014369,0.01876416,0.01771882,0.01717842,0.01726153,0.01769329,0
206183_0850,10,14,850,0.03220375,0.01573335,0.02745608,-0.02356033,0.01486503,0.01017337,0.01552458,0.0212238,0.01984109,0.01866286,0.01784773,0.01759259,0.01790977,0.01855245,0
206183_0851,11,14,851,0.001895844,0.002674188,-0.006926285,0.03960443,0.001477352,-0.006693223,0.003613042,0.02260731,0.02093204,0.01948711,0.01842413,0.01792625,0.01808192,0.01860039,0
206183_0852,12,14,852,-0.00417984,0.005156816,-0.03157715,-0.01789554,-0.0002552791,-0.01203064,0.02174857,0.02159024,0.02005308,0.01871724,0.01772827,0.0172626,0.01740916,0.01789738,0
206183_0853,13,14,853,-0.0256109,-0.01094312,-0.01868272,0.001517831,-0.03935947,-0.03089466,-0.009010432,0.02030144,0.01898178,0.0178356,0.01700739,0.0166753,0.01689245,0.01742022,0
206183_0854,14,14,854,-0.04084658,0.01158701,-0.002095,-0.003136692,0.0373624,-0.02233928,0.002614298,0.02275154,0.0210713,0.01962259,0.01855957,0.01806881,0.01823716,0.01876979,0
206183_0855,15,14,855,0.187909,0.1605402,0.1363139,0.151428,0.1339022,0.1053966,0.1585478,0.02220249,0.02059813,0.01923049,0.01825274,0.01785153,0.01808024,0.01865636,1
206183_0856,16,14,856,0.1714144,0.1215503,0.1078653,0.1026031,0.09361105,0.09711332,0.1025633,0.02057424,0.01914191,0.01789608,0.01697326,0.01653901,0.01667895,0.01713635,1
206183_0857,17,14,857,0.2325361,0.1407144,0.1622256,0.134216,0.09662328,0.1184002,0.1398941,0.02207751,0.0205791,0.01930738,0.01842588,0.01813665,0.01845926,0.01912129,1
206183_0858,18,14,858,0.1777993,0.1768006,0.1155209,0.104027,0.0906793,0.1314039,0.0924463,0.02235892,0.02067127,0.01922472,0.01816488,0.01766705,0.01781975,0.01832432,1
206183_0859,19,14,859,0.2014813,0.1607171,0.1248733,0.1341744,0.06265324,0.09950562,0.1040745,0.02163322,0.0199932,0.018568,0.01749123,0.01692162,0.01698426,0.01738728,1
206183_0860,20,14,860,0.1906707,0.1945505,0.1447171,0.1073817,0.149234,0.1221814,0.1291496,0.02267454,0.02101756,0.01957531,0.01850165,0.01798244,0.01812704,0.01863165,1
206183_0861,21,14,861,0.2299915,0.111209,0.1302316,0.1207471,0.1368674,0.1176563,0.1203719,0.02325517,0.02141647,0.01983302,0.01865025,0.01804109,0.01813161,0.01859335,1
206183_0862,22,14,862,0.1846655,0.1601117,0.1731619,0.1261485,0.121135,0.1489628,0.09460397,0.02164267,0.02023182,0.01903457,0.01821545,0.01797899,0.01833683,0.01901867,1
206183_0863,23,14,863,0.2158073,0.1664902,0.1653061,0.1171662,0.08833074,0.1119014,0.1385258,0.02252853,0.02091049,0.01947299,0.01836759,0.01777621,0.01785078,0.01828475,1
206183_0864,24,14,864,0.1885658,0.1516182,0.1150331,0.1080155,0.09116169,0.1212518,0.1293602,0.02094362,0.0195693,0.01839586,0.01757684,0.01730229,0.01760342,0.01821494,1
206183_0865,25,14,865,0.2148629,0.1737614,0.1725626,0.119283,0.1321532,0.157573,0.1501789,0.02217234,0.0206813,0.01940751,0.01851663,0.01821359,0.01853499,0.01919195,1
206183_0866,26,14,866,0.2811202,0.2590816,0.1669711,0.1653646,0.1040961,0.1429275,0.1861622,0.02378091,0.02209324,0.020645,0.01961205,0.01921049,0.01950469,0.02017032,1
206183_0867,27,14,867,0.1518616,0.1304254,0.1263735,0.09368981,0.1166209,0.1364047,0.1126803,0.01979125,0.01864444,0.01771349,0.01715642,0.01717229,0.01768423,0.01846511,1
206183_0868,28,14,868,0.2065638,0.2065517,0.1469081,0.1101748,0.09667965,0.1662234,0.117744,0.02289385,0.02124863,0.0198,0.01870572,0.01815663,0.01828564,0.01877722,1
206183_0869,29,14,869,0.2433018,0.2051103,0.1416413,0.1418203,0.1032433,0.1036688,0.1497301,0.02302108,0.02134353,0.01986181,0.01873165,0.01814045,0.01823601,0.01869875,1
206183_0870,30,14,870,0.1517382,0.1262016,0.1252183,0.1167832,0.1105887,0.1197845,0.1043119,0.01989086,0.01873281,0.0177729,0.01716902,0.01712049,0.01757972,0.01831657,1
206183_0871,31,14,871,0.2189099,0.1756604,0.1640702,0.143991,0.1004576,0.1011802,0.1445617,0.02276837,0.02108802,0.01962348,0.01852693,0.01798228,0.01811128,0.0186,1
206183_0872,32,14,872,0.2341509,0.1859925,0.1379256,0.1155922,0.1159556,0.09693617,0.1375551,0.02186454,0.02035465,0.01908624,0.01821714,0.01794287,0.01827766,0.01893952,1
206183_0873,33,14,873,0.1521658,0.1152451,0.1108326,0.1192775,0.08413785,0.06162373,0.1206231,0.0201673,0.01890752,0.01781997,0.01705286,0.0167921,0.01707386,0.01765432,1
206183_0874,34,14,874,0.1766678,0.1587606,0.1462215,0.1350769,0.07533235,0.1049905,0.1222048,0.02129021,0.01979553,0.01848201,0.01749041,0.01699298,0.01710576,0.01755076,1
206183_0875,35,14,875,0.127391,0.2149093,0.1299082,0.09642957,0.1318319,0.1185,0.1477474,0.02218198,0.02065318,0.01934327,0.0184108,0.01805403,0.01832424,0.01893783,1
206183_0876,36,14,876,0.2437057,0.2155316,0.1430326,0.1272484,0.166473,0.1145061,0.1385829,0.0228821,0.02119169,0.01975973,0.01874078,0.01832747,0.01857484,0.01918002,1
206183_0877,37,14,877,0.1923859,0.2101837,0.1508769,0.1226031,0.09749263,0.1395023,0.1264274,0.02187453,0.02033802,0.01905069,0.01816433,0.01787078,0.01818541,0.01883255,1
206183_0878,38,14,878,0.1766769,0.1864682,0.1514909,0.1405346,0.08637308,0.1215264,0.1564069,0.0221609,0.02060935,0.01928629,0.01834504,0.01798033,0.01824147,0.01884777,1
206183_0879,39,14,879,0.2051171,0.1673868,0.1311981,0.1243526,0.1084603,0.1211858,0.1212327,0.02140346,0.02000837,0.01886065,0.01811801,0.01798408,0.0184181,0.01916884,1
206183_0880,40,14,880,0.01270103,-0.04092522,-0.02332553,0.007195969,-0.01648866,0.001913958,-0.0111944,0.02179182,0.02029163,0.0190562,0.01824501,0.01805496,0.0184522,0.01917556,0
206183_0881,41,14,881,0.01196675,0.01782562,-0.01183357,0.01554029,0.0281775,0.007631702,-0.006670801,0.02131794,0.01985619,0.01857897,0.01763439,0.0172032,0.01736953,0.01787142,0
206183_0882,42,14,882,0.03985408,-0.01810647,0.01403253,0.01266769,0.008812837,-0.001564357,-0.004622312,0.02231463,0.02073919,0.01937452,0.0183775,0.01793954,0.0181363,0.01868868,0
206183_0883,43,14,883,-0.03449151,0.02826712,0.02570518,0.04020067,-0.001312216,-0.01034762,-0.003819546,0.02290986,0.02125029,0.01975261,0.01856746,0.01787335,0.01785649,0.01822111,0
206183_0884,44,14,884,-0.01436495,-0.01014402,0.008463557,0.00630163,-0.003808436,0.01909835,0.005715097,0.02206935,0.02048285,0.01907216,0.01798271,0.01738847,0.01743404,0.01783897,0
206183_0885,45,14,885,0.03699763,0.004451012,-0.02629413,-0.01789154,-0.005446056,0.005659037,0.01326386,0.02036079,0.01908111,0.0180304,0.01736346,0.01727334,0.01770313,0.01842892,0
206183_0886,46,14,886,0.01311609,0.009113019,-0.01100698,0.01371682,-0.001577893,0.0342524,-0.01347408,0.02132599,0.01983888,0.01852628,0.01753161,0.01702827,0.01712868,0.01756959,0
206183_0887,47,14,887,-0.002089179,0.01273282,-0.0149966,-0.03259616,0.00500643,-0.02189332,0.004402902,0.02218159,0.02067319,0.01936704,0.01842526,0.01804739,0.01829024,0.01888544,0
206183_0888,48,14,888,-0.004193259,-0.02183435,-0.009477563,0.01092818,0.03118086,0.008592544,0.001800553,0.0221894,0.02049923,0.01903485,0.01793621,0.01737015,0.01745029,0.0178877,0
206183_0889,49,14,889,-0.01000001,0.01841715,-0.01592586,-0.01446705,0.0344017,-0.006339737,0.006880086,0.02118133,0.01981216,0.01858053,0.01763765,0.017169,0.01729029,0.0177513,0
206183_0890,50,14,890,0.02743121,0.02141478,0.0233353,0.01060978,-0.004408786,0.001291991,0.027595,0.02264137,0.02098835,0.01951231,0.01836162,0.0177127,0.01772858,0.01811857,0
206183_0891,51,14,891,-0.01078106,-0.001273921,-0.0192333,0.01369401,0.05326219,0.03544632,-0.002513533,0.02167556,0.02013091,0.01880425,0.01784375,0.01742979,0.01762491,0.01816104,0
206183_0892,52,14,892,0.01371615,0.02809463,-0.004054214,0.03531461,0.01112017,0.002224585,0.02275566,0.02412891,0.02232689,0.02068121,0.01934668,0.0185032,0.01839104,0.01869197,0
206183_0893,53,14,893,-0.001557059,-0.02735359,0.001346958,-0.02014116,0.01203168,-0.02863082,0.009053812,0.0218913,0.02041868,0.01917089,0.01831072,0.01803953,0.01836645,0.0190326,0
206183_0894,54,14,894,0.0008182771,-0.01046846,-0.001867423,-0.0122116,0.01505829,-0.05092932,-0.000613379,0.02098687,0.01954881,0.01831488,0.0174315,0.01707811,0.01730121,0.01784917,0
206183_0895,55,14,895,0.02254466,-0.00416694,0.0199814,0.02610332,-0.008269281,0.01870173,-0.01862685,0.02194208,0.02032018,0.01889242,0.01779909,0.01720718,0.01725218,0.01765275,0
206183_0896,56,14,896,0.0130191,0.04503666,0.01038227,-0.02256118,-0.02123666,-0.005230115,-0.0009978257,0.02251139,0.02083971,0.01934028,0.01815507,0.01745073,0.01741154,0.01774539,0
206183_0897,57,14,897,-0.004934086,0.007796918,0.01887609,0.02010006,0.01637606,0.001359092,0.00598936,0.02164703,0.02004919,0.01870016,0.01774302,0.01735136,0.01756711,0.01811905,0
206183_0898,58,14,898,-0.01367679,0.01142426,0.01082371,0.01877135,-0.01002974,0.007163611,0.02896499,0.02109922,0.01965868,0.01839609,0.01745698,0.01701878,0.01716905,0.01765256,0
206183_0899,59,14,899,0.01913598,0.01718886,0.008526795,-0.001410586,-0.02429932,-0.006105465,0.03243678,0.02177915,0.02027932,0.01897885,0.01803221,0.01762856,0.01783458,0.01838552,0
206183_0900,0,15,900,-0.01027032,0.02147813,-0.01101886,-0.001585359,0.0007775574,-0.02151224,-0.01401021,0.02123956,0.01976889,0.01852602,0.01766048,0.01735583,0.01763152,0.01823299,0
206183_0901,1,15,901,-0.04691444,-0.006340294,0.002061718,0.03494437,-0.001294352,0.01258578,-0.0267809,0.02183316,0.02026339,0.01888792,0.01785212,0.01733117,0.01743538,0.01789041,0
206183_0902,2,15,902,-0.03243021,-0.00658151,-0.02322312,0.009333052,0.01366509,-0.02618677,0.01569213,0.02189775,0.02026413,0.01886625,0.01784667,0.01737728,0.0175331,0.01803523,0
206183_0903,3,15,903,0.06599362,0.0171469,0.02019008,-0.002955419,0.01423309,0.009899439,-0.01850022,0.02110745,0.01967301,0.01848347,0.01769116,0.01748406,0.01783992,0.01851219,0
206183_0904,4,15,904,-0.0165238,0.001846102,0.04320912,-0.01023884,-0.0004320374,0.0276525,0.03544861,0.02097974,0.01959969,0.01844517,0.01767154,0.01747145,0.01782818,0.01850057,0
206183_0905,5,15,905,-0.002088364,-0.0175286,-0.02176914,0.01640775,0.00246861,0.02601116,0.002402018,0.02016665,0.01876033,0.01760529,0.01683758,0.01662404,0.01694192,0.01755459,0
206183_0906,6,15,906,0.006224199,0.03341679,0.0156465,0.01542143,0.005317042,-0.002052538,0.01232083,0.02081259,0.01934391,0.01806604,0.0171161,0.0166599,0.01678603,0.01723825,0
206183_0907,7,15,907,-0.01903447,0.01206991,0.04350222,0.0004718269,-0.0149559,-0.006883591,-0.03160926,0.02171223,0.02021765,0.01897041,0.01812821,0.01788556,0.01823227,0.01890995,0
206183_0908,8,15,908,-0.001011149,0.02317095,-0.02459337,0.01944439,0.0231039,0.006617043,-0.004513241,0.02179977,0.02026878,0.01895938,0.01802457,0.01765155,0.0178873,0.01846441,0
206183_0909,9,15,909,0.0147355,0.01764462,0.003646235,-0.00910228,-0.005045558,0.009988955,0.003914382,0.02050658,0.01911974,0.01798475,0.01724732,0.0170872,0.01746303,0.01813816,0
206183_0910,10,15,910,0.007076077,-0.02542541,0.02773962,-0.006208246,-0.005352425,-0.001341614,0.002257595,0.02072631,0.01929281,0.01806805,0.01719396,0.01684409,0.01706255,0.01759857,0
206183_0911,11,15,911,-0.03797125,-0.0002125057,-0.004651098,0.00388557,-0.007173484,-0.02446425,-0.00113901,0.02325095,0.02138764,0.01973767,0.01843713,0.01764269,0.01755518,0.01785528,0
206183_0912,12,15,912,0.003981433,-0.009883705,-0.02321953,0.0122159,0.03113909,0.02384533,-0.00562194,0.02183515,0.02032866,0.01904277,0.01813438,0.01779631,0.018065,0.01867316,0
206183_0913,13,15,913,0.217841,0.1914768,0.1682604,0.133922,0.1225471,0.1361298,0.1515115,0.02279354,0.02113391,0.01967494,0.01857085,0.01800736,0.01811015,0.01858344,1
206183_0914,14,15,914,0.1616356,0.122497,0.07293341,0.08509491,0.08044946,0.08505436,0.1062531,0.01952509,0.01830945,0.01725556,0.01650406,0.01622945,0.01647051,0.01700271,1
206183_0915,15,15,915,0.1906554,0.1770425,0.09707292,0.126239,0.1090068,0.1729222,0.1384271,0.02124105,0.01987376,0.01876808,0.0180877,0.01803642,0.01853452,0.01933831,1
206183_0916,16,15,916,0.1846394,0.158732,0.09338968,0.08367175,0.07940848,0.1322433,0.1241026,0.02139003,0.019925,0.01869099,0.01784165,0.01756624,0.01787802,0.01851211,1
206183_0917,17,15,917,0.1768669,0.138065,0.1253118,0.1018115,0.0725314,0.119915,0.1149819,0.02101092,0.01956888,0.01833664,0.01746115,0.01712259,0.01736638,0.01792812,1
206183_0918,18,15,918,0.2296476,0.1510215,0.1541857,0.1001789,0.1150143,0.1233747,0.1272757,0.02165406,0.02015328,0.01884237,0.01787191,0.0174254,0.01759674,0.01810499,1
206183_0919,19,15,919,0.2213915,0.2164365,0.1453396,0.1403021,0.1000989,0.1146288,0.1042304,0.02328245,0.02153343,0.01998311,0.01878317,0.01811367,0.01814626,0.01855633,1
206183_0920,20,15,920,0.1726144,0.1483222,0.08389543,0.1036368,0.1009555,0.08864083,0.1157125,0.02001351,0.01879063,0.01778277,0.01714376,0.01706601,0.01750472,0.01822285,1
206183_0921,21,15,921,0.1950624,0.1200063,0.1050023,0.09572675,0.1017215,0.1004629,0.1047127,0.02061769,0.01928382,0.01817941,0.01745814,0.01731093,0.01771358,0.01840864,1
206183_0922,22,15,922,0.2756984,0.1891671,0.1513215,0.1354653,0.1081744,0.09994131,0.1468403,0.02327614,0.02139782,0.01976438,0.01851471,0.01781146,0.01782423,0.01820707,1
206183_0923,23,15,923,0.2226795,0.1904197,0.1287416,0.09820912,0.08994414,0.09601213,0.1180639,0.02284289,0.02116623,0.01966544,0.01848961,0.01781553,0.01783193,0.01821188,1
206183_0924,24,15,924,0.2161982,0.1491737,0.1446026,0.1098243,0.1427889,0.1002615,0.1469714,0.02166269,0.02022999,0.01898886,0.01809936,0.01775937,0.01803429,0.01863288,1
206183_0925,25,15,925,0.2114775,0.1509138,0.1593397,0.150014,0.1254653,0.1074568,0.1387308,0.0222677,0.02065763,0.0192715,0.01826188,0.01781416,0.01801956,0.01856174,1
206183_0926,26,15,926,0.2146786,0.1739867,0.1542017,0.1511462,0.1445866,0.1271308,0.1268811,0.02278624,0.02123935,0.01988491,0.01889137,0.01846618,0.01870793,0.01929872,1
206183_0927,27,15,927,0.2568332,0.2183145,0.1346718,0.1409945,0.08608351,0.08628782,0.1004611,0.02236214,0.02073819,0.0193054,0.01821229,0.01763725,0.01773078,0.0181702,1
206183_0928,28,15,928,0.1581908,0.1177732,0.1079078,0.1035784,0.09031053,0.1275798,0.1130502,0.02020091,0.01895826,0.01791227,0.01721703,0.0170655,0.01745463,0.01812585,1
206183_0929,29,15,929,0.2279271,0.1540796,0.1225127,0.1203862,0.1223067,0.1303465,0.154803,0.02173512,0.0202805,0.01904586,0.01819217,0.01791918,0.01825872,0.01891604,1
206183_0930,30,15,930,0.2031022,0.1414285,0.09815732,0.1184799,0.1043087,0.119738,0.10219,0.02088412,0.01949389,0.01833943,0.01757268,0.0173826,0.01776323,0.01843871,1
206183_0931,31,15,931,0.123932,0.1485433,0.1364411,0.1037622,0.08928204,0.1149458,0.1082436,0.02018522,0.01892805,0.01787261,0.01717032,0.01701157,0.01739199,0.01805619,1
206183_0932,32,15,932,0.1503846,0.1260386,0.1123283,0.09469314,0.07956365,0.09868658,0.1149396,0.02039985,0.01910833,0.0180256,0.0173031,0.01713171,0.01750804,0.01817376,1
206183_0933,33,15,933,0.1741154,0.1791812,0.1186292,0.06721837,0.08059114,0.1253683,0.09991364,0.02045386,0.01916544,0.01809503,0.01739515,0.01725952,0.01766773,0.01836512,1
206183_0934,34,15,934,0.2002674,0.155105,0.1280348,0.145789,0.1168704,0.0976867,0.1415631,0.02094222,0.01960547,0.01849404,0.0177638,0.01761421,0.01802689,0.01874063,1
206183_0935,35,15,935,0.2447874,0.1904999,0.1417056,0.122163,0.1126246,0.1098549,0.1314366,0.02223364,0.0206847,0.01932548,0.01830596,0.01781656,0.01797461,0.01848157,1
206183_0936,36,15,936,0.1730535,0.1495073,0.1243778,0.1050834,0.09993318,0.1047082,0.1067838,0.02024284,0.01900051,0.01795959,0.01726847,0.01712205,0.0175096,0.01818917,1
206183_0937,37,15,937,0.2022528,0.1713321,0.1474226,0.0978047,0.08380907,0.07840853,0.1002922,0.02130078,0.01981661,0.01858316,0.01774138,0.01747684,0.01780119,0.0184415,1
206183_0938,38,15,938,0.1754492,0.1247327,0.1595047,0.1352518,0.109482,0.1063001,0.1082201,0.02094975,0.01963658,0.01853358,0.01779123,0.0176125,0.0179961,0.01869046,1
206183_0939,39,15,939,0.2137105,0.1335107,0.1553578,0.1406504,0.1117801,0.08364307,0.1229196,0.021117,0.01970067,0.01847571,0.01757913,0.01719659,0.01740684,0.01794335,1
206183_0940,40,15,940,0.2979013,0.2511755,0.2057724,0.1475319,0.1338458,0.1312646,0.1216932,0.02458251,0.02254007,0.02072753,0.01926717,0.01831887,0.01814856,0.01839579,1
206183_0941,41,15,941,0.1900827,0.188028,0.1357932,0.1125803,0.1207121,0.1194858,0.1444159,0.02186973,0.02036667,0.01905014,0.01805723,0.01757671,0.01772536,0.01822276,1
206183_0942,42,15,942,0.02182272,0.008009544,-0.02113597,0.0009143612,-0.00889662,0.001809294,-0.02537012,0.02123664,0.01989294,0.01876293,0.01801107,0.01784276,0.01823733,0.01895143,0
206183_0943,43,15,943,0.03017971,-0.00628042,-0.01237864,0.01959464,-0.02619354,0.007344246,0.02400468,0.02094797,0.01963084,0.01846903,0.01761857,0.01727332,0.01749927,0.01805268,0
206183_0944,44,15,944,0.02859881,-0.001000095,-0.007093966,0.005665684,-0.01179748,0.01832627,0.01092353,0.02294678,0.02117242,0.01961028,0.01840291,0.01771808,0.01771817,0.0180964,0
206183_0945,45,15,945,0.03034814,0.03641311,0.006013194,0.03881638,-0.01071947,0.003343737,-0.02769329,0.02173208,0.02034279,0.01915757,0.0183447,0.01811418,0.01847033,0.01916221,0
206183_0946,46,15,946,0.004137868,-0.01954546,-0.04801095,0.0005377832,0.01897636,0.01419978,0.03851343,0.02290907,0.02123482,0.01979674,0.01875368,0.01829878,0.01850256,0.01907391,0
206183_0947,47,15,947,-0.0186077,-0.007578993,0.006259598,-0.03352511,-0.01950114,0.0005904658,-0.02669782,0.02282363,0.02106362,0.01954397,0.01841022,0.01783618,0.01793277,0.01839937,0
206183_0948,48,15,948,0.05802772,0.005419779,-0.03874514,0.05867269,0.02846131,0.01486613,-0.02916718,0.02436018,0.02244387,0.02070715,0.01929685,0.01838003,0.01821321,0.01846437,0
206183_0949,49,15,949,0.01466909,0.0459267,-0.0003251666,-0.01010009,-0.02243792,0.03145035,-0.0218664,0.02008878,0.01882467,0.0177415,0.01698729,0.01674612,0.01703427,0.01762527,0
206183_0950,50,15,950,-0.002381181,0.009822366,-0.0008504482,-0.01955035,-0.003713473,0.001175244,-0.01210746,0.0218342,0.02021237,0.01879561,0.01772332,0.01716192,0.01723168,0.0176526,0
206183_0951,51,15,951,0.03987566,0.03442576,-0.02709953,0.02358807,-0.005801977,0.02551956,-0.03772775,0.0211684,0.01983396,0.01875598,0.01810031,0.01807411,0.0185864,0.01940652,0
206183_0952,52,15,952,0.0189984,-0.01023834,-0.02406438,0.005078169,-0.006521626,0.03447405,-0.01653348,0.02308996,0.02131816,0.01978308,0.01863399,0.01804933,0.018145,0.01861762,0
206183_0953,53,15,953,0.02777799,0.01101971,-0.04282305,-0.01120416,0.00844671,-0.005831893,0.021889,0.02196687,0.02035618,0.01897009,0.01795471,0.01748666,0.01764506,0.01815237,0
206183_0954,54,15,954,-0.01728254,-0.0003382475,-0.02254444,0.0364575,-0.009428889,-0.03016376,0.04530661,0.02113182,0.01962234,0.01832951,0.01739449,0.01698874,0.0171722,0.01768446,0
206183_0955,55,15,955,0.01606083,-0.007640368,0.01271409,-0.01039172,-0.0007069499,0.008434555,0.01846156,0.02154479,0.01998024,0.01859915,0.01753992,0.01696767,0.01701519,0.01740975,0
206183_0956,56,15,956,0.01549479,-0.01482156,-0.02210991,0.001179103,0.008931289,-0.01854145,0.01471597,0.02157586,0.02001166,0.01865356,0.01764363,0.01715318,0.01727672,0.01774321,0
206183_0957,57,15,957,0.01576263,-0.01695518,-0.02460399,-0.01054472,-0.01895207,0.02858139,-0.001255459,0.02281886,0.02115242,0.01971014,0.01864875,0.01815821,0.01832607,0.01886264,0
206183_0958,58,15,958,0.006861022,-0.03263591,-0.03594383,0.008098046,0.01901774,-0.0165628,0.02130669,0.02216513,0.02066318,0.0193575,0.01841005,0.01802016,0.01825116,0.01883547,0
206183_0959,59,15,959,0.007613797,-0.005241714,-0.01467907,-0.008790993,0.01084083,-0.004539516,0.03251759,0.02100931,0.01954506,0.01830312,0.01742852,0.01709883,0.01734457,0.01791267,0
206183_0960,0,16,960,-0.003721832,-0.003233855,-0.03756383,-0.008116201,0.008389582,-0.02545147,0.002919426,0.02158046,0.02020606,0.01904283,0.01825836,0.01806192,0.01844184,0.01915259,0
206183_0961,1,16,961,0.00788583,0.0162204,0.01861733,0.004054994,0.0107111,0.02047812,0.005125296,0.02147192,0.0199613,0.01870001,0.01783875,0.01756248,0.01787179,0.01850824,0
206183_0962,2,16,962,0.04123987,0.0327166,0.02079837,-0.005586795,0.004076254,0.003206767,-0.006965799,0.02135879,0.01988012,0.01858808,0.01762957,0.01718346,0.0173366,0.01782814,0
206183_0963,3,16,963,0.001797624,-0.0134574,-0.01105805,-0.009086663,0.00572795,0.002060814,0.01182792,0.02218834,0.02061651,0.0193055,0.01841409,0.01813738,0.01847168,0.01914767,0
206183_0964,4,16,964,0.01895356,0.000296452,-0.02286564,-0.01015497,-0.01210423,0.004628376,0.01402842,0.02105292,0.01954574,0.01824206,0.01728029,0.01682778,0.01696656,0.01743547,0
206183_0965,5,16,965,-0.01103068,-0.002148911,0.007878111,-0.01174243,0.001874317,0.01013561,-0.01466531,0.02163405,0.02013231,0.01883679,0.01789938,0.01750585,0.01771652,0.0182676,0
206183_0966,6,16,966,0.01963439,0.01570603,0.008714745,0.02290523,-0.01757926,0.01946544,-0.02994161,0.02183063,0.02041733,0.01919678,0.01833519,0.01803922,0.01834066,0.01898448,0
206183_0967,7,16,967,0.002561542,0.02052852,-0.003068037,-0.008027718,0.00631022,-0.003274448,-0.02383869,0.02068749,0.01928411,0.01808368,0.01723079,0.01690286,0.01713814,0.01769033,0
206183_0968,8,16,968,-0.02123667,0.006251644,0.01330932,-0.04449518,0.03993974,0.007901429,0.001121713,0.02151754,0.0200459,0.01875164,0.0177848,0.01732841,0.01747753,0.01796926,0
206183_0969,9,16,969,-0.002112396,-0.006654101,0.02661391,0.002647001,-0.02497393,-0.003544237,-0.002804886,0.01903576,0.01794966,0.0170543,0.01649841,0.01646938,0.01690467,0.01760824,0
206183_0970,10,16,970,-0.009539515,0.04451143,0.02766276,0.003886052,0.01164768,0.01533396,0.004801573,0.02235041,0.020731,0.01927753,0.01813514,0.01747591,0.01747218,0.01783596,0
206183_0971,11,16,971,-0.001422301,0.004181277,-0.01612564,0.008714288,0.01531093,-0.01758208,0.02197322,0.02014363,0.01884087,0.01779772,0.01716225,0.01711812,0.01758091,0.01832701,0
206183_0972,12,16,972,0.184067,0.197851,0.1662277,0.1208484,0.09343097,0.07468123,0.1217292,0.0231188,0.02136031,0.01979355,0.01856412,0.01784289,0.01781502,0.01817016,1
206183_0973,13,16,973,0.2064552,0.1172896,0.1475883,0.09669172,0.122637,0.09079812,0.1379174,0.02222973,0.02068279,0.01931247,0.0182734,0.01775328,0.01787336,0.01835116,1
206183_0974,14,16,974,0.1862012,0.1671566,0.1469786,0.131376,0.1037477,0.09432422,0.09818533,0.02066335,0.01926437,0.01810136,0.01732125,0.0171052,0.01744226,0.01808297,1
206183_0975,15,16,975,0.177803,0.121626,0.1487266,0.09462018,0.1021624,0.1069612,0.0838656,0.02110718,0.01963828,0.0183769,0.01746825,0.01708968,0.01730122,0.01783522,1
206183_0976,16,16,976,0.235774,0.1681907,0.1004963,0.07857085,0.07868903,0.116881,0.1158502,0.0225587,0.02092962,0.01951296,0.01846364,0.0179695,0.01813229,0.01865151,1
206183_0977,17,16,977,0.1939258,0.1448035,0.1476712,0.1322751,0.0972529,0.09850934,0.1349165,0.02196186,0.02043318,0.01908922,0.01808259,0.01759887,0.01774914,0.01824329,1
206183_0978,18,16,978,0.2156299,0.1357385,0.1595188,0.1121525,0.1237128,0.1305676,0.1644122,0.02131503,0.01996931,0.01890583,0.01829224,0.0183377,0.01892865,0.01981128,1
206183_0979,19,16,979,0.2358304,0.1619417,0.103556,0.1091403,0.1057885,0.1189069,0.16522,0.02101782,0.01971725,0.01863032,0.01792221,0.01779987,0.01823912,0.018979,1
206183_0980,20,16,980,0.1338753,0.1232844,0.07078519,0.08722537,0.102397,0.08854875,0.1185823,0.0196415,0.0184433,0.01747695,0.01689186,0.01687463,0.017357,0.01810053,1
206183_0981,21,16,981,0.1850331,0.172905,0.1196168,0.163171,0.1056186,0.1075838,0.1657458,0.02213385,0.02067519,0.01945263,0.01863654,0.0184388,0.01885918,0.01959966,1
206183_0982,22,16,982,0.1910736,0.1814171,0.1312577,0.1038872,0.1302706,0.1118985,0.1660475,0.02134896,0.02005678,0.01895744,0.01822243,0.01806762,0.01849774,0.01923222,1
206183_0983,23,16,983,0.2107691,0.1989419,0.1494966,0.1220801,0.1511281,0.1431157,0.1669813,0.02291263,0.02134096,0.02000855,0.01908807,0.018793,0.01916239,0.0198675,1
206183_0984,24,16,984,0.1546742,0.1603323,0.1101301,0.1086018,0.1245218,0.1101299,0.1450129,0.02037001,0.01913395,0.01812313,0.01749753,0.01745771,0.01795673,0.01872577,1
206183_0985,25,16,985,0.1072438,0.1337143,0.07571338,0.1002166,0.07680525,0.09568821,0.1094405,0.01915859,0.01807829,0.0171715,0.01658909,0.01652187,0.01695321,0.01763627,1
206183_0986,26,16,986,0.1249362,0.09809485,0.1047529,0.1291726,0.1001143,0.115235,0.1290418,0.01994554,0.01876706,0.01778296,0.01714974,0.01706446,0.01751079,0.01822227,1
206183_0987,27,16,987,0.1932027,0.211251,0.159458,0.1287787,0.09551147,0.1230519,0.148314,0.02227124,0.02076307,0.01947209,0.01856353,0.01824188,0.0185691,0.01921733,1
206183_0988,28,16,988,0.1384423,0.105556,0.1250911,0.121421,0.1115117,0.1136439,0.1459874,0.01972135,0.01856182,0.01761917,0.01704816,0.01704383,0.01755252,0.01831419,1
206183_0989,29,16,989,0.1517391,0.1256264,0.1013269,0.1117081,0.09292299,0.1012676,0.100854,0.01867056,0.01772685,0.01702204,0.01671173,0.01699425,0.01770643,0.01863147,1
206183_0990,30,16,990,0.1530548,0.1530047,0.1081333,0.1119252,0.1136239,0.1144337,0.1198167,0.0203758,0.01906397,0.01792799,0.01711362,0.01680315,0.01706666,0.01761843,1
206183_0991,31,16,991,0.18143,0.1415338,0.1559852,0.111921,0.1155704,0.1273545,0.1489807,0.02207226,0.02065928,0.01947599,0.01869386,0.01853083,0.01898678,0.01975421,1
206183_0992,32,16,992,0.1609302,0.1793043,0.1387313,0.1060574,0.10219,0.07658801,0.1564108,0.02090608,0.01955707,0.01842196,0.01765361,0.01744733,0.01782085,0.01848789,1
206183_0993,33,16,993,0.2015351,0.1559552,0.132903,0.142167,0.1275993,0.1345662,0.1526552,0.02098072,0.01965731,0.01857613,0.01789398,0.0178147,0.01829979,0.01907236,1
206183_0994,34,16,994,0.1614006,0.1700442,0.1351594,0.1254853,0.1193973,0.1363394,0.1108043,0.02083134,0.01955241,0.01844296,0.0176541,0.01738661,0.01769823,0.01831436,1
206183_0995,35,16,995,0.1751815,0.1527914,0.1402435,0.1157669,0.1236847,0.08730159,0.09740815,0.0210931,0.01968534,0.01844658,0.01751259,0.01706558,0.01722658,0.01770731,1
206183_0996,36,16,996,0.1975764,0.1611863,0.1330093,0.1143784,0.09485089,0.1217817,0.1315853,0.02107465,0.01962065,0.01837548,0.01746901,0.01708127,0.01729674,0.01782772,1
206183_0997,37,16,997,0.2038666,0.1484996,0.1760714,0.1140371,0.113377,0.1325686,0.1507738,0.02131065,0.01996521,0.01885656,0.01813031,0.01799636,0.01844167,0.01919522,1
206183_0998,38,16,998,0.2508723,0.180082,0.1525324,0.1003358,0.12069,0.1029891,0.1131506,0.02284658,0.02110274,0.01961759,0.01851274,0.01797021,0.01811563,0.01862052,1
206183_0999,39,16,999,0.1585888,0.1414556,0.09299147,0.1079896,0.0898472,0.1138963,0.1282107,0.01938399,0.0182034,0.0172629,0.01668263,0.01664681,0.01710522,0.01782856,1
206183_1000,40,16,1000,0.1579156,0.1411556,0.1326347,0.09787238,0.09146717,0.1201587,0.1130616,0.02035397,0.01891754,0.0177818,0.01705322,0.01690239,0.01729771,0.01797855,1
206183_1001,41,16,1001,0.2107636,0.162267,0.1405987,0.1319775,0.1136412,0.1486877,0.1434926,0.02199588,0.02055669,0.0193781,0.0185937,0.01841861,0.0188519,0.01961503,1
206183_1002,42,16,1002,0.2054102,0.186749,0.1473959,0.1149641,0.1474838,0.1129015,0.1475896,0.02277385,0.02109937,0.0196541,0.01855241,0.01798299,0.018097,0.01857893,1
206183_1003,43,16,1003,0.01328255,0.00576238,-0.008799969,0.01351065,-0.02109389,-0.009654599,0.007829535,0.0213641,0.01979882,0.01843631,0.01741351,0.01689456,0.01698768,0.01741818,0
206183_1004,44,16,1004,0.003132075,-0.002727284,0.01806106,-0.006578218,0.01735558,0.02365134,0.02540413,0.02120227,0.0198753,0.01879066,0.0181155,0.01805886,0.01854824,0.01934789,0
206183_1005,45,16,1005,-0.03903989,0.01189925,-0.01014306,0.03140936,-0.0243494,-0.01161561,0.02770962,0.02120319,0.01976284,0.01846571,0.01745437,0.01690063,0.01694862,0.01733769,0
206183_1006,46,16,1006,-0.01583929,0.01248434,-0.001109635,-0.006731896,-0.0139167,0.03411325,0.009861426,0.0210453,0.01968298,0.01855357,0.01781638,0.01766957,0.01807533,0.01879413,0
206183_1007,47,16,1007,0.03502906,0.02949737,0.02329273,-0.03870004,-0.01631218,0.02297906,0.008533382,0.02110205,0.01970296,0.01861194,0.01798555,0.0180177,0.01857655,0.01943076,0
206183_1008,48,16,1008,0.02054863,-0.02430586,-0.01273134,-0.01390486,0.01021469,0.005207848,-0.002582944,0.0202551,0.01899029,0.01795229,0.01729538,0.01721211,0.0176439,0.01836939,0
206183_1009,49,16,1009,-0.00505151,-0.002404211,-0.02232161,0.02187784,-0.01198529,0.06102153,-0.01306705,0.02060939,0.01927163,0.01811847,0.01729965,0.0170004,0.01725638,0.0178286,0
206183_1010,50,16,1010,0.01014531,-0.03402684,-0.02368514,0.03535306,-0.0165201,0.02169607,0.01604394,0.02222285,0.02061264,0.0192315,0.01823156,0.01779774,0.01799535,0.01854562,0
206183_1011,51,16,1011,0.01090982,0.01379591,0.01735574,0.03202545,-0.0294537,0.009592575,-0.009585457,0.02137216,0.01982888,0.01845372,0.01738206,0.01677447,0.01678251,0.01713596,0
206183_1012,52,16,1012,0.007826902,0.03328081,-0.02508405,-0.008485957,0.01129007,-0.01015115,-0.02556736,0.01990701,0.01867557,0.01761061,0.01685914,0.01660425,0.01687308,0.01744302,0
206183_1013,53,16,1013,0.03695137,0.00655717,0.01816183,0.02622836,-0.01520897,0.008851472,0.01803071,0.0217301,0.02024713,0.01902523,0.01822455,0.01804306,0.01844295,0.01916994,0
206183_1014,54,16,1014,0.02009662,-0.01253567,0.001412973,0.003400783,0.004142337,0.002362443,0.01713325,0.02377848,0.02189699,0.02022271,0.0188998,0.0180951,0.01801438,0.01833495,0
206183_1015,55,16,1015,0.01860016,-0.02035366,0.0178812,-0.006463465,0.02093997,0.01476794,0.02847264,0.02097181,0.01953355,0.01830419,0.01743026,0.01709142,0.01732704,0.01788605,0
206183_1016,56,16,1016,0.01336235,0.0009302575,-0.02451594,-0.0004696046,0.01527255,-0.003454833,-0.04146389,0.02240483,0.020633,0.01906543,0.01783178,0.01708148,0.01700187,0.01729186,0
206183_1017,57,16,1017,-0.005782465,-0.002623114,0.003890441,0.02666202,-0.01566119,-0.01471379,-0.002216947,0.02304907,0.02123524,0.01965427,0.01844798,0.01778363,0.0178069,0.01820933,0
206183_1018,58,16,1018,-0.01729513,0.02218694,0.02939322,-0.005196143,0.01781329,0.01056325,0.003598426,0.02150197,0.02011637,0.01890332,0.01802353,0.0176763,0.01791967,0.01850256,0
206183_1019,59,16,1019,0.04598799,0.007925239,-0.01262239,-0.0138821,0.01777566,0.01892605,-0.02577739,0.02194882,0.02036025,0.01902419,0.01809167,0.01774713,0.01801424,0.01862178,0
206183_1020,0,17,1020,-0.004056231,0.01633636,-0.04442543,0.01922823,0.0008628127,-0.003749092,0.01706551,0.02500707,0.02296435,0.02110704,0.01957762,0.01853341,0.01827273,0.01844621,0
206183_1021,1,17,1021,-0.02061083,0.039077,-0.008479711,0.008883376,-0.03323694,0.01890102,0.02869702,0.02175541,0.02016308,0.01875202,0.01766085,0.01705423,0.01707807,0.01745482,0
206183_1022,2,17,1022,0.01052365,-0.003510296,0.01461114,0.0005990099,0.0245293,-0.03073733,-0.02837857,0.0209878,0.0196741,0.01851133,0.01765621,0.01730353,0.01752238,0.01807169,0
206183_1023,3,17,1023,0.008381249,0.02606432,0.001376512,-0.01415436,-0.008078706,0.007018857,-0.02262844,0.02361723,0.02187166,0.02031392,0.01910177,0.01842314,0.01844752,0.01886765,0
206183_1024,4,17,1024,0.01898934,-0.02852639,0.001372954,-0.01505176,-0.01288307,0.0203948,0.02331893,0.02253799,0.02091272,0.01950929,0.01848379,0.01802601,0.01821288,0.01876108,0
206183_1025,5,17,1025,0.008792496,0.02537738,-0.02572192,-0.0115197,-0.005138722,0.01009337,0.006099977,0.02336702,0.02164556,0.02012641,0.01896761,0.01835885,0.01843903,0.01890597,0
206183_1026,6,17,1026,0.01291339,0.006887077,0.01830196,0.0005841413,0.00410708,0.005939103,-0.01660541,0.02147078,0.02007224,0.01888772,0.01807976,0.01785038,0.01819865,0.01887594,0
206183_1027,7,17,1027,-0.0163047,-0.009555026,0.0270349,0.001388871,-0.01440016,0.02353788,0.01317678,0.02090779,0.0195839,0.01842545,0.01758806,0.01726502,0.01750913,0.01807885,0
206183_1028,8,17,1028,-0.01234412,0.01254262,0.003531671,0.02324406,-0.01595055,-0.02051867,-0.04423514,0.02020307,0.01887647,0.01775866,0.01699437,0.0167625,0.01706501,0.01766853,0
206183_1029,9,17,1029,-0.03133446,-0.001143867,0.0008153758,0.008561079,-0.02150565,0.01720407,-0.002758472,0.02273965,0.02101967,0.0195476,0.01847354,0.01797847,0.01814312,0.01867121,0
206183_1030,10,17,1030,-0.01339545,-0.007001046,-0.01694292,-0.02123651,-0.01709458,-0.02663067,-0.001566383,0.02095509,0.01959667,0.01837059,0.01742394,0.01693642,0.01703414,0.01746589,0
206183_1031,11,17,1031,0.2085492,0.1595613,0.1267616,0.08228842,0.1001888,0.1414194,0.1497978,0.02123378,0.01987377,0.01874752,0.01801857,0.01789084,0.01832142,0.0190665,1
206183_1032,12,17,1032,0.1515964,0.1279431,0.09206484,0.07150143,0.1164124,0.101429,0.1628363,0.0204629,0.01918301,0.01814762,0.017514,0.01747844,0.01796167,0.01873541,1
206183_1033,13,17,1033,0.1295517,0.1260074,0.1474208,0.1224275,0.1115143,0.1146298,0.09239297,0.01927077,0.01817311,0.01726978,0.01671314,0.01669531,0.01715235,0.01787834,1
206183_1034,14,17,1034,0.1722457,0.1569937,0.1331958,0.1199162,0.07882094,0.09325921,0.114079,0.0205092,0.01915948,0.01800421,0.01719044,0.01689967,0.01716645,0.01773996,1
206183_1035,15,17,1035,0.2827451,0.1861072,0.2229669,0.1698353,0.1518467,0.1420374,0.1288931,0.0235706,0.02184884,0.02028959,0.01904874,0.01831055,0.01828494,0.0186486,1
206183_1036,16,17,1036,0.2113303,0.1450723,0.1424269,0.08556313,0.08463639,0.1100809,0.1496863,0.02128067,0.01991415,0.01873723,0.01791043,0.0176333,0.01794305,0.01857207,1
206183_1037,17,17,1037,0.2191883,0.1501806,0.1637258,0.1304155,0.123087,0.1219463,0.1170284,0.02247167,0.02084275,0.0194362,0.01840625,0.01794012,0.01813172,0.01866982,1
206183_1038,18,17,1038,0.1400426,0.1166269,0.1060159,0.1461233,0.1198425,0.134538,0.1294711,0.0200404,0.01889801,0.01796406,0.017402,0.01741842,0.01794439,0.01874147,1
206183_1039,19,17,1039,0.1965436,0.1539154,0.1642359,0.1378469,0.09953824,0.1207301,0.1669255,0.02194137,0.02051611,0.01931698,0.01851383,0.01831827,0.01873441,0.01946657,1
206183_1040,20,17,1040,0.1894753,0.1299899,0.125246,0.08319957,0.1597028,0.09095642,0.1307344,0.02086903,0.01952263,0.01839626,0.01764681,0.01746939,0.01786586,0.01855229,1
206183_1041,21,17,1041,0.166023,0.1582263,0.1276504,0.1213023,0.1170983,0.134233,0.1010587,0.02037857,0.01913764,0.01809428,0.01740672,0.01727331,0.01769296,0.0183895,1
206183_1042,22,17,1042,0.249595,0.2223493,0.1410049,0.145995,0.1340008,0.1619507,0.1571536,0.02265535,0.02109218,0.01975172,0.01880089,0.01844531,0.01875945,0.01940111,1
206183_1043,23,17,1043,0.1211867,0.1393849,0.1400918,0.1174597,0.1119687,0.1312403,0.1113988,0.01928681,0.01824857,0.01738593,0.01685744,0.01686496,0.01737279,0.01812452,1
206183_1044,24,17,1044,0.1676474,0.1593174,0.1161117,0.1071008,0.1275638,0.1180575,0.1288316,0.02028042,0.01911517,0.01810218,0.01740285,0.01722145,0.01760318,0.01825809,1
206183_1045,25,17,1045,0.1647862,0.1622138,0.132226,0.1305745,0.09422085,0.117755,0.1637786,0.02152323,0.02011667,0.01895939,0.01821587,0.01809088,0.01857454,0.01933925,1
206183_1046,26,17,1046,0.1964654,0.190366,0.1221872,0.09209183,0.1048653,0.1091091,0.1404333,0.0214783,0.02007496,0.01884953,0.01796024,0.01760312,0.01788,0.01845536,1
206183_1047,27,17,1047,0.1701558,0.1727363,0.1056085,0.109308,0.1346447,0.110731,0.1371975,0.02038911,0.01915046,0.01810982,0.0174254,0.01729629,0.01773522,0.01843697,1
206183_1048,28,17,1048,0.2364967,0.2089728,0.1801308,0.1335033,0.1435782,0.1231535,0.1166617,0.02240594,0.02083738,0.01947001,0.0184613,0.01800493,0.01823133,0.0187758,1
206183_1049,29,17,1049,0.1652516,0.1322758,0.08560244,0.09114816,0.08478102,0.1169031,0.1267127,0.01962715,0.01849054,0.01756052,0.01699095,0.01697789,0.01748855,0.01824048,1
206183_1050,30,17,1050,0.187896,0.1503322,0.1421138,0.09480302,0.1381936,0.1111564,0.1296814,0.02218409,0.0206893,0.01937405,0.01839596,0.0179531,0.01817956,0.01872353,1
206183_1051,31,17,1051,0.2112688,0.1488126,0.1398253,0.122848,0.112076,0.131652,0.13847,0.02135984,0.02003076,0.01890281,0.01813822,0.01794747,0.01836611,0.0190742,1
206183_1052,32,17,1052,0.1875819,0.1420521,0.1047966,0.08861871,0.0864267,0.1320331,0.1196324,0.02064257,0.01944523,0.01843756,0.01777935,0.01768377,0.0181564,0.01890372,1
206183_1053,33,17,1053,0.1752529,0.1407063,0.1394795,0.1360612,0.07887141,0.1261224,0.1467845,0.02083098,0.01960231,0.01855515,0.01784411,0.01768125,0.01809989,0.01880471,1
206183_1054,34,17,1054,0.1686549,0.1668386,0.132768,0.1262282,0.1612983,0.1292638,0.1245563,0.02137584,0.01998477,0.01878617,0.01792011,0.01758496,0.01787131,0.01846543,1
206183_1055,35,17,1055,0.2002712,0.2079396,0.1586848,0.1258493,0.1605842,0.1285532,0.1171032,0.02233017,0.02076741,0.01943669,0.01847071,0.0180681,0.01833184,0.01892574,1
206183_1056,36,17,1056,0.2538681,0.232825,0.1853876,0.1463148,0.09935596,0.1531998,0.1241739,0.02324098,0.02154586,0.02007604,0.01895352,0.01837543,0.01851574,0.01901703,1
206183_1057,37,17,1057,0.1569211,0.1565121,0.109692,0.0967371,0.09939974,0.1170045,0.1021672,0.01954577,0.0183758,0.01743068,0.01682206,0.01674094,0.0171806,0.01788481,1
206183_1058,38,17,1058,0.1903743,0.1313681,0.08939812,0.138295,0.1183886,0.1154881,0.1209619,0.02101303,0.01964571,0.01857634,0.01791255,0.01785578,0.01837155,0.01917569,1
206183_1059,39,17,1059,0.186053,0.1498256,0.1565421,0.1532484,0.07919351,0.1062644,0.1069824,0.02196098,0.02046183,0.01915859,0.01814202,0.01760651,0.01773496,0.01820838,1
206183_1060,40,17,1060,0.1965262,0.1397059,0.1377245,0.1061916,0.1022092,0.0935259,0.1251714,0.02046404,0.01921191,0.01818984,0.01749194,0.01732242,0.01772065,0.01841554,1
206183_1061,41,17,1061,0.1886124,0.1435382,0.1479626,0.1086827,0.1005974,0.07049892,0.07683014,0.02073937,0.01934578,0.01819268,0.01735804,0.01703008,0.01730068,0.01788175,1
206183_1062,42,17,1062,0.2400746,0.2393665,0.1607754,0.1082043,0.146739,0.1047179,0.1381989,0.02362448,0.02175594,0.02015927,0.01889778,0.0181543,0.01816445,0.01856275,1
206183_1063,43,17,1063,0.2190285,0.1705119,0.1223401,0.1188543,0.09727224,0.108814,0.1412651,0.02169702,0.02023043,0.01901171,0.01812528,0.01777384,0.01805651,0.01867382,1
206183_1064,44,17,1064,0.2465835,0.1416329,0.111313,0.1271228,0.1000374,0.1418875,0.1497711,0.02141185,0.01995626,0.01876796,0.01793453,0.01765434,0.01798674,0.01864294,1
206183_1065,45,17,1065,0.00924158,-0.0343878,-0.003750812,-0.0276554,-0.006501445,0.02298215,0.02341558,0.02133796,0.01992383,0.01873424,0.01792776,0.01770086,0.01804883,0.01871994,0
206183_1066,46,17,1066,0.0007833541,0.04288278,0.0129351,-0.0222565,-0.005375943,-0.01283187,0.002724789,0.02274609,0.02100279,0.01950028,0.01838482,0.01783151,0.01794471,0.01842444,0
206183_1067,47,17,1067,-0.00944191,-0.03943786,-0.00645461,0.0003304095,0.03187079,0.004915144,0.01233893,0.0209523,0.01954786,0.01840056,0.01766354,0.01752626,0.01793749,0.01865598,0
206183_1068,48,17,1068,-0.04403592,-0.0001516283,0.01577881,-0.01845557,-0.03101888,0.0090525,0.03929456,0.02214771,0.02051437,0.01914055,0.01817615,0.01780364,0.01805449,0.01865001,0
206183_1069,49,17,1069,-0.02335025,0.01302726,0.00651618,0.009128624,0.01238402,0.006100149,-0.006551061,0.02325768,0.02145186,0.01983705,0.01855463,0.01776828,0.01768403,0.01798975,0
206183_1070,50,17,1070,-0.006447499,0.008739889,0.02637676,-0.0002328133,0.01171326,0.03065164,0.0221362,0.02137565,0.01987856,0.01858874,0.0176533,0.01725167,0.01744656,0.01797626,0
206183_1071,51,17,1071,0.05472645,0.01853333,-0.03383492,0.01770284,0.01568816,-0.0002039389,-0.01093936,0.02247686,0.02080687,0.01935057,0.01825556,0.01769891,0.01779595,0.01825737,0
206183_1072,52,17,1072,0.02201482,0.02076007,-0.04813884,-0.02467259,0.01320541,-0.01642311,-0.006304397,0.02286255,0.02114842,0.01967248,0.01858733,0.01807702,0.01823045,0.01875282,0
206183_1073,53,17,1073,-0.001279128,-0.009692518,-0.005849124,-0.01627972,-0.01229196,0.003737513,0.00512883,0.02237697,0.02069851,0.01919265,0.01799739,0.01727376,0.01721259,0.01752185,0
206183_1074,54,17,1074,0.01372175,0.004103228,0.003529508,0.02220792,0.01423828,0.04167306,0.02293245,0.02303938,0.02129844,0.01976484,0.0185874,0.01794294,0.01798053,0.01839852,0
206183_1075,55,17,1075,0.03443942,0.003036943,-0.0008131812,0.0004361233,-0.03001932,-0.003238478,-0.01470577,0.02058553,0.01926,0.01808404,0.01720421,0.01680085,0.0169611,0.01744472,0
206183_1076,56,17,1076,-0.01331191,-0.01019594,-0.003534142,0.01844214,-0.02998969,-0.02806321,-0.0007938761,0.02003605,0.01873235,0.01761083,0.01681344,0.01651527,0.01675208,0.01729281,0
206183_1077,57,17,1077,0.01190411,-0.003940069,-0.01552044,-0.005372646,-0.0168093,-0.008405507,0.01183228,0.02285034,0.02117241,0.01968519,0.01854011,0.01791805,0.01796694,0.01839277,0
206183_1078,58,17,1078,-0.008973545,-0.0300555,-0.01572049,-0.008453187,-0.006180061,0.0147427,-0.04033729,0.02094997,0.01955429,0.0183491,0.01748427,0.01714437,0.01737686,0.01793435,0
206183_1079,59,17,1079,-0.006707744,0.01828004,0.007911877,-0.005901785,-0.02112017,0.01373221,0.04084976,0.0212456,0.01992023,0.01879857,0.01804682,0.01787299,0.01826043,0.0189712,0
206183_1080,0,18,1080,-0.04084715,-0.01613629,0.01028019,-0.005962883,0.003517156,-0.0009639153,-0.01972998,0.02185409,0.02026965,0.01890168,0.0178966,0.01743167,0.01758818,0.01809181,0
206183_1081,1,18,1081,-0.007795204,-0.006094248,-0.01781864,0.01695432,0.01720933,0.01204329,-0.02410785,0.021895,0.02038485,0.01907661,0.01812607,0.01772413,0.01793589,0.01849477,0
206183_1082,2,18,1082,0.004402278,0.04285134,0.002039081,0.02381793,-0.009308787,-0.004536447,0.01148151,0.0214137,0.01997098,0.01874606,0.01789498,0.01761034,0.01790879,0.01853717,0
206183_1083,3,18,1083,-0.01532104,0.01334207,-0.01682166,-0.0007458228,-0.005225415,-0.01307914,-0.02644422,0.02155866,0.02018634,0.01900297,0.01817399,0.01790568,0.01822136,0.01887288,0
206183_1084,4,18,1084,0.000392443,0.0132503,0.01465909,0.009449323,0.02848328,-0.008565477,-0.00231596,0.02271154,0.02122434,0.01999231,0.01919541,0.01905805,0.01952987,0.02034943,0
206183_1085,5,18,1085,0.0005093737,0.01020425,0.006872257,0.03014544,0.01637342,-0.01797283,0.002492037,0.02008117,0.01878743,0.01774345,0.017097,0.01703146,0.01747237,0.01819908,0
206183_1086,6,18,1086,-0.03537347,0.00549173,0.02029004,-0.00412319,-0.002420378,-0.0235661,-0.0416065,0.02293288,0.02122428,0.01967838,0.0184391,0.01767416,0.01759364,0.01789707,0
206183_1087,7,18,1087,-0.003095544,-0.001439586,0.0007564593,0.00856659,-0.02419616,0.02670715,-0.007172852,0.0233051,0.02156616,0.02006142,0.01894916,0.01842052,0.01857343,0.01910544,0
206183_1088,8,18,1088,0.02794504,-0.01020336,-0.008198781,-0.01827069,0.01749554,-0.01864737,-0.006691394,0.02153468,0.02000884,0.01870503,0.01777133,0.01738841,0.0176072,0.01816112,0
206183_1089,9,18,1089,-0.02359698,0.006214772,-0.004944967,-0.001890243,-0.0309894,-0.0191082,-0.01174487,0.02096212,0.01958906,0.01844486,0.01768558,0.01750487,0.01787948,0.01856645,0
206183_1090,10,18,1090,0.1778543,0.1259652,0.1383199,0.1238864,0.09838044,0.1036378,0.1255781,0.02047166,0.01924034,0.01820629,0.01753081,0.01741653,0.0178307,0.01854672,1
206183_1091,11,18,1091,0.2386808,0.1798661,0.147446,0.1422035,0.1461237,0.1103526,0.1318823,0.02272703,0.02104512,0.01956866,0.01844792,0.01786292,0.01794607,0.01839743,1
206183_1092,12,18,1092,0.2359732,0.1761414,0.1334497,0.154678,0.1248464,0.1114975,0.1188405,0.02256322,0.02084835,0.0193218,0.01812287,0.01741458,0.01738091,0.01771566,1
206183_1093,13,18,1093,0.1982771,0.1700211,0.1130194,0.1104545,0.1121616,0.1158387,0.1162536,0.02170434,0.0201984,0.01886493,0.01785252,0.01734117,0.0174536,0.01790922,1
206183_1094,14,18,1094,0.1832235,0.1558505,0.125965,0.07798341,0.09190171,0.1200271,0.12462,0.02107833,0.01965728,0.0184532,0.01761779,0.01733808,0.01763821,0.01825214,1
206183_1095,15,18,1095,0.190036,0.1474995,0.1075625,0.1255524,0.1047212,0.1258781,0.1133039,0.02166,0.02010976,0.0187949,0.01786407,0.01749865,0.01774869,0.01832417,1
206183_1096,16,18,1096,0.1633668,0.131968,0.1338191,0.09271693,0.1132024,0.08386236,0.1786602,0.02032117,0.01906828,0.01804677,0.01741384,0.01736604,0.01784548,0.01860374,1
206183_1097,17,18,1097,0.216139,0.1558527,0.1509387,0.1105652,0.09521567,0.0802955,0.113316,0.02136179,0.01988861,0.01868346,0.01790012,0.01772821,0.01814343,0.01885744,1
206183_1098,18,18,1098,0.1846781,0.1581205,0.1230053,0.1269562,0.1167772,0.1060194,0.1466072,0.02079706,0.01938739,0.01824317,0.01751379,0.01738371,0.01781857,0.01853428,1
206183_1099,19,18,1099,0.1352597,0.1608373,0.1133026,0.0992321,0.07057989,0.09636871,0.1686082,0.02046043,0.01924667,0.01823178,0.01757903,0.01749398,0.01795928,0.01869998,1
206183_1100,20,18,1100,0.1994248,0.1702083,0.1385326,0.1256273,0.1030918,0.1299276,0.1244419,0.02211536,0.02060621,0.0193134,0.01839898,0.01806266,0.01837569,0.01900305,1
206183_1101,21,18,1101,0.1653658,0.1588184,0.1539862,0.1249769,0.1094583,0.1320402,0.1615215,0.02054637,0.01939211,0.01847547,0.01796946,0.01809299,0.01875233,0.01966218,1
206183_1102,22,18,1102,0.1954848,0.1809635,0.1518045,0.1398397,0.149893,0.1288336,0.1666269,0.02251632,0.02098746,0.01967969,0.0187613,0.01844035,0.01879335,0.01945664,1
206183_1103,23,18,1103,0.2191862,0.1612622,0.1370375,0.1126006,0.1417219,0.1026842,0.1128569,0.02118326,0.01990993,0.01883269,0.01812215,0.0179933,0.01846878,0.01921661,1
206183_1104,24,18,1104,0.1636147,0.1905387,0.1568861,0.1340065,0.104838,0.1184292,0.13774,0.02046025,0.01938708,0.01852272,0.01804671,0.01818884,0.01887742,0.01980334,1
206183_1105,25,18,1105,0.2078864,0.1419518,0.1218465,0.1283689,0.1215525,0.1224989,0.1712225,0.02120645,0.01995956,0.01895865,0.01837989,0.01844572,0.01910063,0.02000277,1
206183_1106,26,18,1106,0.1754207,0.1375501,0.1181302,0.1226367,0.120051,0.1172367,0.1099597,0.02043781,0.01927256,0.01830084,0.0176903,0.01765403,0.01819286,0.01897495,1
206183_1107,27,18,1107,0.1495949,0.1185905,0.1439605,0.114383,0.1261723,0.1219908,0.1179878,0.01915568,0.0181415,0.01734858,0.01693563,0.01710521,0.01777325,0.0186434,1
206183_1108,28,18,1108,0.1737712,0.1850041,0.1254191,0.1047982,0.1251189,0.1513284,0.154062,0.0213524,0.0200386,0.0190133,0.01844628,0.0185526,0.01925218,0.02018903,1
206183_1109,29,18,1109,0.1912468,0.1416554,0.1403425,0.1691511,0.1105592,0.1763089,0.1711796,0.02145214,0.02030106,0.01939641,0.01892624,0.01913537,0.01992955,0.02096341,1
206183_1110,30,18,1110,0.2402239,0.1879548,0.1850315,0.1746963,0.1333743,0.1149827,0.1941642,0.02244291,0.02105806,0.01993226,0.01924512,0.01923151,0.0198701,0.02078116,1
206183_1111,31,18,1111,0.1739594,0.1658009,0.1464747,0.1129434,0.1099547,0.142175,0.1596976,0.02108861,0.01980074,0.01875697,0.01811624,0.01809162,0.01866519,0.01949207,1
206183_1112,32,18,1112,0.1900601,0.1572728,0.1519998,0.1300466,0.1347847,0.1328182,0.1401498,0.02201406,0.02059935,0.01940822,0.01859538,0.01837687,0.01881478,0.01954135,1
206183_1113,33,18,1113,0.1609873,0.1641349,0.1005611,0.1234256,0.08252777,0.1191419,0.1269021,0.01991465,0.01881229,0.01795196,0.0174765,0.01759688,0.01824593,0.01912657,1
206183_1114,34,18,1114,0.1810636,0.152479,0.1131891,0.09766266,0.1300756,0.1140886,0.1857712,0.02056204,0.01932648,0.01837715,0.01784399,0.01793481,0.01858131,0.01947309,1
206183_1115,35,18,1115,0.1402379,0.1490209,0.1366239,0.1181254,0.113897,0.121287,0.1468639,0.02061781,0.01935781,0.01835409,0.01772168,0.01766783,0.01819267,0.01898204,1
206183_1116,36,18,1116,0.2845422,0.1934039,0.1855888,0.1387465,0.1261722,0.1396149,0.1834012,0.02351054,0.02181692,0.02039126,0.01932806,0.01884122,0.01909958,0.01970752,1
206183_1117,37,18,1117,0.2048225,0.1912966,0.1372837,0.1282815,0.1045815,0.1237304,0.136112,0.02216556,0.02062536,0.01934158,0.01838597,0.01796234,0.01822597,0.01881563,1
206183_1118,38,18,1118,0.1877466,0.1608037,0.1514643,0.1312433,0.1296023,0.1270116,0.1484473,0.02255018,0.02096681,0.01963109,0.01859369,0.01806015,0.01824216,0.01876881,1
206183_1119,39,18,1119,0.2161938,0.1751396,0.1213031,0.1060009,0.115264,0.1327683,0.1351987,0.02143702,0.02011021,0.01904358,0.01828747,0.01806496,0.01848188,0.01920966,1
206183_1120,40,18,1120,0.1653294,0.1268964,0.1203763,0.1279152,0.100837,0.1129062,0.1326163,0.02103292,0.01968507,0.01860225,0.01781453,0.01753138,0.01788094,0.01853874,1
206183_1121,41,18,1121,0.2004857,0.181594,0.1187789,0.1024551,0.07775996,0.1121583,0.1027997,0.02180746,0.02026778,0.01897245,0.01792525,0.0173193,0.01741082,0.01784548,1
206183_1122,42,18,1122,0.2034134,0.2349811,0.189389,0.1232001,0.1329793,0.1283116,0.1251631,0.02259515,0.02094402,0.01962251,0.01863502,0.018189,0.01845806,0.01907519,1
206183_1123,43,18,1123,0.2809117,0.2181499,0.1450893,0.1565186,0.1264711,0.1051157,0.1686562,0.02337922,0.02160304,0.02009655,0.01885334,0.01806887,0.01805787,0.01843224,1
206183_1124,44,18,1124,0.2105797,0.2058393,0.1471806,0.1424292,0.1444482,0.1492946,0.1563664,0.02296302,0.02122522,0.01979799,0.01869095,0.01810342,0.01825233,0.01876852,1
206183_1125,45,18,1125,0.2019513,0.2016879,0.1281457,0.1175091,0.1301067,0.1079651,0.1169496,0.02185107,0.02029535,0.01900198,0.01799972,0.01748276,0.01764213,0.01814693,1
206183_1126,46,18,1126,0.00150297,0.0217593,0.01349282,0.0224592,0.00347052,-0.01008051,-0.01137902,0.02274527,0.02120487,0.01989355,0.01898365,0.01868857,0.01902676,0.01972162,0
206183_1127,47,18,1127,-0.01324264,0.01117312,0.003260501,0.009853229,-0.01943445,-0.003430616,0.04016414,0.02105076,0.0195932,0.01835613,0.01748621,0.01716323,0.01741745,0.0179936,0
206183_1128,48,18,1128,0.01013115,-0.002779445,0.007843999,-0.01811602,-0.01219033,0.003125677,0.02253454,0.0218456,0.02024066,0.0188472,0.01780805,0.017295,0.01740934,0.01787204,0
206183_1129,49,18,1129,-0.02860564,0.002487385,0.004465318,0.00589767,0.0007899577,0.005618267,0.006355886,0.02162539,0.02018265,0.01896782,0.01814209,0.01790517,0.01825324,0.01893219,0
206183_1130,50,18,1130,0.01268557,0.01442064,-0.01073932,-0.007615357,0.002277509,0.01002277,0.02201206,0.02169622,0.02012945,0.01876024,0.01773185,0.01721678,0.01732222,0.01777459,0
206183_1131,51,18,1131,0.005343869,0.007672441,0.01429929,0.006302438,0.02293975,-0.004615279,0.0001507431,0.02066999,0.01940945,0.01836657,0.01770437,0.01762729,0.01807855,0.01883395,0
206183_1132,52,18,1132,0.001926431,0.03203955,-0.01014026,0.0278266,-0.009138386,0.01760444,0.008573443,0.02154081,0.02007065,0.01877952,0.01781839,0.0173716,0.0175297,0.01803089,0
206183_1133,53,18,1133,-0.007461164,-0.04791643,0.01700627,0.02198083,0.01910375,0.005270455,0.01397524,0.02182063,0.0202318,0.01882537,0.01774206,0.01714958,0.01718848,0.01758118,0
206183_1134,54,18,1134,0.0001040882,0.01576855,-0.03418224,0.01035751,0.004092392,0.00973983,0.01418774,0.0215859,0.02002459,0.01871266,0.01779673,0.01745565,0.01771311,0.01830308,0
206183_1135,55,18,1135,-0.02416621,-0.02379911,-0.004153947,0.01610776,0.0353348,-0.02827993,0.005640574,0.02148972,0.02006618,0.0188668,0.01805211,0.01782111,0.0181688,0.01884511,0
206183_1136,56,18,1136,0.00293219,0.01659222,0.005368374,0.001577652,0.03828697,-0.001174696,-0.0167731,0.01997046,0.01871097,0.01765771,0.01695874,0.01679834,0.01715332,0.01780211,0
206183_1137,57,18,1137,0.0002604546,0.0006278573,6.908459e-05,0.01058679,-0.01794721,0.03692871,0.0358679,0.01952764,0.01846881,0.01762396,0.01715555,0.0172696,0.01784299,0.01868687,0
206183_1138,58,18,1138,0.02221196,-0.02687691,0.01683121,-0.01419844,-0.01486354,-0.01035333,0.009098382,0.02155304,0.01996449,0.01862053,0.01766313,0.01726444,0.01747057,0.01801157,0
206183_1139,59,18,1139,-0.03010321,0.004040014,-0.00632939,-0.02923132,-0.02810857,0.001207364,-0.03343365,0.02293415,0.02122192,0.01970971,0.01854717,0.01791248,0.0179542,0.01837432,0
206183_1140,0,19,1140,0.02184942,-0.008092772,0.009322797,-0.01126982,-0.0182852,-0.01204711,-0.002717021,0.0223972,0.02077547,0.01934773,0.01826412,0.01770522,0.01779517,0.01824971,0
206183_1141,1,19,1141,-0.02550956,0.02018669,0.01441891,-0.007073767,0.02894046,-0.006817315,0.0331028,0.02077121,0.01943884,0.01833888,0.0176285,0.01750338,0.01791727,0.01863792,0
206183_1142,2,19,1142,0.02084692,0.05237664,0.02052617,-0.006246746,0.002222214,-0.03519074,0.007906399,0.02210168,0.02053407,0.01918807,0.01821825,0.01781327,0.01803121,0.01859884,0
206183_1143,3,19,1143,-0.007737367,0.03901392,0.004367771,0.02903777,0.01306864,0.002432922,0.02806798,0.02008436,0.01886219,0.01782807,0.0171358,0.01697795,0.01733838,0.01799728,0
206183_1144,4,19,1144,0.01031727,-0.00646361,0.01505906,0.008433449,0.04535464,0.0153631,-0.01317996,0.0212381,0.01985195,0.01867158,0.01785558,0.01760076,0.01791841,0.01856207,0
206183_1145,5,19,1145,0.02052544,0.02655369,0.002799456,-0.01892103,-0.01054674,0.008950643,-0.01144093,0.02141563,0.01999795,0.01879853,0.01797667,0.01772975,0.01806125,0.01872073,0
206183_1146,6,19,1146,0.01015204,-0.02106928,0.01261253,-0.02712167,-0.01221459,0.02195589,-0.01045559,0.0213224,0.01984922,0.01860417,0.01773822,0.01743687,0.01771895,0.01832785,0
206183_1147,7,19,1147,-0.01680385,0.008190318,0.004083219,0.01730847,-0.002717308,-0.008616235,-0.02028654,0.02077402,0.01947935,0.01837378,0.01761639,0.01740595,0.01774572,0.0184006,0
206183_1148,8,19,1148,0.02009214,0.004310795,0.01382347,-0.01795877,-0.01945792,0.009148628,-0.009618961,0.02036005,0.01909254,0.01804932,0.01738646,0.01729887,0.01773179,0.01846019,0
206183_1149,9,19,1149,0.17717,0.2005774,0.1051677,0.1323406,0.05009697,0.137004,0.1502351,0.0215527,0.02000132,0.01871988,0.01785661,0.01759301,0.01791913,0.01856888,1
206183_1150,10,19,1150,0.1725242,0.1848768,0.1445364,0.1146434,0.09017288,0.1044886,0.138857,0.02122241,0.01983112,0.01863979,0.0178055,0.01752288,0.01781864,0.01843892,1
206183_1151,11,19,1151,0.149835,0.1362464,0.1022702,0.1244463,0.1015003,0.112104,0.1380217,0.02082227,0.01943951,0.01828463,0.01750951,0.01730205,0.01765176,0.01830922,1
206183_1152,12,19,1152,0.2239466,0.1716447,0.1451782,0.1510163,0.08211467,0.1396936,0.1519855,0.02223101,0.02071969,0.01940315,0.01844331,0.01803925,0.01826692,0.01884341,1
206183_1153,13,19,1153,0.08103287,0.1071659,0.1410789,0.1096033,0.1237029,0.1239694,0.1230335,0.01971649,0.01859803,0.0177043,0.01719516,0.01727224,0.01783002,0.0186541,1
206183_1154,14,19,1154,0.08948133,0.09275759,0.07480278,0.06639931,0.07269099,0.09739257,0.1013935,0.01841138,0.01734389,0.0165055,0.0160346,0.01610427,0.01661108,0.0173524,1
206183_1155,15,19,1155,0.1752183,0.1406897,0.1216274,0.115767,0.1108897,0.1089187,0.1522716,0.02112448,0.01965942,0.01842951,0.01758305,0.01730219,0.01761059,0.01822539,1
206183_1156,16,19,1156,0.1840581,0.1425208,0.1441768,0.1025397,0.1067182,0.1294469,0.1058448,0.02053411,0.01924211,0.01813243,0.01735892,0.01711317,0.01743253,0.018046,1
206183_1157,17,19,1157,0.2704691,0.2244965,0.1764086,0.1467412,0.1142845,0.1247923,0.1338568,0.02232804,0.02084274,0.01954153,0.01859055,0.01819493,0.0184526,0.01904271,1
206183_1158,18,19,1158,0.1570762,0.1167149,0.1177099,0.1328659,0.08678554,0.07664484,0.1406308,0.01999677,0.0188558,0.01787128,0.01720235,0.01705047,0.0174419,0.01810465,1
206183_1159,19,19,1159,0.1995733,0.1385251,0.1324117,0.07969344,0.1012266,0.1019683,0.1397269,0.02060827,0.01939081,0.01836336,0.01769115,0.01758252,0.01804264,0.01877398,1
206183_1160,20,19,1160,0.1960384,0.1060041,0.1462512,0.09719853,0.1173412,0.1803082,0.1472669,0.01935652,0.01837679,0.01757321,0.01711238,0.0172081,0.01780553,0.01863386,1
206183_1161,21,19,1161,0.173607,0.1182762,0.08566562,0.1183981,0.1040619,0.1438016,0.1064912,0.02051321,0.01929532,0.01826837,0.01759563,0.01748279,0.01795023,0.01867346,1
206183_1162,22,19,1162,0.1686853,0.1331412,0.1627582,0.1197207,0.09799036,0.1603703,0.1702511,0.01960898,0.01867263,0.01792449,0.0175413,0.01775129,0.01847273,0.01940791,1
206183_1163,23,19,1163,0.1048152,0.1356345,0.1209331,0.1199115,0.1104903,0.1375168,0.1569854,0.01955401,0.01860519,0.01790068,0.01761425,0.01796796,0.0188155,0.01985174,1
206183_1164,24,19,1164,0.1771251,0.1801765,0.09738096,0.1130473,0.1067899,0.1243489,0.1578844,0.02101309,0.01974637,0.01873487,0.01814868,0.01820158,0.01885476,0.01973488,1
206183_1165,25,19,1165,0.1728386,0.1871329,0.1335806,0.121828,0.1161224,0.113022,0.1494998,0.02036351,0.0193007,0.01849353,0.01812018,0.01840773,0.01924354,0.02027383,1
206183_1166,26,19,1166,0.2114488,0.1680168,0.1633199,0.1193543,0.1311807,0.1575726,0.1779733,0.02134074,0.02015499,0.01917772,0.01859278,0.01863579,0.01930504,0.02020423,1
206183_1167,27,19,1167,0.1311017,0.09744339,0.08550328,0.115696,0.08765315,0.1415269,0.1372736,0.01909454,0.01819439,0.01746988,0.01708926,0.01727232,0.01797522,0.01886317,1
206183_1168,28,19,1168,0.1507218,0.1555285,0.1109012,0.1543395,0.1211764,0.1982965,0.1664126,0.02053614,0.01951148,0.01874515,0.01841952,0.01877233,0.0196809,0.02077533,1
206183_1169,29,19,1169,0.1640771,0.1389836,0.0954419,0.1300152,0.1243741,0.1411902,0.1360307,0.02041601,0.01929028,0.01841885,0.01796868,0.01815938,0.01892195,0.01988137,1
206183_1170,30,19,1170,0.1676857,0.1053662,0.1050942,0.1018415,0.1156912,0.1625796,0.123863,0.02006147,0.01901871,0.01821935,0.01782763,0.0180668,0.01885629,0.01983772,1
206183_1171,31,19,1171,0.1809656,0.122249,0.0657646,0.09970301,0.08550148,0.123377,0.1168038,0.01933109,0.01833821,0.01755084,0.01711765,0.01725085,0.01791755,0.01878014,1
206183_1172,32,19,1172,0.1306483,0.1645313,0.1055083,0.1323583,0.1009132,0.1311384,0.1323877,0.01972011,0.01872033,0.01797423,0.01762696,0.01789918,0.01869929,0.01969196,1
206183_1173,33,19,1173,0.2064074,0.181913,0.1143401,0.1451827,0.1271262,0.1353492,0.1709206,0.02157705,0.02030737,0.01927845,0.01862489,0.01857828,0.01917733,0.02003146,1
206183_1174,34,19,1174,0.224272,0.1798339,0.1651516,0.1361954,0.1451101,0.1291837,0.205112,0.02084285,0.0196767,0.01877815,0.01826142,0.0183556,0.01904754,0.01997687,1
206183_1175,35,19,1175,0.2068035,0.1661994,0.156257,0.1362807,0.10373,0.09259247,0.1362012,0.02124949,0.0199273,0.01883546,0.01804999,0.01778564,0.01818114,0.01885502,1
206183_1176,36,19,1176,0.222787,0.1885053,0.1752971,0.1311429,0.1172307,0.1310155,0.1374186,0.02263369,0.02113214,0.01990998,0.019013,0.01866929,0.01905657,0.01975596,1
206183_1177,37,19,1177,0.1696709,0.1733659,0.1228503,0.1091427,0.09538538,0.105752,0.1181134,0.02093887,0.01961392,0.01858514,0.01786734,0.01767391,0.01812965,0.01886199,1
206183_1178,38,19,1178,0.2037338,0.1879184,0.1364803,0.15894,0.0991983,0.1151961,0.1573285,0.02130831,0.01998432,0.01893242,0.01813547,0.01781747,0.01818398,0.0188511,1
206183_1179,39,19,1179,0.1964351,0.1734235,0.1457234,0.123206,0.1358764,0.1045362,0.129834,0.02192231,0.02051103,0.01941617,0.01858704,0.01825539,0.0186427,0.01934584,1
206183_1180,40,19,1180,0.1637394,0.1540335,0.1583493,0.1062665,0.1397304,0.1297327,0.1158431,0.02156269,0.02020454,0.01913219,0.01826997,0.01784675,0.01814025,0.01875524,1
206183_1181,41,19,1181,0.2497948,0.1539128,0.1540298,0.1609761,0.1396135,0.1376504,0.1547013,0.02433955,0.0224415,0.02090161,0.01958095,0.01870018,0.01870328,0.01910275,1
206183_1182,42,19,1182,0.2271717,0.1572098,0.1737472,0.1116577,0.06748706,0.1204188,0.1326313,0.02210148,0.0206152,0.01944051,0.01846898,0.01792666,0.01813758,0.01869214,1
206183_1183,43,19,1183,0.2150892,0.1739434,0.1044367,0.1210557,0.1093516,0.1200542,0.1274878,0.02213207,0.02053268,0.01928019,0.01826442,0.01769734,0.01788436,0.0184157,1
206183_1184,44,19,1184,0.2034246,0.1469055,0.1507724,0.09038041,0.1051978,0.09576138,0.1074186,0.02103591,0.01961387,0.01847333,0.01753025,0.01698765,0.01713886,0.01761723,1
206183_1185,45,19,1185,0.2046604,0.1898993,0.163008,0.1374362,0.1395274,0.1462904,0.1213636,0.02197193,0.02049664,0.01933127,0.0184181,0.01797927,0.01825246,0.01886772,1
206183_1186,46,19,1186,0.2401946,0.1544018,0.12528,0.1300389,0.09505876,0.08277715,0.1116662,0.02179571,0.02026508,0.01904259,0.01809541,0.01762974,0.01785931,0.01842841,1
206183_1187,47,19,1187,0.01115409,0.02022194,0.01238406,0.01022837,-0.0004057581,0.004720992,-0.0031843,0.02039117,0.01912125,0.01806945,0.01739192,0.01728371,0.01770043,0.01841465,0
206183_1188,48,19,1188,0.03002306,0.01926021,0.009486801,0.002359208,0.00669563,-0.0001834257,-0.004930495,0.02315004,0.02142921,0.01983678,0.01851253,0.01761462,0.01741405,0.01760517,0
206183_1189,49,19,1189,-0.01713198,0.01871645,0.003799637,0.01764246,0.03111956,0.008229536,0.0002289571,0.02112032,0.0197296,0.01854094,0.01770958,0.01742762,0.0177181,0.01833291,0
206183_1190,50,19,1190,0.005935994,-0.01138474,0.003409242,0.006740812,0.001539322,0.005971196,0.001277262,0.02106322,0.01951507,0.01821125,0.0172885,0.01691266,0.01712225,0.01765437,0
206183_1191,51,19,1191,0.003939719,0.006501988,-0.02209471,0.005226702,-0.02504128,-0.01981077,-0.002397688,0.02126271,0.01983929,0.01859217,0.01767249,0.01726564,0.01744927,0.01796849,0
206183_1192,52,19,1192,-0.005275147,-0.002282284,-0.02143728,0.0005816686,0.01753637,-0.02090405,0.01746805,0.02228578,0.02068336,0.01926457,0.01817842,0.01760386,0.01767498,0.01810944,0
206183_1193,53,19,1193,-0.02145491,-0.01663163,-0.003244115,0.009338254,0.05239893,0.02499544,0.005494943,0.02012767,0.01878905,0.01762033,0.01675939,0.01637482,0.01653827,0.01701216,0
206183_1194,54,19,1194,-0.01232157,0.001075138,0.01585742,-0.01903833,-0.01513747,0.02022959,0.002688603,0.0213883,0.02002466,0.01882808,0.0179591,0.01761715,0.0178608,0.01844175,0
206183_1195,55,19,1195,-0.01442214,-0.02248762,0.01608464,0.01255809,-0.0121146,0.01413897,-0.008944343,0.02135126,0.01989174,0.0186364,0.01773655,0.01737789,0.01760896,0.01817314,0
206183_1196,56,19,1196,-0.02622772,0.004818007,0.001524594,-0.0004899709,-0.00202167,-0.02090685,-0.005114323,0.02116301,0.01967673,0.01838104,0.01741813,0.01696034,0.01709691,0.01756757,0
206183_1197,57,19,1197,-0.008043664,0.003427117,-0.004033302,0.01987204,0.0004189455,0.01628638,0.03203715,0.02243904,0.02077694,0.0193147,0.01819842,0.01760252,0.01766175,0.01808719,0
206183_1198,58,19,1198,0.01398216,0.03116254,0.02231547,-0.01990511,-0.01361684,0.001039269,-0.002552555,0.02216484,0.02057075,0.01918393,0.01815513,0.0176669,0.01781271,0.01831432,0
206183_1199,59,19,1199,0.01787292,0.0300796,-0.0004307697,-0.003376511,-0.01468954,-0.02001699,-0.01827174,0.02361529,0.02174758,0.02010821,0.01884302,0.01812314,0.01811588,0.01850243,0
206183_1200,0,20,1200,-0.05080153,0.01178504,0.01742042,-0.01294446,0.01626388,0.01282789,0.01573059,0.02097872,0.01955935,0.01832576,0.01742479,0.01703626,0.01722685,0.01774538,0
206183_1201,1,20,1201,0.03396289,-0.03245366,0.004016185,-0.007272715,-0.01381067,-0.001529612,0.007423364,0.02107242,0.01973762,0.0185707,0.01772957,0.01741049,0.01766343,0.01824571,0
206183_1202,2,20,1202,-0.003974504,-0.003859034,0.02240678,0.003214807,0.01994295,0.01115849,-0.008592373,0.02233392,0.02077236,0.01944075,0.01850015,0.01814831,0.0184211,0.01904563,0
206183_1203,3,20,1203,0.0002941323,0.002214125,-0.003312437,0.01057059,-0.01675932,-0.01463339,-0.01097623,0.02272215,0.02107716,0.01959261,0.01841697,0.01772598,0.01770447,0.01806102,0
206183_1204,4,20,1204,-0.007610794,-0.02046224,0.02768559,-0.03768321,-0.03431705,0.005184736,0.04128373,0.02085674,0.01960801,0.01856174,0.01788532,0.01778953,0.01823088,0.01898339,0
206183_1205,5,20,1205,0.002786725,-0.007493764,-0.0190898,-0.02579411,0.02919583,-0.009388554,0.04030426,0.02242704,0.0209915,0.01978814,0.01899599,0.01883902,0.01928375,0.02007338,0
206183_1206,6,20,1206,-0.007625308,-0.009913437,0.04570796,-0.02279568,0.02710256,-0.01542379,-0.02473628,0.02035117,0.01901611,0.01793372,0.01725265,0.01715704,0.01758246,0.01830034,0
206183_1207,7,20,1207,0.008176898,0.01088728,0.01307942,0.03881028,0.01637752,-0.004130233,0.004370672,0.02011741,0.018945,0.01796395,0.01733497,0.01726075,0.0176955,0.01842444,0
206183_1208,8,20,1208,0.005693911,-0.007213593,-0.006076877,0.0138565,0.01322759,-0.01367315,-0.0002089745,0.02183834,0.02038301,0.01916451,0.01834749,0.01813618,0.01851554,0.01922693,0
206183_1209,9,20,1209,0.1828406,0.1901233,0.1400963,0.155916,0.0945568,0.09095688,0.122099,0.02194206,0.02050088,0.0192469,0.0183444,0.01799686,0.01825948,0.01886692,1
206183_1210,10,20,1210,0.1720439,0.1405483,0.09657452,0.09683866,0.1127196,0.1230801,0.141207,0.0205054,0.01924652,0.01822305,0.01759542,0.01756443,0.01805359,0.01883476,1
206183_1211,11,20,1211,0.2076324,0.1955598,0.1376075,0.1689522,0.1153249,0.1418856,0.1830613,0.02206868,0.02060916,0.01940669,0.0186312,0.01849402,0.01895014,0.01973318,1
206183_1212,12,20,1212,0.2443188,0.1479428,0.1763964,0.1435896,0.1457749,0.1576492,0.1653293,0.02244661,0.02091819,0.01959941,0.01865611,0.01829271,0.0185668,0.01918931,1
206183_1213,13,20,1213,0.1853055,0.2018137,0.1288528,0.1150491,0.1418522,0.1281181,0.1047882,0.02197722,0.02046386,0.01916829,0.01824922,0.01790182,0.01817731,0.01878642,1
206183_1214,14,20,1214,0.2101076,0.2122516,0.1457313,0.1141127,0.07505061,0.07740154,0.1590363,0.02233703,0.02073282,0.01931118,0.01822182,0.01764456,0.01773033,0.01816589,1
206183_1215,15,20,1215,0.2091515,0.1518823,0.1422501,0.09706784,0.1123379,0.09303656,0.1535914,0.02144237,0.02011078,0.01892997,0.01806364,0.01771602,0.01797578,0.01855606,1
206183_1216,16,20,1216,0.1732551,0.1307528,0.1296657,0.1077022,0.0970774,0.1141483,0.1441756,0.02110401,0.01969315,0.01847469,0.01759995,0.01725522,0.01751494,0.01807834,1
206183_1217,17,20,1217,0.1394414,0.1706158,0.1275646,0.1058735,0.1249459,0.1035079,0.1053393,0.02044583,0.01922315,0.01818611,0.01749567,0.01735425,0.01777458,0.01846971,1
206183_1218,18,20,1218,0.2125933,0.1693149,0.156542,0.1183541,0.1093098,0.1121467,0.129062,0.02097919,0.01967721,0.01857776,0.01784433,0.01768159,0.01811193,0.01881918,1
206183_1219,19,20,1219,0.1777658,0.15284,0.1430671,0.09531215,0.1154192,0.1406203,0.1960968,0.02038593,0.01929475,0.01844796,0.01802199,0.01824091,0.01898805,0.01996457,1
206183_1220,20,20,1220,0.1687157,0.1285259,0.1185521,0.1231027,0.09895278,0.1575505,0.1333659,0.01996993,0.01891606,0.01807259,0.01761141,0.01775174,0.01842597,0.01932191,1
206183_1221,21,20,1221,0.09337999,0.1341769,0.1125666,0.08196859,0.1111961,0.1249123,0.1363525,0.0185352,0.01774099,0.0171538,0.01694335,0.01732907,0.018168,0.01917835,1
206183_1222,22,20,1222,0.1440946,0.1649096,0.1255653,0.1228833,0.1008017,0.1280468,0.1743247,0.02052377,0.01938832,0.01850001,0.0180333,0.01820918,0.01895633,0.01990833,1
206183_1223,23,20,1223,0.1826767,0.1179002,0.1249007,0.1233061,0.11042,0.1575108,0.1571031,0.01992823,0.01896912,0.01820463,0.01781549,0.01803517,0.01880851,0.01977152,1
206183_1224,24,20,1224,0.178733,0.1325343,0.1575195,0.1312957,0.1256031,0.1395959,0.15532,0.02125734,0.02010479,0.01918879,0.01869664,0.01886745,0.01966188,0.02065668,1
206183_1225,25,20,1225,0.1763192,0.1246655,0.1423361,0.1040642,0.1809654,0.1983044,0.2193821,0.01943712,0.01878079,0.01838016,0.01843229,0.01919677,0.02043812,0.02179813,1
206183_1226,26,20,1226,0.2488358,0.1958353,0.1625091,0.1260974,0.1748485,0.1814627,0.2053406,0.02235492,0.02112238,0.02015876,0.01966377,0.01989389,0.02080211,0.02190539,1
206183_1227,27,20,1227,0.1753873,0.1394407,0.08709378,0.1317461,0.1280501,0.1879495,0.1831599,0.01956477,0.01875872,0.01817722,0.01800606,0.0184909,0.01950783,0.02066123,1
206183_1228,28,20,1228,0.1768981,0.1442213,0.1386067,0.1471709,0.1042522,0.1679626,0.1601875,0.02060719,0.01952926,0.0186625,0.01818295,0.01832404,0.01908661,0.02002743,1
206183_1229,29,20,1229,0.1528896,0.1223675,0.1263308,0.09115664,0.1089838,0.1310357,0.1727641,0.01977525,0.01882246,0.01808866,0.01774223,0.01801333,0.01885466,0.01985253,1
206183_1230,30,20,1230,0.2002425,0.1613581,0.1499233,0.1382899,0.1591954,0.160393,0.1665347,0.02111474,0.02003333,0.01922291,0.01885605,0.01917858,0.02012101,0.02123304,1
206183_1231,31,20,1231,0.1442907,0.1239179,0.1202178,0.1408342,0.1033913,0.1564558,0.1943633,0.01891752,0.01818956,0.01771292,0.01764175,0.01821313,0.01927596,0.02046482,1
206183_1232,32,20,1232,0.1241064,0.1536598,0.1291914,0.09941254,0.1299436,0.1213737,0.1922019,0.01880467,0.01804291,0.01752593,0.01738783,0.0178598,0.01883114,0.01994258,1
206183_1233,33,20,1233,0.1625465,0.1484948,0.1132608,0.1199778,0.08957927,0.1305395,0.1619406,0.02005444,0.01899102,0.01818093,0.01772661,0.01785187,0.01857531,0.01949158,1
206183_1234,34,20,1234,0.1341843,0.1125687,0.1324196,0.1045518,0.1337719,0.1495345,0.1561419,0.01945756,0.01860053,0.01802604,0.01781628,0.01820775,0.01914013,0.02024345,1
206183_1235,35,20,1235,0.15031,0.1627941,0.1226439,0.1410042,0.1071494,0.1768485,0.1656686,0.02101506,0.01983219,0.01899241,0.01852553,0.01866585,0.01945139,0.02045526,1
206183_1236,36,20,1236,0.1660411,0.1530186,0.1452729,0.1057426,0.1222456,0.1327248,0.1521787,0.02134655,0.02002471,0.01902445,0.01831596,0.01812824,0.01865075,0.01943303,1
206183_1237,37,20,1237,0.1829216,0.1760699,0.1529884,0.1361313,0.1086649,0.1231375,0.1429794,0.02219779,0.02070035,0.01956436,0.01869178,0.01831373,0.01871695,0.0194137,1
206183_1238,38,20,1238,0.228554,0.1692241,0.1739856,0.1120382,0.1232934,0.1219571,0.1600918,0.02298562,0.02144742,0.02027047,0.01929104,0.01875874,0.01907241,0.01971359,1
206183_1239,39,20,1239,0.1720429,0.1134773,0.1120475,0.1144019,0.07212479,0.1106743,0.1472218,0.01957268,0.01850611,0.01782327,0.01736617,0.01735884,0.01799272,0.01886331,1
206183_1240,40,20,1240,0.217795,0.1644395,0.1537263,0.1204559,0.1295737,0.1432772,0.1409279,0.02182076,0.0203154,0.0192187,0.01828186,0.01773799,0.01800971,0.01859855,1
206183_1241,41,20,1241,0.2368887,0.2168195,0.1583536,0.1909705,0.09589984,0.1164974,0.1345307,0.02289004,0.02115032,0.01987989,0.01877467,0.01806873,0.01825043,0.01877989,1
206183_1242,42,20,1242,0.2316948,0.1754663,0.1389928,0.1774699,0.1475878,0.1225578,0.1152896,0.02319632,0.02153599,0.02031193,0.01920904,0.01847919,0.01865146,0.01918751,1
206183_1243,43,20,1243,0.2838886,0.2155049,0.1641093,0.1593737,0.1137898,0.09130564,0.1189746,0.02370092,0.02189676,0.02048448,0.01913264,0.01807363,0.01795186,0.01822178,1
206183_1244,44,20,1244,0.2058966,0.1733371,0.1390209,0.102862,0.1303002,0.139878,0.1109215,0.02246276,0.02091808,0.01973123,0.01863633,0.0178713,0.01794977,0.01838995,1
206183_1245,45,20,1245,0.2494133,0.1922508,0.1771434,0.1551139,0.1465901,0.1670383,0.1448954,0.02320613,0.02152713,0.02028985,0.01926655,0.01870111,0.01897973,0.01962235,1
206183_1246,46,20,1246,0.2441273,0.1979818,0.1799491,0.1507175,0.1083876,0.1080294,0.1130847,0.02195796,0.02041272,0.01925106,0.01831398,0.01782406,0.01809089,0.01869674,1
206183_1247,47,20,1247,0.2422358,0.2162299,0.148721,0.1414371,0.1038754,0.1084875,0.1273191,0.02295758,0.02123748,0.01986563,0.01872044,0.0180157,0.01810786,0.01857295,1
206183_1248,48,20,1248,-0.04580685,0.006629303,0.02130017,-0.02658165,0.03855894,0.01779082,-0.009494254,0.02122932,0.01979251,0.01861227,0.01784366,0.01767834,0.01807644,0.01878839,0
206183_1249,49,20,1249,0.00539722,0.01616966,-0.02219735,-0.007800078,0.0377889,-0.009600968,-0.0003464614,0.02102742,0.01969026,0.01850468,0.01762517,0.01724296,0.01743845,0.01796507,0
206183_1250,50,20,1250,0.0111396,-0.0131406,0.01671045,-0.008468635,0.02058641,0.02230527,-0.002915506,0.02162604,0.02012284,0.01881708,0.0178593,0.0174332,0.01761495,0.01813846,0
206183_1251,51,20,1251,-0.0154706,0.02020373,-0.007924195,0.007256753,0.01294525,0.02359909,0.002951665,0.02206425,0.02039903,0.01899692,0.01800203,0.01758881,0.01780169,0.01835885,0
206183_1252,52,20,1252,0.01786,-0.01720893,0.003678399,-0.006305736,0.01537217,-0.03650191,0.01102072,0.02172806,0.02031064,0.01909691,0.01825149,0.0179789,0.01829796,0.01895489,0
206183_1253,53,20,1253,-0.01684629,-0.03707382,-0.04507375,-0.03403821,0.01201441,0.02616751,-0.002293316,0.0207269,0.01939527,0.01826098,0.0174782,0.01723843,0.01755088,0.01817839,0
206183_1254,54,20,1254,0.01323182,0.01348043,-0.001458328,0.004299762,0.00147865,0.0184198,0.01625221,0.02020142,0.0189087,0.01783725,0.01713671,0.01699301,0.01737093,0.01804507,0
206183_1255,55,20,1255,0.006261152,0.0324341,0.03264697,-0.0006250654,0.001050047,-0.01533755,-0.03480474,0.02182493,0.02014467,0.01867089,0.01753445,0.0168889,0.01688365,0.01723198,0
206183_1256,56,20,1256,-0.001484241,0.002829984,-0.01104194,0.02031173,0.001746552,-0.0009954672,0.0008232196,0.0217364,0.02026569,0.01901375,0.01813986,0.01784063,0.0181376,0.01877222,0
206183_1257,57,20,1257,-0.02010636,-0.02358639,-0.01001436,0.01812705,-0.02951585,0.02556513,-0.003032505,0.0231362,0.02137846,0.01978852,0.01850825,0.01770141,0.01759018,0.01786844,0
206183_1258,58,20,1258,-0.004865357,0.01715197,-0.009536688,-0.01699681,-0.001361831,0.02563168,-0.00902482,0.02101026,0.01953112,0.01821794,0.01720727,0.01666269,0.01671424,0.0171016,0
206183_1259,59,20,1259,-0.0004404157,0.002001051,-0.02393944,-0.01348909,0.006015673,-0.03580613,-0.01170356,0.02187154,0.02032518,0.01895115,0.01789588,0.01733545,0.01740326,0.01782595,0
206183_1260,0,21,1260,0.01819113,-0.02006696,0.03357563,0.001905993,-0.02516744,-0.005951043,0.002151258,0.02122127,0.01977837,0.01859102,0.01781336,0.0176357,0.018021,0.01872252,0
206183_1261,1,21,1261,-0.008230862,0.01594747,-0.008344272,0.00906297,0.01404329,0.02283438,-0.01392933,0.02080785,0.01948179,0.01834294,0.01754695,0.01728733,0.0175846,0.01820084,0
206183_1262,2,21,1262,-0.009354969,-0.02463905,-0.0009090951,0.005099175,-0.03292742,-0.009533277,-0.002140161,0.02141545,0.01998303,0.01879185,0.01800079,0.01780662,0.01818423,0.01888492,0
206183_1263,3,21,1263,0.02167571,0.003385962,0.006218466,-0.0022262,0.0127389,-0.0183634,0.01119703,0.02103644,0.01967696,0.01848694,0.01762049,0.01726818,0.01749111,0.01804347,0
206183_1264,4,21,1264,0.03023238,-0.01760955,0.01725656,0.003734222,-0.00260148,-0.01935443,0.01781198,0.02314528,0.02150129,0.02001249,0.01883572,0.01815824,0.01816285,0.01855482,0
206183_1265,5,21,1265,-0.0007268349,-0.04149122,-0.01253629,-0.01236072,0.03028531,-0.005679174,-0.03224855,0.02270918,0.02115202,0.01978761,0.01878154,0.01833695,0.01853897,0.0191081,0
206183_1266,6,21,1266,0.01238989,-0.02187363,-0.01349076,-0.003889136,0.005651167,-0.003374437,0.02706531,0.02175262,0.02027753,0.01905172,0.01823629,0.01803049,0.01841107,0.01912089,0
206183_1267,7,21,1267,-0.03291057,-0.02804151,0.002021523,0.01941736,0.01899482,0.02366569,0.003678115,0.02331928,0.02163534,0.02014987,0.01902466,0.01845522,0.01856964,0.01906744,0
206183_1268,8,21,1268,0.1662048,0.1640168,0.1098775,0.1048307,0.1001492,0.1097472,0.101231,0.02153743,0.02008019,0.0187979,0.01784271,0.01740069,0.01756467,0.01806976,1
206183_1269,9,21,1269,0.1678542,0.1687407,0.1462573,0.1462867,0.1246978,0.1333682,0.1011827,0.02159523,0.02021362,0.01906707,0.01832409,0.01819503,0.01863819,0.01940285,1
206183_1270,10,21,1270,0.2286525,0.2010455,0.1604801,0.1669842,0.1479913,0.1275339,0.1274682,0.02300282,0.02143714,0.02007878,0.01910008,0.01871367,0.01898329,0.01961796,1
206183_1271,11,21,1271,0.211757,0.1200539,0.1576387,0.1258183,0.1099868,0.1522751,0.1225676,0.0222577,0.02081623,0.01960128,0.01878727,0.01859184,0.0190052,0.01975467,1
206183_1272,12,21,1272,0.2222962,0.1923205,0.1512122,0.1258141,0.1033078,0.1229576,0.1469292,0.0220458,0.02061398,0.01941277,0.01861367,0.01843045,0.01885038,0.0195976,1
206183_1273,13,21,1273,0.2187263,0.1541441,0.1795532,0.1607114,0.1443716,0.09217515,0.1307424,0.02170176,0.02028963,0.01910344,0.01830968,0.01811557,0.01851795,0.01923726,1
206183_1274,14,21,1274,0.1786701,0.1539198,0.1510932,0.1239224,0.1437895,0.1673348,0.1550192,0.02102703,0.01983714,0.01891773,0.01844751,0.01865209,0.01937612,0.02037117,1
206183_1275,15,21,1275,0.1889656,0.1566584,0.1396048,0.09362257,0.1056406,0.09189802,0.1376817,0.02069593,0.01942833,0.01836767,0.01767607,0.01755679,0.01799866,0.01872395,1
206183_1276,16,21,1276,0.1798656,0.1940952,0.1333336,0.09577112,0.1302637,0.1280666,0.1545923,0.02122127,0.01988083,0.018753,0.01800226,0.01783404,0.01826076,0.01897607,0
206183_1277,17,21,1277,0.2054297,0.1609971,0.1280369,0.1182303,0.1389922,0.138642,0.1560991,0.02088434,0.01967831,0.01873343,0.01822394,0.01836943,0.01906358,0.02000682,1
206183_1278,18,21,1278,0.2570776,0.1566424,0.1531682,0.1011989,0.1414023,0.1361417,0.1684368,0.02211433,0.02065064,0.01938241,0.0184755,0.01813526,0.01846337,0.0190891,1
206183_1279,19,21,1279,0.1741984,0.1536451,0.1234899,0.1421282,0.1661915,0.1404526,0.1825177,0.0209333,0.01983805,0.01900483,0.01862045,0.01892272,0.01977815,0.02085129,1
206183_1280,20,21,1280,0.1409374,0.1313879,0.1203968,0.1203183,0.1230848,0.1402704,0.188419,0.01957628,0.01875962,0.01817899,0.01802189,0.01853137,0.01952585,0.02069143,1
206183_1281,21,21,1281,0.1582162,0.1560746,0.1384936,0.1641052,0.1158903,0.1429868,0.2022074,0.02103131,0.01998074,0.01920027,0.01888285,0.01927509,0.02024152,0.021393,1
206183_1282,22,21,1282,0.1429804,0.1039509,0.1312831,0.1445237,0.1251008,0.1636622,0.1929537,0.01924095,0.01853482,0.01808589,0.01808318,0.01877307,0.01993662,0.02122302,1
206183_1283,23,21,1283,0.1717306,0.1518926,0.1124785,0.1209105,0.1237569,0.1576605,0.1835362,0.02004505,0.01917489,0.01854494,0.01834672,0.01882833,0.01986233,0.02103653,1
206183_1284,24,21,1284,0.1409644,0.1312055,0.09028049,0.1188342,0.174826,0.1474969,0.2092279,0.0181963,0.01767658,0.01742095,0.01761086,0.01848639,0.01979051,0.0211619,1
206183_1285,25,21,1285,0.1292359,0.1391481,0.117973,0.122324,0.1066212,0.1436018,0.2153839,0.01907416,0.01843093,0.01803517,0.01807793,0.01881139,0.0200467,0.02136569,1
206183_1286,26,21,1286,0.1317932,0.157237,0.107352,0.1278713,0.1141933,0.1876385,0.2687435,0.01850077,0.01803533,0.01789053,0.01824625,0.01934471,0.02086843,0.02241743,1
206183_1287,27,21,1287,0.1624262,0.1117571,0.1306648,0.1081549,0.162679,0.1301655,0.2067674,0.01977188,0.01903432,0.01851362,0.01840468,0.01897021,0.02011004,0.02134821,1
206183_1288,28,21,1288,0.1189626,0.1447439,0.1478821,0.1275664,0.1552095,0.1690551,0.2495523,0.01942639,0.01889081,0.01861962,0.01881122,0.01974136,0.02118781,0.02268933,1
206183_1289,29,21,1289,0.1549302,0.1119212,0.1273963,0.1058185,0.1181304,0.1725372,0.2026406,0.01827231,0.01771416,0.01742307,0.01756511,0.01837793,0.01966354,0.02099915,1
206183_1290,30,21,1290,0.1449299,0.155901,0.122743,0.1377817,0.1129396,0.1494396,0.1633763,0.01928869,0.01854615,0.01801955,0.01787142,0.01835137,0.01939921,0.02055028,1
206183_1291,31,21,1291,0.1588403,0.1297745,0.1174189,0.1412699,0.1077063,0.1821006,0.1766699,0.01936222,0.01862321,0.01815896,0.01811315,0.01873207,0.01990081,0.02116113,1
206183_1292,32,21,1292,0.1242746,0.1022378,0.06912365,0.08904964,0.137758,0.1486286,0.2035216,0.01832087,0.01765209,0.0172706,0.01728346,0.01791553,0.01904484,0.02025797,1
206183_1293,33,21,1293,0.1336531,0.1543313,0.105893,0.1025503,0.1196249,0.1207235,0.1845103,0.01908768,0.01828749,0.0177771,0.01763043,0.01808065,0.01909257,0.02022575,1
206183_1294,34,21,1294,0.1738874,0.1088482,0.1147506,0.1242814,0.1539401,0.1110578,0.1370506,0.01983562,0.01893894,0.01835272,0.01810276,0.01843279,0.01938275,0.02048567,1
206183_1295,35,21,1295,0.196907,0.1864256,0.1811085,0.1075765,0.1355738,0.1109177,0.183125,0.02187408,0.02054035,0.01956834,0.01889302,0.01875894,0.01940544,0.0202798,1
206183_1296,36,21,1296,0.1611045,0.1486314,0.1123705,0.08747631,0.1105284,0.1523856,0.1481285,0.02012889,0.01915164,0.01850814,0.01808505,0.01813319,0.01887834,0.01982832,1
206183_1297,37,21,1297,0.1975947,0.1706932,0.1609177,0.1081394,0.1065876,0.1507956,0.1588585,0.02155312,0.02024407,0.01935703,0.01866469,0.01841881,0.01898968,0.01981377,1
206183_1298,38,21,1298,0.2201941,0.2329783,0.1926915,0.1829445,0.117227,0.1348325,0.1691912,0.02315481,0.0215996,0.02056147,0.01968759,0.01924969,0.01975287,0.02055508,1
206183_1299,39,21,1299,0.2462383,0.1431421,0.1608933,0.1326854,0.1129645,0.1253646,0.1304426,0.02225066,0.02084213,0.01992478,0.01908335,0.01859095,0.01902085,0.01975156,1
206183_1300,40,21,1300,0.243019,0.2216154,0.1878096,0.129534,0.137778,0.1595541,0.1508277,0.02323057,0.02162212,0.02056689,0.01954679,0.01884466,0.01915262,0.0197971,1
206183_1301,41,21,1301,0.2455833,0.211947,0.1392568,0.1370762,0.1210329,0.115098,0.1281959,0.0241404,0.02225583,0.02096156,0.01965009,0.01859985,0.01864261,0.01906201,1
206183_1302,42,21,1302,0.2587709,0.1933947,0.1687184,0.1679001,0.1064669,0.1569298,0.1462481,0.0235076,0.02179247,0.02061614,0.01937716,0.01835587,0.01838845,0.01879402,1
206183_1303,43,21,1303,0.2446768,0.1888078,0.164369,0.1557165,0.1509636,0.1015965,0.1495067,0.02297398,0.02134196,0.02033425,0.01939714,0.0188068,0.01919799,0.01992934,1
206183_1304,44,21,1304,0.264246,0.1761352,0.1632563,0.1273441,0.09205753,0.07250384,0.1213382,0.0231596,0.02138335,0.02010427,0.01878658,0.01768295,0.01758154,0.01785868,1
206183_1305,45,21,1305,0.2011834,0.1264696,0.1412033,0.1408617,0.121667,0.1220675,0.1433652,0.02187164,0.0203474,0.01929964,0.01831277,0.01763526,0.01783573,0.01837558,1
206183_1306,46,21,1306,0.2425949,0.1961144,0.1618105,0.1343368,0.123058,0.1365557,0.1571739,0.02342401,0.02162828,0.0203221,0.01912733,0.01829054,0.01838731,0.01886333,1
206183_1307,47,21,1307,0.2663225,0.1779517,0.1533651,0.1160449,0.1268176,0.1404851,0.1102493,0.02318228,0.02150169,0.02018457,0.0189476,0.01802493,0.01798502,0.01833095,1
206183_1308,48,21,1308,0.2217237,0.1739206,0.1159476,0.1028615,0.1307806,0.0829283,0.1208833,0.02180509,0.02027917,0.01910447,0.01811579,0.01753215,0.01770758,0.01822741,1
206183_1309,49,21,1309,0.00551207,0.01261294,-0.01038304,-0.02128733,-0.001814372,0.01146973,0.03842112,0.02233819,0.0207794,0.01945489,0.01852653,0.01819328,0.01848441,0.01912442,0
206183_1310,50,21,1310,0.01300341,-0.02163635,-0.007292392,0.0003983897,-0.01021722,0.006382295,0.004900083,0.02346757,0.02156758,0.01995105,0.01876216,0.01817257,0.01828242,0.01877216,0
206183_1311,51,21,1311,-0.003345005,0.04106805,0.01980244,0.01733024,0.03581482,0.01671416,0.007509453,0.0219423,0.02036215,0.01900687,0.01802624,0.01760238,0.01779929,0.01834213,0
206183_1312,52,21,1312,0.0227998,-0.004009272,-0.01431034,0.02411034,-0.01505879,0.0390105,-0.007034878,0.02370819,0.02189914,0.02033568,0.01917633,0.01861166,0.01874751,0.01927195,0
206183_1313,53,21,1313,0.005397246,-0.01745217,0.01829805,-0.01063046,0.001093963,-0.003044585,-0.004644494,0.02138778,0.0199045,0.01862237,0.01768998,0.01728884,0.01748406,0.01801496,0
206183_1314,54,21,1314,-0.005777007,-0.0293917,0.02717096,0.03509103,0.00516233,0.02136524,-0.008891238,0.02162455,0.02006141,0.01871917,0.0177427,0.01730768,0.01748302,0.01799866,0
206183_1315,55,21,1315,-0.01226524,-0.00312806,0.01970214,0.002902997,0.02770483,0.007950974,0.02285557,0.02269508,0.02102256,0.01958687,0.01854257,0.01807704,0.01826377,0.01881413,0
206183_1316,56,21,1316,-0.001838001,0.01199572,-0.02384207,-0.03099449,0.03038802,0.001251372,0.04568782,0.02112135,0.01968466,0.01840375,0.01742203,0.01691315,0.01699901,0.0174229,0
206183_1317,57,21,1317,0.08441258,0.01449354,0.005653662,0.01313764,-0.03625229,0.01888406,-0.01679421,0.02421174,0.02226825,0.02055397,0.01921676,0.0184288,0.01838129,0.01874269,0
206183_1318,58,21,1318,-0.01802543,0.02432528,0.006050728,-0.01981007,0.009186482,0.0032807,0.006625906,0.02357318,0.02177822,0.0202189,0.01905164,0.018464,0.0185735,0.01907086,0
206183_1319,59,21,1319,-0.009263542,0.005681758,0.008746244,0.03199039,-0.03362249,0.008552195,-0.01816171,0.02279771,0.02115292,0.01970844,0.01862061,0.0180784,0.01819755,0.01868908,0
206183_1320,0,22,1320,0.01715059,0.01080364,-0.0184137,0.001804108,-0.003719688,0.01192383,0.008534,0.02078066,0.01945181,0.018391,0.01775669,0.01774607,0.01825778,0.01906613,0
206183_1321,1,22,1321,0.01049022,-0.009999187,-0.007441962,0.02206816,0.02391031,0.005029861,-0.01298368,0.02295761,0.02133419,0.01991414,0.01886059,0.01837236,0.01854504,0.0190914,0
206183_1322,2,22,1322,-0.008967153,0.01019051,-0.01059792,0.01341563,0.01109172,0.009722702,0.01678967,0.02242234,0.02090552,0.01955487,0.01853176,0.01803349,0.01817478,0.01868165,0
206183_1323,3,22,1323,0.01615386,-0.01322809,-0.01012536,-0.003202278,-0.003714521,0.007853953,-0.01326369,0.02114749,0.01969865,0.01846376,0.01759214,0.01726714,0.01752144,0.01810165,0
206183_1324,4,22,1324,0.001490218,0.01404842,0.006036913,0.02180908,0.0111993,-0.04176499,-0.001278922,0.02064809,0.01937582,0.0183505,0.0177342,0.01772962,0.01824234,0.01905105,0
206183_1325,5,22,1325,0.009818222,-0.01172897,-0.02123218,0.02356308,-0.008739775,0.01321389,-0.002754343,0.02127739,0.01990414,0.01874313,0.01795591,0.0177435,0.01810003,0.01878039,0
206183_1326,6,22,1326,-0.005884644,0.006741759,-0.001412115,0.005139884,-0.02416639,-0.004621661,-0.004642415,0.02083192,0.01961979,0.01858231,0.01788861,0.01775271,0.01815827,0.01887887,0
206183_1327,7,22,1327,0.008252056,-0.007860528,0.0220728,0.02017246,0.0008628224,-0.02122483,0.02114177,0.02038998,0.01911758,0.0180826,0.01744157,0.01738982,0.01785484,0.01861223,0
206183_1328,8,22,1328,0.2075794,0.1876931,0.1429952,0.1069514,0.1223368,0.1646808,0.1501244,0.02202455,0.02063013,0.0194885,0.01877625,0.01871438,0.01922963,0.02007122,1
206183_1329,9,22,1329,0.1612565,0.1643149,0.1043219,0.1151483,0.111973,0.1532882,0.1218607,0.02104404,0.0197555,0.0187035,0.01805621,0.01802452,0.01853227,0.01934385,1
206183_1330,10,22,1330,0.1793299,0.1281932,0.1071047,0.1012329,0.1191519,0.1121088,0.1091659,0.01941643,0.01837466,0.01757376,0.01717547,0.01738436,0.01803946,0.01894784,1
206183_1331,11,22,1331,0.1681012,0.1475727,0.09488643,0.09701434,0.1313852,0.1346034,0.1232466,0.02010347,0.01899362,0.01813664,0.01770101,0.01789957,0.01857348,0.01951195,1
206183_1332,12,22,1332,0.163755,0.1202761,0.1169387,0.1051526,0.09196929,0.102735,0.1097579,0.01991446,0.01877518,0.01783406,0.01725192,0.01723196,0.01771778,0.01847916,1
206183_1333,13,22,1333,0.2038556,0.1551986,0.1052044,0.1480558,0.1339789,0.1616004,0.1507884,0.0205459,0.01939984,0.01850725,0.01804191,0.0182235,0.01890868,0.01986032,1
206183_1334,14,22,1334,0.2028125,0.1721673,0.1127514,0.09855231,0.1249151,0.1268979,0.1347814,0.02059001,0.0195086,0.01862586,0.01812282,0.01823134,0.01886378,0.01976925,1
206183_1335,15,22,1335,0.1665773,0.1418184,0.1427835,0.08494889,0.09542006,0.1440064,0.1103276,0.0208056,0.01966589,0.01868171,0.01802855,0.01793073,0.01839919,0.01915299,0
206183_1336,16,22,1336,0.1591978,0.1396354,0.1133189,0.09787126,0.1207093,0.1113026,0.1385762,0.01989044,0.01882057,0.01797746,0.01752984,0.01769186,0.01836148,0.01926586,0
206183_1337,17,22,1337,0.1221547,0.1323262,0.1041781,0.1118288,0.1159528,0.1408194,0.1650285,0.01970877,0.0188414,0.01818118,0.01791419,0.0182819,0.01913457,0.02019889,0
206183_1338,18,22,1338,0.173396,0.1589834,0.1355999,0.08440666,0.1686229,0.1531655,0.1803239,0.02122965,0.02002994,0.01905229,0.0184783,0.01853855,0.01919869,0.02010183,1
206183_1339,19,22,1339,0.1529414,0.1508109,0.1419636,0.1146018,0.1466368,0.1721507,0.2061254,0.02041017,0.01947003,0.01879033,0.01856256,0.01903282,0.02002949,0.02120755,1
206183_1340,20,22,1340,0.2013777,0.1425283,0.1423917,0.1162199,0.1324909,0.1421859,0.1491353,0.02030973,0.01937454,0.01865342,0.01833759,0.01867454,0.01957265,0.02065008,1
206183_1341,21,22,1341,0.1657267,0.15361,0.1034069,0.1752193,0.1516452,0.1534232,0.1918233,0.02109716,0.02003827,0.0192348,0.01888074,0.01922446,0.02017856,0.02130064,1
206183_1342,22,22,1342,0.1759023,0.1383243,0.112799,0.1315877,0.1351869,0.1224746,0.1450294,0.01957787,0.0188196,0.01832687,0.01829022,0.01895715,0.02014441,0.02143304,1
206183_1343,23,22,1343,0.1399181,0.1487394,0.09125556,0.1185471,0.1363977,0.1668378,0.2280738,0.01960304,0.01891594,0.01849317,0.01853205,0.01929118,0.02058071,0.02194774,1
206183_1344,24,22,1344,0.1467854,0.1183978,0.1539697,0.1260507,0.1311955,0.1926479,0.2100695,0.01936433,0.01882677,0.01854354,0.01872061,0.01963286,0.02106791,0.02255073,1
206183_1345,25,22,1345,0.138686,0.1196899,0.08937968,0.1250746,0.1516957,0.1848466,0.209974,0.01836796,0.01804853,0.01801501,0.01846422,0.01966475,0.0213177,0.02296279,1
206183_1346,26,22,1346,0.09622295,0.1275347,0.1010458,0.1206616,0.147296,0.1715222,0.2051491,0.01746617,0.01718715,0.01716114,0.01757279,0.01867701,0.02021769,0.02174412,1
206183_1347,27,22,1347,0.09790204,0.1010642,0.127164,0.1328611,0.1384195,0.1821009,0.2617897,0.01786756,0.01763499,0.01774079,0.01835872,0.0197369,0.02153133,0.0232671,1
206183_1348,28,22,1348,0.1470099,0.1113576,0.1115237,0.09396382,0.1762014,0.1842784,0.2297685,0.01869346,0.01829224,0.01816174,0.01849171,0.01955389,0.02113384,0.02270278,1
206183_1349,29,22,1349,0.1502668,0.1641535,0.1264835,0.1150174,0.1206018,0.180458,0.2290313,0.01811385,0.01781139,0.01775259,0.01811787,0.01918237,0.02074583,0.02229889,1
206183_1350,30,22,1350,0.1269826,0.1377756,0.1109203,0.1165932,0.1703897,0.1983412,0.2581814,0.01872535,0.01829924,0.01813815,0.01840607,0.01937541,0.02088315,0.02239667,1
206183_1351,31,22,1351,0.1274255,0.129187,0.08358648,0.1172798,0.1145707,0.1605478,0.1835125,0.01927063,0.01862827,0.01825389,0.01827806,0.01896059,0.02024001,0.02156532,1
206183_1352,32,22,1352,0.1413625,0.1105511,0.1023226,0.124568,0.1397069,0.1608444,0.1940323,0.01814389,0.01778067,0.01772077,0.01806052,0.01905897,0.02056607,0.02208678,1
206183_1353,33,22,1353,0.1825718,0.1700547,0.1763321,0.1673451,0.1430469,0.2087981,0.2399109,0.02067879,0.01983529,0.0193547,0.01926871,0.01984479,0.02110851,0.02246007,1
206183_1354,34,22,1354,0.1362038,0.1284499,0.1172454,0.1382412,0.1353577,0.152426,0.2147745,0.01948722,0.01867514,0.01824403,0.01814881,0.0186291,0.01975755,0.0209818,1
206183_1355,35,22,1355,0.1754459,0.1477548,0.1579007,0.1393608,0.1616378,0.1483445,0.1730215,0.02123664,0.02020884,0.01956113,0.01914026,0.01922126,0.02011288,0.02117782,1
206183_1356,36,22,1356,0.2495457,0.2137596,0.1465823,0.1460994,0.1320922,0.1579004,0.1531862,0.02260516,0.02124198,0.02028252,0.01941429,0.0189148,0.01937703,0.02009115,1
206183_1357,37,22,1357,0.1247789,0.1659226,0.1206466,0.13558,0.1453773,0.1711301,0.1670371,0.01987766,0.01904355,0.01874294,0.01862046,0.01892989,0.02000758,0.02124041,1
206183_1358,38,22,1358,0.179985,0.1524122,0.1212929,0.1214997,0.132086,0.1480195,0.1425157,0.0209396,0.01978786,0.01914735,0.01850325,0.01813314,0.0186948,0.01949858,1
206183_1359,39,22,1359,0.3121909,0.2580901,0.2133926,0.1687734,0.1316749,0.1511288,0.181859,0.02492257,0.023202,0.02214427,0.0209407,0.01992972,0.02016926,0.02076268,1
206183_1360,40,22,1360,0.2595999,0.27976,0.2203053,0.1788821,0.1633178,0.1396498,0.1792002,0.02456462,0.02289404,0.02188725,0.02063428,0.01947831,0.01958729,0.02006428,1
206183_1361,41,22,1361,0.2597604,0.1773427,0.1929464,0.1063793,0.1418126,0.1673935,0.196216,0.02317186,0.02157086,0.02072037,0.01972546,0.01890556,0.01926088,0.01994639,1
206183_1362,42,22,1362,0.2949231,0.2466242,0.2449375,0.1834304,0.1740737,0.1855818,0.1908413,0.02562991,0.02371455,0.02260016,0.02122697,0.01995785,0.0200475,0.02054509,1
206183_1363,43,22,1363,0.2942906,0.2426185,0.1884185,0.1699749,0.1453236,0.1627269,0.1207719,0.0250971,0.02332397,0.0222885,0.02098265,0.01976378,0.01984788,0.02033887,1
206183_1364,44,22,1364,0.3366185,0.2588692,0.2390807,0.1839161,0.1714912,0.1780107,0.1845394,0.02629985,0.02427221,0.02299721,0.02147751,0.02006851,0.02000652,0.02038724,1
206183_1365,45,22,1365,0.2569588,0.1433966,0.1492413,0.141158,0.121404,0.1185936,0.1707385,0.02290795,0.02130184,0.02035808,0.01935996,0.01860289,0.01890137,0.01955258,1
206183_1366,46,22,1366,0.2028348,0.2147726,0.1681138,0.1839198,0.138411,0.1406294,0.1403593,0.02420119,0.02230927,0.02103121,0.01971461,0.01864418,0.01866755,0.01908951,1
206183_1367,47,22,1367,0.2771558,0.1842462,0.1917234,0.1337255,0.1202825,0.1144417,0.1341084,0.02376971,0.02195258,0.0206571,0.01938537,0.01840092,0.01842076,0.01883315,1
206183_1368,48,22,1368,0.2955279,0.1572879,0.1501398,0.1620955,0.1372727,0.136171,0.1603509,0.02326366,0.02151591,0.02023466,0.01907435,0.0182802,0.01839468,0.01888682,1
206183_1369,49,22,1369,0.2442975,0.1536935,0.1218109,0.1345969,0.1081098,0.1189962,0.1301947,0.02267239,0.02096246,0.01965515,0.01853369,0.01781851,0.017928,0.01840261,1
206183_1370,50,22,1370,-0.01381963,-0.02403548,0.002431639,0.004450651,0.003572046,0.01815028,-0.01048367,0.02165288,0.02016664,0.01887585,0.01793368,0.01752769,0.01772855,0.01827051,0
206183_1371,51,22,1371,0.0003808699,-0.02650504,-0.05168758,0.01415136,0.001055844,0.02328519,-0.01598714,0.02110116,0.01969335,0.01850705,0.01769646,0.01745222,0.01777593,0.01841954,0
206183_1372,52,22,1372,-0.004326833,0.01545902,-0.02238053,0.01797567,0.01544134,0.003042446,0.004452642,0.02123054,0.01974899,0.01846998,0.01753911,0.01713395,0.01732072,0.01783938,0
206183_1373,53,22,1373,0.01867,-0.03817935,0.01743279,-0.003624405,-0.02016862,0.009352378,-0.002985688,0.02069372,0.01926584,0.01810213,0.01734759,0.01718067,0.01755721,0.01823619,0
206183_1374,54,22,1374,0.004055767,0.007853297,-0.01897922,0.005861878,-0.0257346,-0.01402439,-0.005897233,0.0227425,0.02106723,0.01960473,0.01850749,0.0179591,0.01807252,0.01855593,0
206183_1375,55,22,1375,0.005545486,0.01154157,-0.01693711,0.03521006,0.00585528,0.0030882,-0.02239765,0.02231533,0.0207469,0.01936461,0.01832329,0.01781076,0.01793813,0.01842736,0
206183_1376,56,22,1376,-0.008214512,-0.01587989,-0.006102404,-0.01164486,-0.008726711,-0.01533586,-0.01077718,0.02182008,0.02023264,0.01884322,0.01779489,0.01725949,0.01735096,0.01779305,0
206183_1377,57,22,1377,-0.001562561,0.0284426,0.02382452,0.02434352,-0.04242408,-0.0101524,0.0186652,0.02376119,0.02204305,0.02051783,0.01935113,0.01874274,0.01883537,0.01932453,0
206183_1378,58,22,1378,0.003981021,-0.0114729,0.02551253,-0.001721907,0.01089785,-0.03340723,-0.01067064,0.02031719,0.01903757,0.01798308,0.01730749,0.01720248,0.0176175,0.01832917,0
206183_1379,59,22,1379,0.04207509,0.007191732,0.008275001,0.01384223,-0.02204357,9.809596e-05,-0.004866818,0.02268806,0.02101983,0.01953092,0.01836884,0.01770862,0.01771626,0.01809921,0
206183_1380,0,23,1380,-0.02551185,-0.002477892,0.006061999,0.01464389,-0.003007153,-0.01507413,0.01891433,0.02141131,0.01999355,0.01879948,0.0179887,0.017759,0.0181051,0.01877805,0
206183_1381,1,23,1381,-0.02447528,0.0294626,0.001814313,0.02950812,-0.008115134,-0.001713645,0.007531871,0.02040094,0.01917537,0.01820052,0.0176386,0.01769289,0.01824625,0.01908704,0
206183_1382,2,23,1382,-0.02719378,0.004149102,0.02809354,0.01132491,0.009651338,-0.004760243,0.04116795,0.02092544,0.01957797,0.01846903,0.01775747,0.01764097,0.01806788,0.01880368,0
206183_1383,3,23,1383,-0.02387017,-0.0240926,0.01206654,-0.03212017,0.01544835,-0.002608057,0.01112929,0.02182702,0.02030158,0.01898695,0.01803639,0.0176373,0.01785027,0.01840753,0
206183_1384,4,23,1384,0.02718649,0.01169068,-0.0009524739,0.007946555,0.03029752,0.007229945,0.02192479,0.02135451,0.02003097,0.01889666,0.01811902,0.01790782,0.01826646,0.01895368,0
206183_1385,5,23,1385,-0.03201767,-0.01037584,-0.02306538,0.05228124,0.0004288005,0.002689885,-0.0010483,0.02031977,0.0191345,0.01814524,0.01751557,0.01745193,0.01790253,0.01865117,0
206183_1386,6,23,1386,-0.006127242,-0.007404822,-0.01647146,0.02033754,-0.0324922,-0.006792224,-0.001489354,0.02074273,0.01954792,0.01853463,0.0178729,0.01777814,0.01821667,0.01896549,0
206183_1387,7,23,1387,-0.0008030585,0.003846716,0.01379019,0.01901901,0.03073702,0.02132639,-0.03339422,0.02127917,0.01987321,0.01865512,0.01778005,0.01743954,0.01768477,0.01826055,0
206183_1388,8,23,1388,0.2095743,0.150794,0.1665254,0.1057198,0.09257825,0.1459836,0.1517324,0.02221213,0.02077913,0.01955379,0.01870915,0.01846102,0.01882156,0.01952614,1
206183_1389,9,23,1389,0.1774044,0.1289722,0.1365766,0.1250207,0.1041767,0.1238979,0.172416,0.02018881,0.01907666,0.01816285,0.01761689,0.01765425,0.01819105,0.01901421,1
206183_1390,10,23,1390,0.1384086,0.1073526,0.06938464,0.08917429,0.08418391,0.1182796,0.105434,0.01925686,0.01831216,0.01757176,0.01720475,0.01742791,0.0180919,0.01900988,1
206183_1391,11,23,1391,0.1510238,0.1238999,0.1305458,0.1409579,0.1000815,0.1622233,0.1672018,0.01945103,0.0184999,0.01777831,0.01745833,0.01775996,0.01849979,0.01948695,1
206183_1392,12,23,1392,0.1590761,0.1714397,0.1477841,0.1211351,0.1397132,0.1301721,0.1566776,0.02069977,0.0196255,0.01878317,0.01835749,0.01858445,0.01931183,0.02031286,1
206183_1393,13,23,1393,0.1802396,0.2293584,0.1519894,0.1432368,0.1242646,0.163351,0.2191036,0.02216157,0.02083218,0.01974329,0.01908143,0.01908199,0.01967609,0.02057895,1
206183_1394,14,23,1394,0.2005024,0.2272507,0.183576,0.1522917,0.1549884,0.1730798,0.2047701,0.02252734,0.02124431,0.02019012,0.01956353,0.01961756,0.02027994,0.02124949,0
206183_1395,15,23,1395,0.1638734,0.1556957,0.1313962,0.1428547,0.1593666,0.1479608,0.1680003,0.02016323,0.01921143,0.01838746,0.0178731,0.01790584,0.01846978,0.01929773,0
206183_1396,16,23,1396,0.153443,0.121892,0.1018806,0.1171561,0.1168932,0.133808,0.1540331,0.0186361,0.01794493,0.01746571,0.01737984,0.0179246,0.01888261,0.02002403,0
206183_1397,17,23,1397,0.1987808,0.1494305,0.1395823,0.09674946,0.1590334,0.1524494,0.1785967,0.02071708,0.01964045,0.01883976,0.01849866,0.01885042,0.01973635,0.02083258,0
206183_1398,18,23,1398,0.1758543,0.1582197,0.1138971,0.128573,0.1844649,0.1685533,0.1606091,0.02027337,0.01937571,0.01869683,0.01843098,0.01883026,0.01976164,0.02088477,0
206183_1399,19,23,1399,0.142053,0.101069,0.1018734,0.1147951,0.1083186,0.1503698,0.1603894,0.018103,0.0175496,0.01723816,0.01734884,0.01811871,0.01929534,0.02058046,1
206183_1400,20,23,1400,0.130226,0.1683706,0.1595632,0.1446296,0.1345314,0.1974488,0.2428828,0.01961976,0.01903479,0.01879225,0.01908579,0.02017058,0.02169413,0.02328897,1
206183_1401,21,23,1401,0.1299063,0.1507326,0.1360872,0.1222338,0.1464475,0.1589034,0.2438414,0.01868471,0.01822461,0.01804263,0.01833407,0.01935911,0.02082608,0.02234487,1
206183_1402,22,23,1402,0.1427649,0.1356084,0.1026897,0.1564247,0.1401697,0.182274,0.1921764,0.01797759,0.0176029,0.01744269,0.01769259,0.01861727,0.01999865,0.02142067,1
206183_1403,23,23,1403,0.1141578,0.07401665,0.126263,0.1275625,0.1617731,0.2166517,0.250024,0.01766766,0.01759037,0.01783689,0.01859806,0.020143,0.02206376,0.02392859,1
206183_1404,24,23,1404,0.1674687,0.1232011,0.09822744,0.1325612,0.1532461,0.1911562,0.262042,0.01802118,0.01785234,0.01798559,0.01861876,0.0200266,0.0218733,0.02366272,1
206183_1405,25,23,1405,0.1256521,0.1356641,0.128386,0.112869,0.1551821,0.193638,0.284132,0.01841792,0.01824743,0.01838578,0.01903734,0.02048768,0.02241531,0.02426576,1
206183_1406,26,23,1406,0.07945846,0.1002815,0.089949,0.1222982,0.1606201,0.2049778,0.2788186,0.01671273,0.01677313,0.01712814,0.01796167,0.01954311,0.02152119,0.02338487,1
206183_1407,27,23,1407,0.1036241,0.09761827,0.1234834,0.1338641,0.1316785,0.1700677,0.2479671,0.01787654,0.01770244,0.01783983,0.01847327,0.01986949,0.02174839,0.0235245,1
206183_1408,28,23,1408,0.1069578,0.1271663,0.1391477,0.126558,0.1990707,0.2637667,0.31995,0.01784369,0.0180191,0.01859273,0.01973917,0.02174372,0.02416793,0.02640773,1
206183_1409,29,23,1409,0.1199907,0.1472447,0.1540263,0.1861128,0.22254,0.2554141,0.2791985,0.01787409,0.01793934,0.01837319,0.0193429,0.02113222,0.02337931,0.02547112,1
206183_1410,30,23,1410,0.1228271,0.09041654,0.1364997,0.1559542,0.1494881,0.2212455,0.2620208,0.01810322,0.01806054,0.01834013,0.01910064,0.02063645,0.02268623,0.02462461,1
206183_1411,31,23,1411,0.1484697,0.136203,0.1377664,0.1438985,0.1724908,0.2251394,0.2749713,0.0193646,0.01888692,0.01875237,0.01907307,0.02011994,0.02179047,0.02341369,1
206183_1412,32,23,1412,0.1246773,0.10434,0.1198989,0.1240486,0.136878,0.2246008,0.2302425,0.0175643,0.0173368,0.01744665,0.0179534,0.01910882,0.02079028,0.02241625,1
206183_1413,33,23,1413,0.1761549,0.1735609,0.1932061,0.146381,0.1904599,0.2455428,0.2176139,0.02077666,0.0201458,0.0199025,0.02003016,0.0208267,0.02238048,0.02395712,1
206183_1414,34,23,1414,0.1069615,0.1485953,0.118575,0.1550348,0.1041367,0.1562968,0.1641031,0.01931831,0.01874119,0.01855756,0.01865508,0.01930105,0.02065878,0.02206027,1
206183_1415,35,23,1415,0.1623256,0.1101033,0.1285358,0.1476167,0.101896,0.1446731,0.1885286,0.0202236,0.01942331,0.01901885,0.01875503,0.01891322,0.01991478,0.02103703,1
206183_1416,36,23,1416,0.2403209,0.1843637,0.1442267,0.1369528,0.1815077,0.1305204,0.2016838,0.02158929,0.02047385,0.01991925,0.01947711,0.01943191,0.02036247,0.02145332,1
206183_1417,37,23,1417,0.2377888,0.1962221,0.1975848,0.1463402,0.1863681,0.1815525,0.2220452,0.02313469,0.02186551,0.02126857,0.02066046,0.02036611,0.02122098,0.02229232,1
206183_1418,38,23,1418,0.245302,0.1813042,0.2521375,0.1562396,0.1604023,0.1732989,0.1999963,0.02285587,0.02163652,0.0211308,0.02047731,0.02001486,0.0207563,0.02174296,1
206183_1419,39,23,1419,0.2790735,0.2577465,0.2006475,0.1643875,0.160219,0.1547056,0.1492572,0.02416329,0.02257364,0.02179474,0.02070906,0.01968262,0.02002773,0.02068865,1
206183_1420,40,23,1420,0.330613,0.3024956,0.2542621,0.2106669,0.1818338,0.1328523,0.1948041,0.02590761,0.02412786,0.02323987,0.02184551,0.02036046,0.02043341,0.02088849,1
206183_1421,41,23,1421,0.3022525,0.2455432,0.2339158,0.1897363,0.1370411,0.1221444,0.1589771,0.02508169,0.02327001,0.02239522,0.02102546,0.01956438,0.01962264,0.02006001,1
206183_1422,42,23,1422,0.403002,0.3042793,0.2439279,0.2369032,0.1816379,0.1497003,0.1782596,0.0276825,0.02543905,0.02428645,0.02256215,0.02071705,0.02059507,0.0209224,1
206183_1423,43,23,1423,0.3244484,0.2655517,0.264214,0.1428401,0.1682268,0.1553004,0.1735076,0.02531978,0.02347365,0.02253578,0.02104834,0.01941754,0.01930014,0.01959505,1
206183_1424,44,23,1424,0.4079935,0.313078,0.3056437,0.2422343,0.142137,0.1690322,0.1703969,0.02738408,0.02523731,0.02407672,0.02240666,0.0206563,0.02052275,0.02085259,1
206183_1425,45,23,1425,0.2923046,0.2455701,0.2217055,0.1922359,0.1756101,0.1274175,0.149602,0.02598934,0.02399231,0.02283566,0.02127804,0.01970008,0.01955854,0.01985697,1
206183_1426,46,23,1426,0.2583432,0.2413367,0.1914875,0.1568414,0.1501106,0.1640186,0.1575335,0.02464073,0.02274348,0.02159442,0.02022619,0.01897092,0.01896964,0.01937672,1
206183_1427,47,23,1427,0.3060024,0.2365979,0.2081383,0.1816369,0.154592,0.1572202,0.1794601,0.02533204,0.02334157,0.02203389,0.02060992,0.01938593,0.01936998,0.01978098,1
206183_1428,48,23,1428,0.266682,0.1999857,0.1772616,0.1269186,0.1090746,0.1181579,0.1182686,0.02348676,0.02177833,0.02057684,0.01934544,0.01835694,0.01837559,0.01878346,1
206183_1429,49,23,1429,0.2454518,0.1899145,0.15845,0.1467259,0.1176316,0.1433248,0.1266818,0.02283115,0.02120101,0.02009329,0.01916757,0.01867622,0.0190493,0.01977242,1
206183_1430,50,23,1430,0.003965491,0.003665294,-0.03197699,0.02717838,-0.003341706,0.003962354,0.002418063,0.01982767,0.01859743,0.01757926,0.01692214,0.01681186,0.01720699,0.01788788,0
206183_1431,51,23,1431,0.02973288,0.01713595,0.009236235,-0.008547309,-0.0007896327,0.004065166,0.001029218,0.02171535,0.02023914,0.01898315,0.01810564,0.01780175,0.01809541,0.018725,0
206183_1432,52,23,1432,-0.02251861,0.02616268,0.01957268,0.0285331,-0.01313654,-0.01252129,-0.002949908,0.02174023,0.02022551,0.0189441,0.01805084,0.0177359,0.01802114,0.0186423,0
206183_1433,53,23,1433,-0.04210875,0.008850093,-0.02085544,0.008705836,-0.0003470421,-0.02320976,0.01578252,0.02357507,0.02165732,0.01998822,0.01870798,0.0179804,0.0179679,0.01834643,0
206183_1434,54,23,1434,0.002091678,0.0534465,0.01281733,0.02261521,0.02308786,-0.009227374,-0.002649563,0.02200893,0.02054814,0.01924787,0.01826764,0.0178033,0.01795992,0.01847225,0
206183_1435,55,23,1435,-0.008356251,0.04359447,0.03187906,-0.0006534171,-0.004031315,0.0088564,-0.04085951,0.0248276,0.02283011,0.02098227,0.01942195,0.01829686,0.01794701,0.01802851,0
206183_1436,56,23,1436,0.001215296,-0.03947268,0.04612213,0.006800616,-0.003655277,0.0303472,-0.0006811104,0.02011698,0.0189386,0.01791058,0.0171892,0.01697128,0.01727821,0.01789139,0
206183_1437,57,23,1437,-0.02874569,0.006508312,-0.02108104,-0.004649888,-0.03091637,0.0100599,-0.0265038,0.02183221,0.02027922,0.01894082,0.01796705,0.01754057,0.01772986,0.01826448,0
206183_1438,58,23,1438,0.01907838,0.01129877,0.01642699,-0.02594836,-0.0008407422,0.01630279,-0.01892657,0.02213155,0.02054264,0.01915328,0.01811323,0.01760357,0.01772858,0.01821012,0
206183_1439,59,23,1439,0.005300515,-0.01169726,-0.01065055,0.004069248,0.009521712,0.02112914,0.02281475,0.02412414,0.02229218,0.02064294,0.01933159,0.01853975,0.01847884,0.01882827,0
206183_1440,0,24,1440,0.004911361,0.02640291,0.03273555,-0.009578356,0.01403922,-0.001427029,-0.002377658,0.02091638,0.01953171,0.01832772,0.017454,0.01709464,0.01730819,0.01784772,0
206183_1441,1,24,1441,5.63957e-05,-0.04784946,-5.753926e-05,0.01105496,0.04412104,-0.003028067,0.01669049,0.02142853,0.02000956,0.01878478,0.01791145,0.01758387,0.01784393,0.01843864,0
206183_1442,2,24,1442,-0.04314569,-0.04218507,-0.008061225,-0.009036361,0.004824345,-0.004248795,0.006916804,0.01983871,0.01853915,0.01745905,0.01673949,0.01655489,0.01688522,0.01750563,0
206183_1443,3,24,1443,-0.02029015,0.01017464,0.02046232,0.0005645143,0.03620549,-0.0009724315,0.01180181,0.02084507,0.01956341,0.01849774,0.01781211,0.0177121,0.01814991,0.01889694,0
206183_1444,4,24,1444,-0.02306587,-0.002998378,0.01263074,-0.006010645,0.01666511,-0.01930283,-0.001294709,0.02068688,0.01943266,0.01832899,0.0175341,0.01724616,0.017512,0.01809886,0
206183_1445,5,24,1445,-0.01583426,-0.04362928,-0.004817914,-0.01155378,-0.008847346,-0.06219972,0.02364599,0.02333656,0.02169585,0.02029523,0.01930747,0.01894512,0.01924498,0.01991725,0
206183_1446,6,24,1446,0.0399713,0.02874938,-0.007599175,0.01672922,-0.009737128,0.00537513,0.01252085,0.02018041,0.01908543,0.01819671,0.01768581,0.01777107,0.01834483,0.01920487,0
206183_1447,7,24,1447,0.1673664,0.09278759,0.09547675,0.114339,0.0983893,0.1061099,0.1341027,0.02003026,0.01884893,0.01787267,0.01726009,0.01721075,0.01766531,0.01840802,1
206183_1448,8,24,1448,0.171691,0.1349574,0.1542909,0.1170484,0.119906,0.1164214,0.1415554,0.02081216,0.01956644,0.01850829,0.01780349,0.01766075,0.01806311,0.01877616,1
206183_1449,9,24,1449,0.1783888,0.1068392,0.1469132,0.1314963,0.08814221,0.1318234,0.1437752,0.02022543,0.01908917,0.01814497,0.01755998,0.01754631,0.01804128,0.01882594,1
206183_1450,10,24,1450,0.1911535,0.1379748,0.1409351,0.1130072,0.1223788,0.1703975,0.1555301,0.02100012,0.01991683,0.01903054,0.01853019,0.01865873,0.01930605,0.0202506,1
206183_1451,11,24,1451,0.1504025,0.1630451,0.1511926,0.1218263,0.09448628,0.1082059,0.1353729,0.02077714,0.01954427,0.01848464,0.01776363,0.01758966,0.0179715,0.01865828,1
206183_1452,12,24,1452,0.121227,0.15363,0.1352762,0.1166458,0.08048281,0.1238887,0.1504639,0.01975103,0.01877337,0.01799095,0.01757918,0.01776353,0.01842299,0.01934108,1
206183_1453,13,24,1453,0.1348385,0.1454104,0.1434348,0.09502607,0.1082992,0.1359026,0.1812722,0.01898889,0.01816075,0.0175524,0.01733902,0.01774677,0.01857394,0.01962194,1
206183_1454,14,24,1454,0.2045762,0.1368322,0.1527915,0.1210218,0.09916244,0.1544314,0.1737024,0.02080279,0.01974914,0.01890866,0.01847012,0.01867603,0.01940959,0.02040469,1
206183_1455,15,24,1455,0.1510346,0.111844,0.1345983,0.1139952,0.1288193,0.1552572,0.166162,0.01951961,0.0187409,0.01818453,0.01804107,0.01855902,0.0195223,0.02069189,0
206183_1456,16,24,1456,0.198256,0.129985,0.1672583,0.1239349,0.1239771,0.1431234,0.1559486,0.02031685,0.01943959,0.01873173,0.01838949,0.0186704,0.01947853,0.02051609,0
206183_1457,17,24,1457,0.162967,0.1118957,0.102319,0.1364587,0.161624,0.1622766,0.1867286,0.019832,0.01899696,0.01838885,0.01819902,0.01867598,0.01964933,0.02080623,0
206183_1458,18,24,1458,0.1883241,0.1517662,0.1078523,0.138692,0.1137286,0.1756145,0.2102358,0.01984253,0.01905565,0.01850256,0.01837913,0.01894067,0.02000862,0.02123442,1
206183_1459,19,24,1459,0.1443678,0.1316042,0.1236373,0.1661863,0.1941992,0.1512897,0.214019,0.01982544,0.01930187,0.01904689,0.01927652,0.02027876,0.02175299,0.02332614,1
206183_1460,20,24,1460,0.1372303,0.1106936,0.1311522,0.08183176,0.1431976,0.2048146,0.2470054,0.01922974,0.01877339,0.01855612,0.01879036,0.01976166,0.02121545,0.02274106,1
206183_1461,21,24,1461,0.1284387,0.07208761,0.1085524,0.08472929,0.1661758,0.1763367,0.2921726,0.0170674,0.0171081,0.01750458,0.01842909,0.02013407,0.02213217,0.02406583,1
206183_1462,22,24,1462,0.1098532,0.126323,0.1126606,0.1326978,0.1744129,0.2539458,0.3006073,0.01832155,0.01819351,0.01841065,0.0191699,0.02074709,0.02273486,0.02465728,1
206183_1463,23,24,1463,0.09789904,0.1082751,0.1448453,0.1442722,0.1754737,0.2457011,0.2553288,0.01760853,0.01761078,0.017931,0.01876688,0.02040021,0.02244443,0.02438967,1
206183_1464,24,24,1464,0.1368872,0.1568447,0.1572228,0.173058,0.2157771,0.2444439,0.3917793,0.01884229,0.01897306,0.01947748,0.02057735,0.02259689,0.02508377,0.02740823,1
206183_1465,25,24,1465,0.1311979,0.1186911,0.1125467,0.1483481,0.2286047,0.3464747,0.4325551,0.01930375,0.01938314,0.01987838,0.02100182,0.0230677,0.02563836,0.02800656,1
206183_1466,26,24,1466,0.1303276,0.1167653,0.1254955,0.1873868,0.2438083,0.2580889,0.3887577,0.01803907,0.01834443,0.01906561,0.02039523,0.02263823,0.02532898,0.02777064,1
206183_1467,27,24,1467,0.1187155,0.1025422,0.1130625,0.1440941,0.1958193,0.2947273,0.3247503,0.01705812,0.01733722,0.01799195,0.01919829,0.02124016,0.02371891,0.02595905,1
206183_1468,28,24,1468,0.07021953,0.1478412,0.1186848,0.1440361,0.200589,0.2968293,0.3391113,0.0174142,0.01769022,0.01835371,0.01957762,0.02165418,0.02420063,0.02649694,1
206183_1469,29,24,1469,0.1578675,0.1358682,0.1567262,0.1725148,0.2918203,0.353775,0.4817715,0.01903652,0.0193518,0.02014634,0.02158295,0.02397816,0.02690767,0.02953837,1
206183_1470,30,24,1470,0.1037008,0.07876617,0.1348656,0.1354778,0.2244757,0.2844981,0.3376997,0.01677808,0.01709746,0.01782362,0.01907232,0.02111337,0.02360518,0.02585114,1
206183_1471,31,24,1471,0.1606834,0.1324946,0.09733395,0.1657464,0.1999575,0.2534337,0.3163296,0.01829997,0.01831134,0.01874605,0.01968932,0.02141739,0.02371792,0.02582409,1
206183_1472,32,24,1472,0.1545508,0.1216165,0.1329977,0.1279064,0.1618301,0.2394885,0.2962036,0.01947272,0.01920211,0.0193497,0.01994172,0.02126671,0.02328833,0.02518852,1
206183_1473,33,24,1473,0.136859,0.1627745,0.1503161,0.1469896,0.199209,0.2411443,0.2837149,0.01921667,0.01903536,0.01932907,0.02002797,0.02141322,0.02349636,0.02546802,1
206183_1474,34,24,1474,0.1837059,0.1729781,0.1521531,0.1728534,0.191819,0.2393517,0.2472286,0.0202336,0.01972153,0.01970855,0.01998361,0.0208334,0.02252286,0.02418958,1
206183_1475,35,24,1475,0.1606307,0.1550169,0.145624,0.1405501,0.1884269,0.2153952,0.2653239,0.02031828,0.01976704,0.01978724,0.0200008,0.02069252,0.02228906,0.02390122,1
206183_1476,36,24,1476,0.1978067,0.1684936,0.2182557,0.1630973,0.1735169,0.2082041,0.273454,0.02105579,0.02037561,0.02038162,0.02047393,0.02094591,0.02244683,0.02401028,1
206183_1477,37,24,1477,0.2181835,0.1843987,0.2381018,0.1877697,0.1985259,0.2371844,0.2754786,0.02283627,0.02186609,0.02176605,0.02162453,0.02176387,0.02314842,0.02465923,1
206183_1478,38,24,1478,0.2644072,0.2073856,0.1918761,0.188767,0.1467271,0.1597542,0.2174139,0.02254108,0.02137339,0.0210701,0.02050484,0.02002356,0.02087785,0.02193731,1
206183_1479,39,24,1479,0.3029671,0.2968035,0.2504692,0.1886316,0.1995239,0.1611196,0.2179829,0.0261857,0.02440892,0.02371806,0.02248268,0.02114815,0.02153642,0.02225418,1
206183_1480,40,24,1480,0.3538737,0.2830739,0.3000196,0.25591,0.2294248,0.2089723,0.2137927,0.02652111,0.02480833,0.02427546,0.02304777,0.02160498,0.02198854,0.02273214,1
206183_1481,41,24,1481,0.3977847,0.3469312,0.2843012,0.2720706,0.156389,0.1722938,0.1574456,0.0276745,0.02567986,0.02490938,0.02323138,0.02116725,0.02105508,0.02136721,1
206183_1482,42,24,1482,0.3990102,0.3576041,0.320715,0.2274732,0.2006725,0.1736656,0.1808443,0.02869774,0.02655942,0.02568529,0.02378304,0.02140042,0.02105194,0.02116807,1
206183_1483,43,24,1483,0.4601056,0.4298733,0.3007632,0.2739856,0.2471461,0.1854587,0.2419094,0.02935589,0.02714363,0.02627148,0.02445077,0.02224094,0.02209858,0.02244582,1
206183_1484,44,24,1484,0.4664268,0.419743,0.3514707,0.3091731,0.1940623,0.165473,0.1743379,0.02982277,0.02738448,0.02621586,0.02413931,0.02169246,0.02125657,0.02133469,1
206183_1485,45,24,1485,0.3707999,0.279031,0.2834784,0.2362934,0.2045897,0.1603677,0.1785264,0.02752274,0.02544621,0.02448662,0.02290378,0.02116625,0.02115908,0.02161696,1
206183_1486,46,24,1486,0.2812521,0.2329088,0.2298982,0.1741652,0.1523509,0.1440832,0.1493382,0.02568229,0.02371781,0.02264763,0.02112205,0.0195335,0.01941351,0.01972775,1
206183_1487,47,24,1487,0.2712856,0.2035373,0.183855,0.1839584,0.1509644,0.1535505,0.1357543,0.02391558,0.02218918,0.0211789,0.0199017,0.01869131,0.01870731,0.01911867,1
206183_1488,48,24,1488,0.3371399,0.2273782,0.2106682,0.1694175,0.1198209,0.1315257,0.1640086,0.02490925,0.02295531,0.02166852,0.02026313,0.01904779,0.01901515,0.01940177,1
206183_1489,49,24,1489,0.2499011,0.2107293,0.187935,0.1478435,0.1397065,0.1074762,0.1381392,0.02320462,0.02157822,0.02046624,0.01937497,0.01858031,0.0187544,0.01930459,1
206183_1490,50,24,1490,0.226014,0.1729488,0.1078525,0.1141283,0.09388157,0.1391497,0.1294594,0.02238026,0.02088024,0.01981197,0.01888577,0.01835436,0.01865362,0.01930417,1
206183_1491,51,24,1491,0.002847152,0.01904759,0.02298993,-0.01014061,0.04814746,0.03091577,0.02479442,0.02220176,0.02060627,0.01924137,0.01826087,0.01785223,0.01807281,0.01864287,0
206183_1492,52,24,1492,-0.00143215,-0.006172894,-0.0161534,-0.02035722,0.02341153,0.006170544,0.005273107,0.0221583,0.02056663,0.01927482,0.01843985,0.01825463,0.01866816,0.01941242,0
206183_1493,53,24,1493,-0.02570284,0.02482062,0.0160782,-0.00903077,0.006029049,-0.003546103,-0.008238391,0.02110944,0.01966053,0.01845116,0.01763165,0.01738704,0.01771122,0.01835361,0
206183_1494,54,24,1494,0.0008470775,-0.02218615,0.004901364,0.02070699,-0.02554054,-0.01970125,-0.0144447,0.02205465,0.02047296,0.01904382,0.01790918,0.01723672,0.01720785,0.01754207,0
206183_1495,55,24,1495,-2.356628e-05,0.01864511,-0.01684876,0.00217688,-0.006685074,0.01088829,0.0179899,0.02243036,0.02078554,0.019378,0.01836038,0.01791805,0.0181161,0.01867082,0
206183_1496,56,24,1496,0.0101165,0.01342036,0.02446555,-0.0121011,-0.0006617211,-0.001862523,-0.009706105,0.02115298,0.01969527,0.01841471,0.01745552,0.0169929,0.01712353,0.01758938,0
206183_1497,57,24,1497,-0.01497614,-0.0044794,-0.00775739,-8.851397e-05,0.02506386,0.008870683,-0.008413678,0.02149701,0.02012404,0.01898539,0.01824854,0.01812254,0.01856105,0.0193224,0
206183_1498,58,24,1498,0.001615607,-0.003811992,-0.01524884,-0.004075131,-0.01371253,0.02061188,-0.02047322,0.0214062,0.01996866,0.01875036,0.01790796,0.01763498,0.01794332,0.01858078,0
206183_1499,59,24,1499,-0.006827335,-0.004916336,0.002287091,-0.004434551,-0.01446953,0.02311792,0.0009337861,0.0210494,0.01969578,0.01859847,0.01791864,0.01785694,0.01833488,0.01911969,0
206183_1500,0,25,1500,0.006060039,-0.03034242,0.03066396,-0.02270318,0.001191017,0.01115509,0.00380869,0.02091167,0.01951107,0.01830889,0.01745438,0.01713127,0.01737776,0.01794679,0
206183_1501,1,25,1501,0.02127991,0.002080131,-0.01786295,0.006460793,0.01756415,0.02731656,-0.002546582,0.02239915,0.02088985,0.01958786,0.01866028,0.01831355,0.01859134,0.01922466,0
206183_1502,2,25,1502,0.003023803,-0.03308038,-0.01289938,0.01587178,-0.01253682,0.02247984,-0.02176528,0.01886158,0.01779683,0.01690436,0.01633082,0.01626136,0.01665479,0.01731752,0
206183_1503,3,25,1503,0.02974279,-0.01520189,0.01388702,-0.006509731,-0.01078824,0.0186339,-0.01933635,0.02111996,0.01983828,0.01872053,0.01793195,0.01767998,0.01799309,0.01863428,0
206183_1504,4,25,1504,-0.03535909,0.04817531,0.02532721,0.01298532,-0.02203358,0.007815158,0.01566606,0.02127504,0.01991066,0.01872646,0.01788212,0.01757599,0.01784886,0.01845319,0
206183_1505,5,25,1505,-0.009493501,-0.02340735,0.01144024,0.0222451,-0.008033897,0.02017108,-0.02101547,0.02217963,0.0206823,0.01942861,0.01858558,0.01836006,0.01873839,0.01945703,0
206183_1506,6,25,1506,0.006873904,0.01445897,0.0008450768,0.004883938,0.003780022,0.0001825062,-0.0354126,0.02219255,0.02054577,0.01913105,0.01809517,0.01761532,0.0177735,0.01828366,0
206183_1507,7,25,1507,0.1580755,0.1525448,0.1124556,0.09521595,0.1153969,0.1170157,0.1549099,0.02003463,0.0190047,0.01820485,0.01781093,0.01804726,0.01874463,0.01971336,1
206183_1508,8,25,1508,0.2320059,0.1578827,0.1219099,0.1006541,0.09972565,0.1219841,0.130099,0.02130803,0.02000838,0.01891265,0.01819146,0.01805928,0.01848919,0.01923789,1
206183_1509,9,25,1509,0.1399711,0.195793,0.1518704,0.1332276,0.130446,0.147523,0.1259808,0.02103995,0.0198411,0.01884914,0.0182413,0.01824245,0.01877984,0.01962169,1
206183_1510,10,25,1510,0.1665723,0.1268978,0.1500856,0.1154824,0.1172473,0.1179856,0.1751737,0.01997092,0.01893022,0.01812323,0.01772333,0.01795123,0.01864614,0.01960416,1
206183_1511,11,25,1511,0.2325641,0.1997394,0.1551389,0.1042854,0.1235795,0.1533446,0.1307246,0.02214544,0.0207535,0.01957625,0.01879103,0.01862017,0.01905683,0.01982136,1
206183_1512,12,25,1512,0.1632761,0.1148506,0.1081264,0.1242908,0.1367544,0.1692625,0.1931401,0.02099823,0.01979674,0.01888475,0.01843842,0.01867948,0.01943167,0.0204498,1
206183_1513,13,25,1513,0.1820499,0.1490552,0.1317292,0.1338335,0.1705653,0.1123485,0.1725233,0.02066106,0.01968416,0.01892405,0.01857476,0.018887,0.01969957,0.02077104,1
206183_1514,14,25,1514,0.1431926,0.1111164,0.1041867,0.08737674,0.1172229,0.1267202,0.1350425,0.01997521,0.01901026,0.01822646,0.01780456,0.01797825,0.01865742,0.01958381,1
206183_1515,15,25,1515,0.1769723,0.1134122,0.1353154,0.1168532,0.1193529,0.1995195,0.2069115,0.01994029,0.0191597,0.01861426,0.01850237,0.01908293,0.02012171,0.02136404,1
206183_1516,16,25,1516,0.1182446,0.1167213,0.134553,0.1468589,0.1270171,0.1517029,0.1734069,0.01941233,0.01875375,0.01836637,0.01844557,0.01924704,0.02046672,0.02184421,0
206183_1517,17,25,1517,0.1525221,0.09905069,0.1254928,0.1067409,0.180115,0.1526266,0.199751,0.01885276,0.01834164,0.01809522,0.01831033,0.0192481,0.02058449,0.02204202,1
206183_1518,18,25,1518,0.1513428,0.131336,0.1205687,0.0937195,0.1587851,0.156248,0.2542252,0.01884409,0.01837809,0.01819725,0.01849876,0.01954518,0.02099746,0.02253654,1
206183_1519,19,25,1519,0.1061284,0.132412,0.1521337,0.1436383,0.1754225,0.214497,0.2641218,0.01884361,0.01854169,0.01852822,0.01901323,0.02028219,0.02196137,0.02368501,1
206183_1520,20,25,1520,0.1268511,0.1404307,0.1212976,0.149923,0.1690011,0.1695167,0.2415324,0.01848034,0.01815329,0.01809594,0.01851148,0.01967511,0.0212807,0.02290693,1
206183_1521,21,25,1521,0.09841789,0.1162495,0.105261,0.1214222,0.1986451,0.207556,0.3007496,0.01850589,0.01838903,0.01858931,0.01931746,0.02086725,0.02284748,0.02477641,1
206183_1522,22,25,1522,0.1225921,0.09131618,0.1318217,0.1384141,0.2065179,0.2169518,0.3163054,0.01763742,0.01774831,0.01820429,0.01920416,0.02103762,0.0232621,0.02536203,1
206183_1523,23,25,1523,0.117105,0.08300693,0.1133469,0.1893716,0.2255699,0.2936423,0.3610162,0.017515,0.01783322,0.01851648,0.01977115,0.02190993,0.02444963,0.026799,1
206183_1524,24,25,1524,0.1001114,0.1349807,0.1385638,0.1599314,0.2066238,0.2692066,0.4039206,0.01722294,0.01771057,0.0185732,0.02002115,0.02238428,0.02516153,0.02769181,1
206183_1525,25,25,1525,0.08350977,0.09569582,0.1505155,0.1673705,0.2264533,0.299817,0.4122349,0.01707508,0.01766885,0.01869675,0.02034055,0.02290983,0.02588099,0.02853178,1
206183_1526,26,25,1526,0.08587562,0.100317,0.1651626,0.1615946,0.2208403,0.3679984,0.4722274,0.01717291,0.01788164,0.01904499,0.02084652,0.02361168,0.02680716,0.02963188,1
206183_1527,27,25,1527,0.1258504,0.1077445,0.1255942,0.156298,0.2164024,0.325244,0.5043142,0.01713139,0.01788361,0.0191001,0.02095734,0.02378296,0.02706118,0.02993999,1
206183_1528,28,25,1528,0.1024831,0.1346645,0.1267071,0.232439,0.2889583,0.4224009,0.5301256,0.01733342,0.01815279,0.01947452,0.02145094,0.0244038,0.02782025,0.03079735,1
206183_1529,29,25,1529,0.1092137,0.1441446,0.1916235,0.1937834,0.2891388,0.3887147,0.469554,0.01785605,0.01846443,0.01956694,0.02130073,0.02397945,0.02719348,0.03000213,1
206183_1530,30,25,1530,0.08451564,0.1505798,0.1602038,0.2159566,0.2917881,0.3587306,0.553864,0.01783786,0.01863221,0.01997019,0.02195317,0.02490272,0.02838176,0.03142394,1
206183_1531,31,25,1531,0.1333106,0.1385809,0.1740616,0.2012045,0.2393727,0.2949116,0.3577349,0.01790502,0.01834065,0.01925276,0.02071227,0.02302591,0.02594323,0.02853359,1
206183_1532,32,25,1532,0.1212842,0.1339178,0.1126307,0.1887668,0.2411277,0.2214801,0.3277497,0.01802587,0.01808462,0.01856605,0.01947031,0.0210811,0.02337015,0.0254459,1
206183_1533,33,25,1533,0.1236135,0.1324483,0.1112304,0.142088,0.1672051,0.2621618,0.2847342,0.01799691,0.01810286,0.01870662,0.01969747,0.02134398,0.02368702,0.02582964,1
206183_1534,34,25,1534,0.1183217,0.1122909,0.1960925,0.1652427,0.2628895,0.2415853,0.3416444,0.01969529,0.0194837,0.01984158,0.02048839,0.02170861,0.02380749,0.02578478,1
206183_1535,35,25,1535,0.1527342,0.188736,0.1641436,0.2234638,0.2042663,0.2419944,0.3549814,0.0201012,0.01979323,0.02015957,0.02071233,0.02172818,0.02371961,0.02563716,1
206183_1536,36,25,1536,0.1417,0.1301276,0.1611815,0.1527492,0.1551877,0.230195,0.2468521,0.0199896,0.01959474,0.01995534,0.02036359,0.02108733,0.02286822,0.0246319,1
206183_1537,37,25,1537,0.2313933,0.2000648,0.1944724,0.1974391,0.1417903,0.2116844,0.1881413,0.02247222,0.02147168,0.02128647,0.02081694,0.02041964,0.02141171,0.02254794,1
206183_1538,38,25,1538,0.3188084,0.2493762,0.1855136,0.2089757,0.2068834,0.1815345,0.2562929,0.02502763,0.02371772,0.02347263,0.02270582,0.02184823,0.02270526,0.02378775,1
206183_1539,39,25,1539,0.321445,0.3225261,0.2669497,0.1922035,0.1773483,0.181023,0.243567,0.02550793,0.02402703,0.02371074,0.02263418,0.02127135,0.02176312,0.02254759,1
206183_1540,40,25,1540,0.3205742,0.2049682,0.2676226,0.2517635,0.203482,0.2329482,0.235966,0.02566164,0.02421697,0.02408708,0.02309147,0.02172409,0.02230998,0.0232106,1
206183_1541,41,25,1541,0.3514446,0.2787069,0.2738924,0.1985579,0.1684544,0.173869,0.2170278,0.02537556,0.02381348,0.02358326,0.02239009,0.02074265,0.02105121,0.02170876,1
206183_1542,42,25,1542,0.531224,0.4440657,0.3364,0.2738358,0.2384018,0.2220279,0.2422811,0.03083455,0.0283955,0.02757169,0.02536885,0.02245198,0.02197216,0.02198716,1
206183_1543,43,25,1543,0.3387833,0.2730841,0.2157464,0.2269618,0.1877624,0.191452,0.1606746,0.02597843,0.02417622,0.02379241,0.022488,0.02077958,0.02103281,0.02167962,1
206183_1544,44,25,1544,0.4115689,0.2867761,0.2797973,0.2343741,0.2045745,0.1988115,0.1982364,0.02744407,0.02549873,0.02493471,0.02339779,0.0214337,0.02148434,0.02198307,1
206183_1545,45,25,1545,0.4227687,0.3862376,0.3602969,0.270567,0.2215431,0.189516,0.1928874,0.0298909,0.02752226,0.02647922,0.02441605,0.021897,0.0214586,0.0215395,1
206183_1546,46,25,1546,0.3463097,0.2545764,0.2600384,0.1982691,0.170515,0.1656997,0.1498955,0.02600647,0.02415398,0.02327918,0.02170762,0.0198811,0.01967475,0.0199104,1
206183_1547,47,25,1547,0.3215248,0.2688403,0.22547,0.2270437,0.1526639,0.1634369,0.164761,0.02552136,0.02373782,0.02277631,0.02132067,0.01976599,0.01965256,0.01997438,1
206183_1548,48,25,1548,0.2641236,0.1984374,0.1777951,0.1813815,0.1554771,0.1599325,0.1148629,0.02440445,0.0227527,0.0218012,0.02061713,0.01954687,0.01969824,0.02025351,1
206183_1549,49,25,1549,0.355822,0.2392843,0.2255195,0.2001644,0.1392933,0.1253678,0.1710171,0.02577357,0.02365556,0.02217295,0.02059723,0.01922538,0.01905041,0.01931921,1
206183_1550,50,25,1550,0.2922058,0.2196865,0.2315888,0.163933,0.1688848,0.1354493,0.1710888,0.024253,0.02253126,0.02127806,0.02006362,0.01916694,0.01925928,0.01975732,1
206183_1551,51,25,1551,-0.03661549,-0.002700232,-0.009241832,0.01043019,-0.02245356,0.02442988,0.01377964,0.02150476,0.0199941,0.01870125,0.01777529,0.01739836,0.01762197,0.01817935,0
206183_1552,52,25,1552,0.01616581,0.02382814,0.004474555,-0.01389173,0.02192688,-0.02399361,-0.004588735,0.02127704,0.01977825,0.0184433,0.01741132,0.01684892,0.01689471,0.01728171,0
206183_1553,53,25,1553,-0.0208449,0.01919564,0.01050819,0.007377853,0.0129142,0.01156501,-0.01523751,0.02172197,0.02015812,0.01877727,0.01772168,0.01716184,0.01722721,0.01764245,0
206183_1554,54,25,1554,0.01220829,-0.003523831,-0.002930135,-0.04149799,0.01920738,0.03042036,0.01498187,0.02431924,0.02238963,0.02069583,0.01939116,0.01865606,0.01866094,0.01907456,0
206183_1555,55,25,1555,-9.267553e-06,0.003584691,-0.009539234,0.03418518,0.03545753,0.01641688,0.004182612,0.02307576,0.02136236,0.01987594,0.01877257,0.01824055,0.01838139,0.01889759,0
206183_1556,56,25,1556,-0.004878712,-0.0457305,-0.008743426,0.04352542,0.004611397,-0.00919271,-0.001242837,0.02219512,0.02051291,0.01903705,0.01790627,0.01728485,0.01731394,0.01770397,0
206183_1557,57,25,1557,-0.008504833,0.001460852,-0.03522922,0.007994695,-0.005880874,-0.003982502,0.01244134,0.01965526,0.01838516,0.01733621,0.01664934,0.01649908,0.01685237,0.01748994,0
206183_1558,58,25,1558,-0.0265125,-0.009136802,-0.02315526,-0.0007259099,-0.01665439,0.01231788,0.01892897,0.02428934,0.02223317,0.02045116,0.01908207,0.01828652,0.0182406,0.01860209,0
206183_1559,59,25,1559,-0.04258102,-0.001610369,0.02245232,0.01990209,-0.03303967,0.007874883,-0.004887295,0.02192361,0.02034417,0.01897347,0.01795924,0.01748035,0.01762627,0.01812213,0
206183_1560,0,26,1560,0.02304767,-0.01798849,-0.02813798,-0.01500198,-0.001833,-0.00997005,0.03419797,0.02271681,0.0209594,0.01946914,0.01839217,0.01790435,0.01807477,0.01860708,0
206183_1561,1,26,1561,-0.004286421,0.02047216,0.001431219,0.02802886,-0.008300485,-0.001332088,-0.0001193582,0.02204457,0.02039309,0.01895557,0.01787289,0.01731334,0.01739298,0.01782754,0
206183_1562,2,26,1562,-0.028245,-0.0100181,-0.0006763301,0.02482396,0.02221834,-0.007143229,-0.02593348,0.0209948,0.0195405,0.01832043,0.01748147,0.01720396,0.0174952,0.01810461,0
206183_1563,3,26,1563,-0.01070953,0.03218177,0.0284621,0.01865075,0.009701832,0.02713419,0.001626569,0.02192973,0.02045336,0.0192418,0.01846035,0.01831387,0.01875109,0.01951739,0
206183_1564,4,26,1564,0.01931679,-0.008723443,-0.01347874,0.02734538,0.02862671,0.01843561,0.0003562336,0.02119099,0.01975213,0.01850818,0.01760886,0.01723781,0.01745244,0.01799751,0
206183_1565,5,26,1565,0.01345124,0.01576733,0.01561493,0.0009561365,0.01134234,0.005689014,-0.002378802,0.02115895,0.01965915,0.01838222,0.01747175,0.01710282,0.01732082,0.01786502,0
206183_1566,6,26,1566,0.01592848,0.02432547,-0.004825739,0.0019079,0.03784585,0.0236353,0.02479956,0.02142178,0.02002973,0.01879237,0.01786546,0.0174409,0.01761341,0.0181264,0
206183_1567,7,26,1567,0.1938526,0.1525297,0.1143688,0.1194284,0.07732791,0.1104701,0.1372608,0.02021224,0.01899346,0.01801368,0.01743189,0.0174473,0.01796407,0.01876489,1
206183_1568,8,26,1568,0.2271456,0.1522018,0.1444722,0.07951304,0.1698856,0.1971651,0.1531296,0.02173393,0.02040408,0.0193627,0.01878782,0.01890254,0.01955851,0.02051898,1
206183_1569,9,26,1569,0.1725209,0.1866409,0.1181815,0.1079659,0.1232094,0.1012857,0.08714246,0.02024891,0.01901839,0.01793718,0.01715747,0.01686936,0.01712575,0.01768802,1
206183_1570,10,26,1570,0.1933891,0.1702708,0.1442219,0.1129998,0.1022849,0.09698754,0.1442793,0.02174853,0.02041968,0.01926946,0.01847163,0.01824468,0.01861266,0.01931032,1
206183_1571,11,26,1571,0.1561476,0.1550136,0.1288579,0.1093696,0.1159081,0.1460398,0.1437106,0.02077682,0.01960954,0.01864668,0.01806363,0.01808321,0.01863585,0.01947839,1
206183_1572,12,26,1572,0.1614673,0.1616508,0.1303169,0.1453704,0.1394927,0.0968841,0.1350104,0.02042472,0.01930393,0.01841575,0.01793433,0.0180806,0.01873519,0.01965564,1
206183_1573,13,26,1573,0.1923954,0.1888322,0.1256511,0.1244564,0.1169485,0.1157478,0.1427669,0.0214064,0.02019912,0.01916182,0.01847538,0.01837031,0.01885225,0.01963317,1
206183_1574,14,26,1574,0.2088379,0.1154975,0.1257733,0.1007994,0.1345538,0.1415272,0.1694905,0.02052791,0.01958574,0.01884039,0.01848648,0.01877697,0.01958131,0.02063249,1
206183_1575,15,26,1575,0.1553747,0.1155341,0.1390022,0.1240185,0.1281469,0.1602423,0.2206319,0.01980535,0.01906083,0.01854029,0.01844325,0.01903134,0.02007745,0.02132142,1
206183_1576,16,26,1576,0.1492151,0.1830819,0.1312001,0.1559464,0.1672414,0.1765315,0.2136033,0.0203055,0.01966801,0.01929798,0.01941183,0.02029554,0.02163286,0.02313431,1
206183_1577,17,26,1577,0.1630506,0.1708001,0.1397579,0.1462627,0.1154482,0.1844115,0.1712951,0.01983507,0.01916274,0.01871691,0.01870426,0.01939782,0.02058041,0.02191496,1
206183_1578,18,26,1578,0.1469464,0.108342,0.1282693,0.1328743,0.169156,0.2236937,0.2109691,0.01917791,0.01872988,0.01854401,0.01882975,0.01986784,0.02134664,0.02291155,1
206183_1579,19,26,1579,0.1396311,0.1380035,0.1130456,0.09090207,0.1430719,0.2080755,0.2426718,0.01887866,0.01852175,0.01841275,0.01876421,0.01986424,0.02142116,0.02302826,1
206183_1580,20,26,1580,0.1265536,0.1302757,0.1169982,0.103517,0.1878775,0.2034678,0.2706182,0.01790797,0.01793753,0.01827157,0.01912189,0.02078977,0.02283566,0.02483268,1
206183_1581,21,26,1581,0.1296011,0.1364358,0.1283839,0.1521323,0.1828692,0.2372669,0.363271,0.01817365,0.01838943,0.01897854,0.02015332,0.02222845,0.02468398,0.02700604,1
206183_1582,22,26,1582,0.125187,0.1072655,0.1590462,0.1875539,0.2217353,0.259166,0.3722877,0.01756787,0.01804406,0.01892666,0.0204205,0.022849,0.02564029,0.02821303,1
206183_1583,23,26,1583,0.1162639,0.1128955,0.1687668,0.1678131,0.2762866,0.2982351,0.456937,0.01733927,0.01793036,0.01893607,0.02056226,0.0231424,0.02611631,0.02881181,1
206183_1584,24,26,1584,0.1147384,0.123032,0.1544251,0.140706,0.2542815,0.3236285,0.4146412,0.01817918,0.01866024,0.01955219,0.02107601,0.02357785,0.02657986,0.02927136,1
206183_1585,25,26,1585,0.1641137,0.1826552,0.1998081,0.271014,0.2830205,0.40194,0.55277,0.0187465,0.01950013,0.02075394,0.02272618,0.02578893,0.02938156,0.03254105,1
206183_1586,26,26,1586,0.08617129,0.1073974,0.1640385,0.1977134,0.2527715,0.3965772,0.487249,0.01689561,0.01774621,0.01905156,0.02100654,0.02396032,0.02739953,0.03039871,1
206183_1587,27,26,1587,0.1169755,0.147269,0.1943333,0.2826405,0.3978053,0.4960426,0.7089702,0.01869525,0.0197461,0.02136432,0.0237466,0.027282,0.03139634,0.03494002,1
206183_1588,28,26,1588,0.1109714,0.1087161,0.1581979,0.2330304,0.3361275,0.4535725,0.6744041,0.0173641,0.01852253,0.02022311,0.02264647,0.02617812,0.03026047,0.03377691,1
206183_1589,29,26,1589,0.08949038,0.1179386,0.1808663,0.2304253,0.3743226,0.4476198,0.5842196,0.01769713,0.01876853,0.02041173,0.02275035,0.02614017,0.03012271,0.03353579,1
206183_1590,30,26,1590,0.07445587,0.09475458,0.1287303,0.22012,0.3167774,0.4968568,0.615331,0.01761367,0.0186395,0.02025009,0.02252604,0.02580166,0.02967619,0.03299799,1
206183_1591,31,26,1591,0.1051064,0.1231371,0.1588743,0.2249548,0.3084385,0.3912155,0.5126628,0.0170652,0.01799493,0.01949969,0.02160569,0.02461844,0.02822446,0.03133623,1
206183_1592,32,26,1592,0.1057132,0.09732041,0.1325129,0.1676119,0.2643284,0.3729645,0.5240249,0.01778286,0.01843112,0.01967432,0.02145728,0.02406173,0.02734016,0.03019722,1
206183_1593,33,26,1593,0.1474574,0.1439609,0.1888245,0.185778,0.2630259,0.3502587,0.4999125,0.01923765,0.0195125,0.02041838,0.02177851,0.02387633,0.02680834,0.02941387,1
206183_1594,34,26,1594,0.1064815,0.160404,0.1594035,0.1841212,0.2202297,0.3731383,0.4405512,0.01795276,0.01839438,0.01952626,0.02102378,0.02312465,0.02602037,0.02862212,1
206183_1595,35,26,1595,0.1524121,0.1296443,0.1823212,0.1903926,0.2187926,0.3139557,0.3309976,0.01899023,0.01905125,0.01984857,0.02084583,0.02228839,0.02470047,0.0269347,1
206183_1596,36,26,1596,0.133207,0.1683464,0.1523397,0.2097516,0.1563226,0.2562793,0.3071822,0.02032128,0.01994778,0.02035204,0.02071029,0.02131311,0.0231131,0.02487288,1
206183_1597,37,26,1597,0.2775229,0.2335532,0.2519097,0.2382413,0.1894704,0.244906,0.2970256,0.02403344,0.02298348,0.02290433,0.02243495,0.02197375,0.02314828,0.02444088,1
206183_1598,38,26,1598,0.287991,0.172573,0.2311149,0.2200343,0.2607347,0.2544652,0.3113284,0.02281729,0.0219973,0.02238591,0.02238853,0.02233486,0.02390138,0.02555121,1
206183_1599,39,26,1599,0.3719448,0.3352432,0.319862,0.2800859,0.1922193,0.2570086,0.2708637,0.02675838,0.02524182,0.02513733,0.02415749,0.02281588,0.02359209,0.02463463,1
206183_1600,40,26,1600,0.3449296,0.3316329,0.2971993,0.2445856,0.2296527,0.2330024,0.239524,0.02772919,0.02609089,0.02597673,0.02468842,0.02280968,0.02323448,0.02400249,1
206183_1601,41,26,1601,0.3584381,0.3452094,0.3107265,0.2705889,0.2551637,0.1893332,0.2353839,0.02845521,0.02661641,0.02642813,0.02492058,0.02272194,0.02293831,0.02355025,1
206183_1602,42,26,1602,0.4703487,0.3584083,0.3424453,0.337273,0.2137704,0.239138,0.2717439,0.02937837,0.02729488,0.02696156,0.0252382,0.0227896,0.0228362,0.02332677,1
206183_1603,43,26,1603,0.4448335,0.3633723,0.3296255,0.279016,0.2327282,0.1482714,0.158865,0.02884783,0.02663135,0.02606024,0.02414714,0.0215381,0.02128567,0.0214949,1
206183_1604,44,26,1604,0.4474781,0.3798011,0.3299041,0.2601141,0.1983679,0.2283763,0.183464,0.02991926,0.02754169,0.02680176,0.02478247,0.02213131,0.02183846,0.02204583,1
206183_1605,45,26,1605,0.394124,0.3587597,0.2955174,0.2853103,0.194894,0.1821048,0.2077933,0.02889307,0.02658068,0.02570233,0.02376679,0.02135141,0.02105058,0.02124107,1
206183_1606,46,26,1606,0.3901351,0.3470443,0.2625282,0.2325039,0.1891852,0.16344,0.1940736,0.02832597,0.02606616,0.02503396,0.02315692,0.02094759,0.0206369,0.02081491,1
206183_1607,47,26,1607,0.3715331,0.2822199,0.2562247,0.2132367,0.1654793,0.1063752,0.1947462,0.02635269,0.02443732,0.02344976,0.02184983,0.02006468,0.01985483,0.02009732,1
206183_1608,48,26,1608,0.3372471,0.2734411,0.2222122,0.228146,0.1944215,0.139523,0.1692655,0.02687862,0.02481446,0.02356265,0.02191569,0.02025826,0.02005392,0.02031707,1
206183_1609,49,26,1609,0.323904,0.295453,0.188574,0.1873654,0.1461555,0.1509271,0.1859745,0.02641187,0.02423717,0.02276858,0.02115715,0.0197253,0.01957187,0.01987462,1
206183_1610,50,26,1610,0.2343806,0.1919433,0.1605864,0.1413284,0.1403375,0.1366284,0.109623,0.02353823,0.02176311,0.02051618,0.01931964,0.01843696,0.01853471,0.01901702,1
206183_1611,51,26,1611,0.1651843,0.141817,0.1058778,0.1256563,0.1190219,0.1177584,0.1349908,0.02063866,0.01920277,0.01814452,0.0172333,0.01667831,0.01685933,0.01735708,1
206183_1612,52,26,1612,0.001382667,-0.02056705,-0.008225822,0.03075411,0.004287881,0.0005432209,-0.008936464,0.02066182,0.01925002,0.01804931,0.01720331,0.01688823,0.01713552,0.01769659,0
206183_1613,53,26,1613,0.04762255,0.009063342,0.03090824,0.008256779,0.005992713,0.01646204,0.01906571,0.01974252,0.01849465,0.01746032,0.01678466,0.01664809,0.01701678,0.01767126,0
206183_1614,54,26,1614,0.03041206,0.003357732,-0.02353016,0.006622191,0.01016935,0.007604825,-0.01194069,0.02147358,0.01997825,0.01866724,0.01768731,0.01721669,0.01735249,0.01782979,0
206183_1615,55,26,1615,0.01279262,0.02660581,0.01131176,-0.003919283,0.004416147,0.002029658,-0.001050635,0.02106472,0.0195874,0.01834077,0.01746996,0.01715267,0.01741193,0.01799295,0
206183_1616,56,26,1616,-0.01751676,0.0174834,0.0226136,0.009059505,0.005002438,0.01141719,-0.01661203,0.02221267,0.02061631,0.01923805,0.01823056,0.01777939,0.0179606,0.01849601,0
206183_1617,57,26,1617,-0.0229071,-0.03144561,0.02396969,-0.009636899,0.01380262,0.01708936,0.01656414,0.01997784,0.01859583,0.01741709,0.01657394,0.01622769,0.01642236,0.01691918,0
206183_1618,58,26,1618,0.001793046,-0.007122128,0.0187249,0.03151162,-0.01039698,0.01619604,0.0302334,0.02354643,0.02169643,0.020056,0.01876928,0.01800414,0.01795147,0.01829371,0
206183_1619,59,26,1619,-0.008479619,0.0006441244,0.005493186,-0.02192528,-0.03719683,-0.003944414,-0.004629488,0.02244713,0.02080953,0.01937388,0.01829022,0.01773908,0.01783853,0.01830271,0
206183_1620,0,27,1620,-0.01044463,0.006351287,-0.01591635,0.02198691,-0.02271901,0.0001105608,-0.008655221,0.02110368,0.01970553,0.01855034,0.01779476,0.0176329,0.0180273,0.01873618,0
206183_1621,1,27,1621,0.00688886,-0.002780863,-0.001697507,-0.01549532,0.01621863,-0.01646202,0.01266921,0.02150748,0.02000741,0.01869035,0.01770297,0.01722319,0.01735146,0.01782286,0
206183_1622,2,27,1622,0.01066596,0.001139764,0.03005123,0.002500911,0.0263654,-0.007126106,-0.00674503,0.02055815,0.01920776,0.01807465,0.01730859,0.01709496,0.01742526,0.01806325,0
206183_1623,3,27,1623,-0.005681786,0.01729073,-0.004641561,-0.02404012,0.003619848,0.01185062,-0.003294481,0.02156257,0.02010055,0.018821,0.01787692,0.0174557,0.01763767,0.01816172,0
206183_1624,4,27,1624,0.03784565,-0.0174518,0.02237852,0.01643037,0.0334943,-0.01807992,-0.03851621,0.02108173,0.01964944,0.01838736,0.01744077,0.01698663,0.01712206,0.01759098,0
206183_1625,5,27,1625,0.01526251,0.03824209,-0.009807591,-0.004386838,0.05080142,-0.02772107,-0.0005493336,0.0222603,0.02059521,0.01916998,0.01813108,0.0176553,0.01781947,0.01833671,0
206183_1626,6,27,1626,-0.006300944,-0.02222227,0.005320504,-0.02088069,-0.002872444,-0.007364272,-0.03599846,0.01954381,0.0183911,0.01745949,0.01690141,0.01690811,0.01739284,0.01815052,0
206183_1627,7,27,1627,0.2465863,0.1884051,0.1655221,0.1216581,0.1421941,0.1332765,0.1280756,0.02419679,0.02230154,0.02064093,0.01937048,0.01867431,0.01871222,0.01915244,1
206183_1628,8,27,1628,0.1677797,0.1453995,0.1039288,0.1036345,0.1145653,0.1067604,0.1044651,0.02081336,0.01942223,0.0182312,0.01738884,0.01707816,0.01733659,0.01791051,1
206183_1629,9,27,1629,0.1645004,0.1485522,0.1130923,0.0972775,0.08230548,0.1086318,0.1041748,0.02029028,0.01895658,0.01784135,0.01709088,0.01688612,0.01722128,0.0178515,1
206183_1630,10,27,1630,0.1628301,0.1145602,0.1391339,0.1433001,0.1143197,0.1365266,0.1033189,0.02119362,0.01986674,0.01875155,0.01801356,0.0178598,0.01827397,0.01899819,1
206183_1631,11,27,1631,0.1351417,0.1486711,0.1117815,0.08588539,0.1440533,0.1571954,0.1686962,0.02046346,0.01934065,0.01844543,0.01795249,0.01808361,0.01872088,0.01963188,1
206183_1632,12,27,1632,0.1894194,0.1462717,0.1236254,0.1292038,0.1438233,0.1378146,0.1088431,0.02073926,0.01963273,0.01867627,0.01804742,0.01797413,0.0184508,0.01922089,1
206183_1633,13,27,1633,0.2276879,0.1793013,0.1385575,0.1563423,0.1518709,0.131834,0.178512,0.02148268,0.0203069,0.01932804,0.01873432,0.01876641,0.01937305,0.02026864,1
206183_1634,14,27,1634,0.1650011,0.1001148,0.1370778,0.1197313,0.1261861,0.1596796,0.1781822,0.0199664,0.0190904,0.01842812,0.0181699,0.01856277,0.01943506,0.02053254,1
206183_1635,15,27,1635,0.1616397,0.1102099,0.08150014,0.1287887,0.08963984,0.1436836,0.1679823,0.01886266,0.01811327,0.01759186,0.01747814,0.01800544,0.0189635,0.0201005,1
206183_1636,16,27,1636,0.1166421,0.09741126,0.1654569,0.119044,0.1879566,0.168795,0.1630967,0.01945901,0.01879133,0.01833461,0.01828906,0.01891928,0.02001355,0.02127683,1
206183_1637,17,27,1637,0.1280947,0.1348977,0.1425219,0.1161695,0.1618433,0.1801851,0.2535142,0.01833186,0.0179913,0.01791848,0.01831258,0.01944263,0.02093976,0.02252211,1
206183_1638,18,27,1638,0.1988782,0.1772257,0.1601924,0.1425833,0.1517962,0.2272129,0.1961989,0.02087244,0.02019659,0.01974327,0.01973977,0.02048896,0.02180682,0.02325466,1
206183_1639,19,27,1639,0.167975,0.1455514,0.1315792,0.1645089,0.1900974,0.2687626,0.3287752,0.01949205,0.01926699,0.01934424,0.01995211,0.02140451,0.02330825,0.02522233,1
206183_1640,20,27,1640,0.0920822,0.1222149,0.1260324,0.1258461,0.1785631,0.2262756,0.2827109,0.01761083,0.01764303,0.01798363,0.01883623,0.02049107,0.02252467,0.0244906,1
206183_1641,21,27,1641,0.1316566,0.09410045,0.1270253,0.1046433,0.191118,0.2524261,0.324972,0.01786851,0.01805778,0.01858653,0.01966887,0.02161849,0.02397782,0.02619977,1
206183_1642,22,27,1642,0.08473531,0.09426244,0.151267,0.190936,0.2432059,0.3616123,0.4387102,0.01736256,0.01799372,0.01907151,0.02078635,0.02345925,0.02647984,0.02922025,1
206183_1643,23,27,1643,0.07875813,0.1340202,0.117405,0.1810066,0.2261176,0.326543,0.4410885,0.01631197,0.01704258,0.01819424,0.0199505,0.02262841,0.02566702,0.02838098,1
206183_1644,24,27,1644,0.08704801,0.1436001,0.1439985,0.2017678,0.3191572,0.4594349,0.5806321,0.0172732,0.01829502,0.01980471,0.02201841,0.02532131,0.02907176,0.0323796,1
206183_1645,25,27,1645,0.1128687,0.1186863,0.1775817,0.2024446,0.2920697,0.4580695,0.5333502,0.0173722,0.01835757,0.01984708,0.02203582,0.02528628,0.02903023,0.03227432,1
206183_1646,26,27,1646,0.09325846,0.09538294,0.1715094,0.2179453,0.341762,0.5041337,0.6521058,0.01725752,0.01851814,0.02033499,0.02289134,0.02656886,0.03076059,0.03434698,1
206183_1647,27,27,1647,0.06162935,0.1203826,0.1083486,0.2256922,0.3252719,0.5108329,0.6300269,0.0162616,0.01763791,0.01956572,0.0222132,0.02595928,0.03021242,0.0338327,1
206183_1648,28,27,1648,0.1187203,0.1637128,0.164964,0.2708297,0.4282554,0.6534813,0.9264352,0.01767704,0.01941329,0.02181183,0.0250258,0.0294777,0.03451713,0.03876452,1
206183_1649,29,27,1649,0.117659,0.1728144,0.2001414,0.2893465,0.3950865,0.5624282,0.7419287,0.01784088,0.01928491,0.02139405,0.02425725,0.02826026,0.03295271,0.03691569,1
206183_1650,30,27,1650,0.07546957,0.09865813,0.1630949,0.2284933,0.3782317,0.5467049,0.6682292,0.0173603,0.01867071,0.02061879,0.02326755,0.02697914,0.03137577,0.03510191,1
206183_1651,31,27,1651,0.0955875,0.1238059,0.1467733,0.2762793,0.3146077,0.5976763,0.8338867,0.01782379,0.01914239,0.02115477,0.02385005,0.02756616,0.03199188,0.03574301,1
206183_1652,32,27,1652,0.07537617,0.1579632,0.1730855,0.208942,0.3113375,0.4476843,0.5595827,0.01748603,0.01832999,0.01979709,0.02181542,0.02467655,0.02827513,0.03136341,1
206183_1653,33,27,1653,0.08923821,0.109873,0.1506427,0.1655714,0.2864213,0.4118382,0.6081084,0.01760957,0.01845462,0.02000271,0.02204936,0.02485254,0.02842663,0.03152204,1
206183_1654,34,27,1654,0.123461,0.1018894,0.1719783,0.2327985,0.2491638,0.4292405,0.5211127,0.01860849,0.01934444,0.02088271,0.02284197,0.02547235,0.02901119,0.03213082,1
206183_1655,35,27,1655,0.1539508,0.2003713,0.1691209,0.2328981,0.2868462,0.3449574,0.4348493,0.01924651,0.01955281,0.0207225,0.02214876,0.02405077,0.02698681,0.02962961,1
206183_1656,36,27,1656,0.1849909,0.1763287,0.185748,0.1933539,0.2538345,0.2887915,0.4167997,0.0212677,0.02096893,0.02159394,0.02221168,0.02310518,0.02532511,0.02742287,1
206183_1657,37,27,1657,0.22641,0.2283651,0.2137225,0.251504,0.2054586,0.2194801,0.3238708,0.02258236,0.02188843,0.02217802,0.02213559,0.02211794,0.02367439,0.02525929,1
206183_1658,38,27,1658,0.2188991,0.2091752,0.2564273,0.2390094,0.2260074,0.2321973,0.2945024,0.02410258,0.02312659,0.02335717,0.02301706,0.02251302,0.02383696,0.02527399,1
206183_1659,39,27,1659,0.4126795,0.3043899,0.3772377,0.2946831,0.2642075,0.2293107,0.2734053,0.02804118,0.02654237,0.02645447,0.02521968,0.02341553,0.0239347,0.02473975,1
206183_1660,40,27,1660,0.4842645,0.3789387,0.3297934,0.3266718,0.2512431,0.2877818,0.2808624,0.02932414,0.02750756,0.02741717,0.02606399,0.02407751,0.02463226,0.02552648,1
206183_1661,41,27,1661,0.3141646,0.3263678,0.2765685,0.2444469,0.2310344,0.199847,0.2558137,0.02606725,0.02449528,0.02449784,0.0233244,0.02153291,0.02197472,0.02274088,1
206183_1662,42,27,1662,0.4559805,0.426726,0.4382494,0.3721811,0.2354359,0.2565292,0.2715255,0.03034137,0.02840206,0.02828255,0.02654737,0.02390658,0.02395008,0.02444383,1
206183_1663,43,27,1663,0.4795233,0.3573559,0.3468409,0.3039825,0.2162779,0.1851362,0.1713399,0.02981629,0.02769474,0.0273074,0.02539516,0.02264814,0.02243385,0.02269018,1
206183_1664,44,27,1664,0.4046559,0.3349348,0.3242564,0.2991214,0.2113658,0.1947337,0.2174489,0.02934168,0.02715574,0.02662263,0.02477982,0.02227363,0.02213887,0.02248253,1
206183_1665,45,27,1665,0.4889509,0.3909429,0.388283,0.2574893,0.2028988,0.1938733,0.1939049,0.02957185,0.02731224,0.02656264,0.02465204,0.02219142,0.0219646,0.02223767,1
206183_1666,46,27,1666,0.4778773,0.3315901,0.3179499,0.2443333,0.1991545,0.1915856,0.1759288,0.02948374,0.02697334,0.02578677,0.02366689,0.02115563,0.02066703,0.0206885,1
206183_1667,47,27,1667,0.3979475,0.32967,0.264333,0.1846485,0.1583725,0.1613553,0.1711118,0.02735413,0.02524106,0.02415264,0.0224175,0.02048592,0.0202346,0.02045461,1
206183_1668,48,27,1668,0.2562069,0.2652927,0.2143287,0.1698122,0.1599022,0.1833735,0.1384361,0.02451079,0.02281272,0.02192707,0.02075624,0.0196631,0.01987231,0.02047961,1
206183_1669,49,27,1669,0.3525967,0.2738055,0.215902,0.1636303,0.1218928,0.1043477,0.1486494,0.0256095,0.02367544,0.0223559,0.020794,0.01931071,0.0190681,0.01926765,1
206183_1670,50,27,1670,0.2660216,0.1696228,0.1773271,0.1431604,0.1297958,0.1377276,0.1263841,0.02357157,0.02195196,0.02087104,0.01983864,0.01914173,0.01942246,0.02008073,1
206183_1671,51,27,1671,0.2941544,0.1982477,0.155922,0.1455659,0.1396047,0.1485226,0.1625397,0.02385374,0.02215972,0.02090616,0.01979799,0.01909818,0.01930406,0.01989923,1
206183_1672,52,27,1672,0.01526259,0.02136374,-0.02012635,-0.004152859,-0.0003262114,0.02517797,0.02151493,0.02136013,0.01996646,0.01886808,0.01822801,0.01824878,0.01880918,0.01967186,0
206183_1673,53,27,1673,0.01680313,-0.02146212,0.01317784,0.01016686,-0.0136189,0.008765766,0.0003037815,0.02157573,0.02010255,0.01882816,0.01790622,0.01752528,0.01774535,0.01830385,0
206183_1674,54,27,1674,0.02652902,0.001375652,0.02503264,0.00213228,-0.001706977,-0.03211365,0.001782409,0.02235729,0.02073027,0.01934796,0.0183645,0.01796771,0.01820396,0.01879208,0
206183_1675,55,27,1675,-0.0153318,0.01311112,-0.005778674,0.02837912,0.005802139,0.04069743,0.03534815,0.02223995,0.02069917,0.01937602,0.01843113,0.01806185,0.01831568,0.01892092,0
206183_1676,56,27,1676,0.008637218,-0.008939764,0.0016861,-0.006498202,-0.04585418,0.002214885,0.007873676,0.02096215,0.01956437,0.01837187,0.01753593,0.01724325,0.01751856,0.01811536,0
206183_1677,57,27,1677,0.01195763,0.02490387,-0.0283033,-0.02236688,-0.01448287,0.001507985,-0.0188221,0.02129767,0.01983571,0.01859909,0.01773953,0.01744358,0.01772879,0.01834086,0
206183_1678,58,27,1678,-0.01792246,0.0105062,0.01479719,-0.009861197,-0.0212225,0.02437621,-0.0008206409,0.02135542,0.01979274,0.01842525,0.01738911,0.01684707,0.0169164,0.01732653,0
206183_1679,59,27,1679,-0.01082412,0.02011382,0.00406738,-0.04240175,0.02894703,-0.0006462697,-0.002032407,0.02041844,0.0191024,0.01799841,0.01725724,0.0170661,0.01741046,0.01805925,0
206183_1680,0,28,1680,0.0009579669,0.002551493,-0.01832027,-0.006301487,0.0294009,-0.006269036,-0.0006872586,0.02094329,0.01956331,0.01834453,0.01743527,0.01701748,0.01717862,0.01767039,0
206183_1681,1,28,1681,-0.007698935,0.009855723,0.02484035,-0.002076103,-0.02049747,-0.005780795,0.01348804,0.02148681,0.01996475,0.01862078,0.01759734,0.01706586,0.01714708,0.01757312,0
206183_1682,2,28,1682,-0.007351042,-0.002892754,0.04073855,0.01040522,0.001657919,0.01571632,0.01853674,0.02079437,0.01940644,0.01822292,0.01739279,0.01709971,0.01736883,0.01795583,0
206183_1683,3,28,1683,0.05961488,-0.0006146998,0.02636315,0.008213591,-0.01748113,0.00396464,-0.002730183,0.02104552,0.01967176,0.01850602,0.01770466,0.01746159,0.01778305,0.01842532,0
206183_1684,4,28,1684,0.02379404,-0.005958193,-0.01868573,0.001460392,0.03637591,0.016647,-0.03186377,0.02124499,0.01980042,0.01860452,0.01781146,0.01761155,0.01797914,0.01866476,0
206183_1685,5,28,1685,-0.04591173,-0.02973822,0.01376515,0.0403515,0.03368024,0.003947009,0.03185902,0.02184182,0.02036265,0.01906425,0.01810298,0.01767043,0.01785258,0.01838287,0
206183_1686,6,28,1686,0.03216525,0.006904432,-0.03290233,-0.0101429,-0.02169391,0.01823496,0.01495768,0.02102236,0.019507,0.01821623,0.01728876,0.01689295,0.0170837,0.0175979,0
206183_1687,7,28,1687,0.1606988,0.1182669,0.1190766,0.1099768,0.1161225,0.1025338,0.1006301,0.02058104,0.01916553,0.01794518,0.0170599,0.01668047,0.01686896,0.01737264,1
206183_1688,8,28,1688,0.204031,0.1360999,0.09536358,0.08816344,0.08180495,0.09776875,0.1353129,0.02071187,0.01937343,0.01821109,0.01737573,0.017054,0.01729742,0.01785716,1
206183_1689,9,28,1689,0.1677368,0.1559497,0.1012853,0.120623,0.07874266,0.1159522,0.1114306,0.02040477,0.01920522,0.0182091,0.01758047,0.01752615,0.01799422,0.0187549,1
206183_1690,10,28,1690,0.2032268,0.1594575,0.1330803,0.1013549,0.1034306,0.1193283,0.1235899,0.02137516,0.02003478,0.01891976,0.01819851,0.01808182,0.01853495,0.01929849,1
206183_1691,11,28,1691,0.225668,0.175484,0.1312796,0.1473737,0.08773948,0.13471,0.1412866,0.02170528,0.02029819,0.01907898,0.01821154,0.01789942,0.0181978,0.01882206,1
206183_1692,12,28,1692,0.1799518,0.1348309,0.1350347,0.1091846,0.08953954,0.1190055,0.1813669,0.02109893,0.01981018,0.01873932,0.01805485,0.01796836,0.01844962,0.01922341,1
206183_1693,13,28,1693,0.1570518,0.1460596,0.1068831,0.1203804,0.149596,0.1268939,0.1368959,0.01923292,0.01833421,0.01764726,0.01734538,0.01765152,0.01840944,0.019393,1
206183_1694,14,28,1694,0.1800179,0.1544041,0.1144659,0.1205117,0.1808183,0.1351593,0.1489183,0.02149782,0.02020599,0.01913424,0.01845901,0.01840263,0.018947,0.01976943,1
206183_1695,15,28,1695,0.1899267,0.1840758,0.126386,0.0852058,0.1565691,0.1212897,0.1883998,0.02119112,0.02010749,0.01924847,0.01880765,0.01903347,0.01982762,0.02086165,1
206183_1696,16,28,1696,0.158165,0.1140773,0.1219259,0.1448929,0.1202472,0.1321752,0.2001368,0.01913651,0.01853138,0.01819401,0.01831893,0.01916181,0.0204209,0.02181737,1
206183_1697,17,28,1697,0.1271217,0.1253886,0.09097425,0.1158363,0.1510455,0.1840662,0.2077881,0.01832477,0.01794261,0.01784262,0.01821777,0.01932708,0.02080587,0.02236411,1
206183_1698,18,28,1698,0.1283115,0.1451093,0.1177624,0.1303491,0.1769596,0.2139413,0.258672,0.01897421,0.01867831,0.01868352,0.01920081,0.02051722,0.0222395,0.02400401,1
206183_1699,19,28,1699,0.1354275,0.1172956,0.08650393,0.141038,0.1477444,0.1662679,0.2316196,0.01781802,0.01760287,0.01765091,0.01816093,0.01940562,0.02105623,0.02271148,1
206183_1700,20,28,1700,0.08045183,0.1113745,0.1228326,0.1256783,0.2213905,0.2648245,0.3502467,0.01790856,0.01807864,0.01858821,0.01965078,0.02157811,0.02387976,0.02607992,1
206183_1701,21,28,1701,0.1256783,0.113341,0.1441856,0.1606837,0.1972514,0.2685734,0.3237302,0.0180518,0.01820706,0.01872392,0.01981042,0.02177155,0.02415651,0.02638498,1
206183_1702,22,28,1702,0.1246644,0.1374978,0.1461756,0.1805605,0.2563029,0.3472933,0.4453532,0.01705355,0.01776177,0.01889759,0.02066461,0.02340239,0.02650516,0.0293134,1
206183_1703,23,28,1703,0.0984327,0.1448218,0.1713072,0.2466626,0.3301711,0.4463859,0.516799,0.01782819,0.01864346,0.01994656,0.02194001,0.02497734,0.02845062,0.03152659,1
206183_1704,24,28,1704,0.1183222,0.1499255,0.1857977,0.1680516,0.3164906,0.4726807,0.6219037,0.01805771,0.01900127,0.02043252,0.02258358,0.02585281,0.02965275,0.03298372,1
206183_1705,25,28,1705,0.09007966,0.1420267,0.1752059,0.2880529,0.3742751,0.5775517,0.7218166,0.01682343,0.01834889,0.02046273,0.02335905,0.02745344,0.03202091,0.03594898,1
206183_1706,26,28,1706,0.09710022,0.1015582,0.1969053,0.2707163,0.4463658,0.7036524,0.900722,0.01729905,0.01903832,0.02142133,0.02463938,0.02913427,0.03417517,0.03845732,1
206183_1707,27,28,1707,0.08514834,0.1178991,0.2079346,0.2572627,0.3879878,0.6313565,0.8162735,0.01734378,0.01907057,0.02144379,0.02464258,0.02910113,0.03416116,0.03841999,1
206183_1708,28,28,1708,0.1416258,0.1653665,0.2213327,0.3313242,0.5126611,0.76143,1.079352,0.01782195,0.01990209,0.02270961,0.02640876,0.03147094,0.03719297,0.04197901,1
206183_1709,29,28,1709,0.145203,0.1281421,0.2106471,0.2251086,0.4575186,0.5953344,0.8825939,0.01769488,0.01926036,0.02154612,0.02457643,0.02872802,0.03367089,0.03780453,1
206183_1710,30,28,1710,0.09949116,0.1377145,0.2063264,0.3239007,0.4257758,0.6068869,0.8582101,0.01831648,0.01985279,0.02214012,0.02516649,0.02929682,0.03425524,0.03838955,1
206183_1711,31,28,1711,0.0847558,0.1188133,0.1876221,0.3060026,0.4067521,0.6622868,0.8392098,0.01784232,0.01934162,0.02159328,0.0245382,0.02851444,0.0332933,0.03729548,1
206183_1712,32,28,1712,0.09114863,0.1384903,0.2197053,0.2873216,0.3942904,0.6979703,0.8002189,0.01825983,0.01965957,0.02185387,0.02470674,0.02853639,0.0332125,0.03716063,1
206183_1713,33,28,1713,0.1397235,0.1560119,0.2172751,0.3056489,0.3932368,0.5978695,0.6527006,0.01857183,0.0197723,0.02180722,0.02442252,0.02789964,0.03227287,0.03600628,1
206183_1714,34,28,1714,0.1120104,0.1361643,0.1718204,0.225811,0.2962776,0.4659516,0.5138575,0.01808866,0.01890745,0.02052754,0.02257325,0.0252814,0.02890778,0.03205922,1
206183_1715,35,28,1715,0.2073605,0.2011738,0.1838408,0.2477202,0.3094254,0.4093988,0.4362684,0.02003302,0.02036229,0.02157294,0.02304746,0.02503598,0.02817222,0.03096735,1
206183_1716,36,28,1716,0.1837531,0.1853137,0.2146867,0.2477183,0.2548797,0.3376324,0.4512486,0.02127925,0.02115835,0.02201928,0.02294275,0.02419053,0.02677952,0.02916229,1
206183_1717,37,28,1717,0.2161869,0.2636065,0.2085959,0.2458261,0.2880675,0.3877243,0.492088,0.02211818,0.0219932,0.02302702,0.02393962,0.02500098,0.02759655,0.03005199,1
206183_1718,38,28,1718,0.2025609,0.1814654,0.1648759,0.1894044,0.1630192,0.2443528,0.3167678,0.02136706,0.02088086,0.02149842,0.02173771,0.02190395,0.02363577,0.02537528,1
206183_1719,39,28,1719,0.3342105,0.255608,0.2994302,0.2481283,0.2067889,0.2798958,0.3432204,0.02468083,0.02367275,0.02402698,0.02365422,0.02298506,0.02430272,0.02576259,1
206183_1720,40,28,1720,0.403678,0.3225351,0.3914908,0.288654,0.2278847,0.2879932,0.2829512,0.02853923,0.02694527,0.02688167,0.02552306,0.02348162,0.02387861,0.02459687,1
206183_1721,41,28,1721,0.3895401,0.3727067,0.303368,0.2574233,0.2465856,0.2549339,0.2830528,0.02797562,0.02620222,0.0260529,0.02461884,0.02251295,0.02280828,0.02345675,1
206183_1722,42,28,1722,0.4066679,0.3928946,0.3518906,0.2688383,0.2710186,0.2816335,0.282335,0.02942444,0.02736511,0.02703926,0.02529174,0.02279123,0.02281716,0.02326449,1
206183_1723,43,28,1723,0.3601596,0.2854692,0.3125357,0.2028629,0.2077135,0.1884946,0.2489205,0.0273748,0.02552823,0.02529143,0.02385754,0.02181891,0.02204417,0.02266848,1
206183_1724,44,28,1724,0.3711696,0.3104563,0.3082173,0.2266176,0.176432,0.202416,0.1943254,0.0273548,0.02553333,0.02515838,0.02359088,0.02141223,0.02138505,0.02178799,1
206183_1725,45,28,1725,0.4373888,0.3354351,0.2975339,0.2907532,0.1723972,0.1755686,0.2192616,0.0282881,0.0262375,0.02556252,0.02381819,0.02157282,0.02141262,0.02171973,1
206183_1726,46,28,1726,0.3157149,0.2674784,0.1846192,0.2094325,0.1510345,0.1987129,0.158984,0.02546803,0.02363049,0.02289728,0.02146311,0.01978202,0.01977519,0.0201824,1
206183_1727,47,28,1727,0.3180948,0.2141357,0.1949183,0.1832452,0.1799588,0.2029922,0.2130178,0.02397302,0.02251721,0.02202299,0.02114937,0.02028092,0.02080019,0.02168166,1
206183_1728,48,28,1728,0.3042586,0.2520507,0.2314132,0.1808017,0.1279957,0.1089609,0.15058,0.0258533,0.02382235,0.02258111,0.02098314,0.01938901,0.01918038,0.01941231,1
206183_1729,49,28,1729,0.2077166,0.1967027,0.1475882,0.1580686,0.1100427,0.09798096,0.1397985,0.02257571,0.02097901,0.01999914,0.01896184,0.01815191,0.01836573,0.01893351,1
206183_1730,50,28,1730,0.2361793,0.1732731,0.1322766,0.1272134,0.1568117,0.133277,0.1231825,0.02188975,0.02045194,0.01949923,0.01861124,0.01804884,0.01835707,0.01900284,1
206183_1731,51,28,1731,0.2133609,0.1777105,0.1473038,0.1354568,0.1373176,0.121211,0.1358691,0.02250313,0.020887,0.01969199,0.0186579,0.01802056,0.01821493,0.01876638,1
206183_1732,52,28,1732,0.05815843,-0.0160883,0.006140916,-0.01480718,-0.002771593,-0.007096264,0.02262596,0.02066464,0.01929143,0.01813083,0.01733162,0.01707755,0.01737841,0.0179898,0
206183_1733,53,28,1733,0.01845923,-0.01229246,0.007759623,-0.01385774,0.007459361,0.02108411,-0.01393318,0.02216525,0.02041051,0.018903,0.01777519,0.0171839,0.01724432,0.01765928,0
206183_1734,54,28,1734,0.007532409,0.02472065,-0.01685673,-0.00727693,-0.0129618,-0.004624839,0.007163963,0.02052025,0.01920418,0.01802563,0.01712928,0.01669266,0.01682051,0.01727173,0
206183_1735,55,28,1735,0.01776992,-0.03935883,0.01836245,-0.02434272,0.01462454,0.03264507,-0.005511636,0.02174331,0.02028164,0.01899984,0.01805443,0.0176376,0.01782944,0.0183674,0
206183_1736,56,28,1736,0.003418646,-0.009174143,0.01365805,0.01356379,-0.002493307,0.01316936,-0.004090057,0.02315145,0.02138819,0.01990489,0.01885731,0.01843437,0.01867716,0.01928706,0
206183_1737,57,28,1737,0.03940591,0.003985984,0.006615228,-0.01070873,-0.002213025,0.01453342,-0.01375633,0.02150683,0.02006691,0.01889213,0.01814326,0.01801954,0.01846108,0.01922134,0
206183_1738,58,28,1738,0.0220737,-0.004662396,0.01037079,-0.01185235,0.03169104,-0.01449465,0.004618367,0.02375668,0.02194091,0.02038654,0.01925383,0.01873625,0.01891605,0.01948251,0
206183_1739,59,28,1739,0.008616687,-0.010356,-0.02497599,0.0172516,0.003850284,-0.01344389,0.0452673,0.02247978,0.02080173,0.01931977,0.01817802,0.01754763,0.01757711,0.01797506,0
206183_1740,0,29,1740,-0.01846957,0.01509734,-0.0326327,-0.01595955,0.007067614,-0.020314,-0.00211565,0.0197824,0.01848963,0.01743477,0.01675923,0.01663796,0.01702072,0.01768707,0
206183_1741,1,29,1741,0.01548844,0.04775121,0.01263499,-0.02503132,0.008990551,-0.01893498,0.04250173,0.02251559,0.02087003,0.0194901,0.01853239,0.01818823,0.01847609,0.01911531,0
206183_1742,2,29,1742,-0.007392441,-0.01230625,0.01018433,0.0107809,-0.01376819,0.005119458,0.0207592,0.0220582,0.02059559,0.01934045,0.01845883,0.01815654,0.01846136,0.01911224,0
206183_1743,3,29,1743,0.02940171,0.002886941,0.02065207,0.02488865,0.01417623,-0.03378842,-0.01387264,0.02280139,0.02110171,0.01965783,0.01862463,0.01819013,0.01840935,0.01899098,0
206183_1744,4,29,1744,-0.0259701,0.007924958,-0.0002320693,-0.00160457,0.007863657,-0.01573808,0.01277209,0.02103653,0.01962078,0.01837493,0.01744553,0.01701165,0.01716333,0.01764689,0
206183_1745,5,29,1745,-0.005458041,0.02600419,-0.01102629,0.05129053,0.02916249,0.03128359,-0.01749244,0.02134606,0.01989005,0.01863908,0.0177449,0.01739387,0.01763256,0.01820282,0
206183_1746,6,29,1746,0.02968152,0.01337882,-0.01751207,0.001176965,-0.007639186,-0.02037492,0.01531087,0.02132598,0.0198406,0.01855782,0.01762477,0.01722102,0.01741348,0.01793875,0
206183_1747,7,29,1747,0.2482086,0.1564503,0.1484608,0.1369194,0.1310384,0.1029535,0.1345134,0.02221827,0.02066042,0.01936223,0.01848483,0.0182266,0.0185808,0.01927379,1
206183_1748,8,29,1748,0.1960183,0.1774724,0.1400918,0.1080798,0.09596992,0.1014194,0.1481876,0.02175584,0.02019717,0.01890756,0.01803865,0.01777631,0.01811285,0.01877541,1
206183_1749,9,29,1749,0.1589061,0.1611421,0.1109985,0.1302297,0.1067294,0.1427042,0.1175766,0.02188044,0.02038588,0.01914073,0.01830636,0.01808216,0.01845767,0.01916018,1
206183_1750,10,29,1750,0.2121845,0.2049964,0.1596534,0.1106545,0.1360443,0.1256517,0.1264283,0.0222671,0.02067447,0.01932212,0.01836645,0.01799873,0.01826685,0.01887455,1
206183_1751,11,29,1751,0.2212695,0.1257418,0.1189482,0.0890515,0.1184996,0.1102007,0.1391467,0.02193302,0.02039942,0.01910627,0.01821057,0.01790525,0.01822081,0.01886117,1
206183_1752,12,29,1752,0.1897914,0.1602557,0.1252968,0.1148519,0.126826,0.1257627,0.1167186,0.02110965,0.01986711,0.01879437,0.01806201,0.01788558,0.01828685,0.01899128,1
206183_1753,13,29,1753,0.1848876,0.1732136,0.1116477,0.1234763,0.08057043,0.09703192,0.1390697,0.02065005,0.01937991,0.01832976,0.01766116,0.01757648,0.0180518,0.01880157,1
206183_1754,14,29,1754,0.1705369,0.1649742,0.1390737,0.1034702,0.1290249,0.1021315,0.1547468,0.0207212,0.01957993,0.01864122,0.01808221,0.01812849,0.01873209,0.0195954,1
206183_1755,15,29,1755,0.1445973,0.1370007,0.151292,0.1056063,0.114105,0.1176434,0.1790393,0.01948412,0.01865983,0.01809044,0.01795962,0.01850431,0.01950143,0.02068223,1
206183_1756,16,29,1756,0.1610395,0.1718321,0.1035761,0.1010295,0.134182,0.1736915,0.175989,0.02020428,0.01926272,0.01855958,0.01828295,0.01867494,0.01959336,0.02070156,1
206183_1757,17,29,1757,0.1695108,0.1384859,0.1237474,0.142731,0.1412916,0.1787188,0.2152234,0.01860556,0.01810059,0.01786084,0.01807824,0.01900715,0.02034529,0.02178194,1
206183_1758,18,29,1758,0.09589438,0.1193446,0.1415921,0.1292442,0.139012,0.212672,0.2633377,0.0180987,0.01789548,0.01801169,0.01864057,0.0200484,0.02180437,0.02357777,1
206183_1759,19,29,1759,0.1333909,0.1270087,0.1362068,0.1409179,0.194176,0.2359978,0.3489933,0.01905109,0.01889681,0.0190626,0.01976853,0.02131976,0.023296,0.02525592,1
206183_1760,20,29,1760,0.1162104,0.1018042,0.1280545,0.174282,0.126822,0.2564576,0.3197399,0.01732858,0.01758702,0.01819818,0.019363,0.02138209,0.02373561,0.02596789,1
206183_1761,21,29,1761,0.1551038,0.1284327,0.1767056,0.1757849,0.2557743,0.2588145,0.42363,0.01879892,0.01900916,0.01958987,0.02077101,0.02289012,0.02547031,0.02788035,1
206183_1762,22,29,1762,0.1192017,0.1063537,0.122707,0.1679081,0.2194579,0.3087598,0.4234533,0.01746331,0.01793076,0.01879165,0.02025341,0.02264092,0.02545224,0.02800161,1
206183_1763,23,29,1763,0.06089766,0.1085054,0.1315414,0.1894872,0.2993392,0.3913505,0.516021,0.01673136,0.01788623,0.01955411,0.0219274,0.02537697,0.02919572,0.03256339,1
206183_1764,24,29,1764,0.135796,0.1333095,0.1709611,0.2206459,0.3006195,0.4159266,0.6224568,0.01788876,0.01883886,0.02028976,0.02245774,0.02572416,0.02951461,0.0328135,1
206183_1765,25,29,1765,0.07983274,0.1244626,0.1987693,0.2632269,0.3538289,0.5404486,0.7247613,0.01704158,0.01856835,0.02068947,0.02360151,0.0277234,0.03235099,0.03631252,1
206183_1766,26,29,1766,0.09705334,0.1333852,0.1927411,0.3650974,0.5048167,0.7078119,0.9642177,0.01789055,0.01977476,0.02234067,0.02578035,0.03055445,0.03592089,0.04044648,1
206183_1767,27,29,1767,0.1050444,0.09091527,0.1593004,0.2859055,0.429421,0.6389009,0.8636184,0.01696234,0.01870499,0.02109021,0.02431044,0.02881234,0.03394391,0.03826016,1
206183_1768,28,29,1768,0.1341962,0.1517254,0.2466964,0.3838779,0.6072506,0.9939146,1.251914,0.01858292,0.02099104,0.02420668,0.02841251,0.03413732,0.04060852,0.04599608,1
206183_1769,29,29,1769,0.1501136,0.1546691,0.2458896,0.3996237,0.4850456,0.727696,1.05349,0.01859822,0.02043049,0.02312834,0.02658913,0.03118001,0.0367306,0.04132832,1
206183_1770,30,29,1770,0.140006,0.17981,0.2949542,0.3990512,0.6547352,0.9689251,1.346807,0.01894387,0.02116031,0.02433291,0.02832351,0.03352088,0.03971196,0.04483905,1
206183_1771,31,29,1771,0.1429783,0.1901702,0.2746246,0.4210131,0.5750991,0.9170174,1.12943,0.0187761,0.02090269,0.02399339,0.0278941,0.03298683,0.03907315,0.04415161,1
206183_1772,32,29,1772,0.1345108,0.2252254,0.2354369,0.3493836,0.5778728,0.7947213,1.043227,0.01900379,0.02077127,0.02347291,0.0268975,0.03138402,0.03686538,0.04146317,1
206183_1773,33,29,1773,0.1409243,0.1811378,0.233418,0.3057185,0.5117536,0.6780789,0.9220641,0.0187341,0.02029148,0.02278391,0.02589456,0.02990019,0.03486591,0.03905641,1
206183_1774,34,29,1774,0.1356395,0.1596746,0.25219,0.3259443,0.4568485,0.6452774,0.8433964,0.01918912,0.02052969,0.02286018,0.02573231,0.02939424,0.0340824,0.03810195,1
206183_1775,35,29,1775,0.1527208,0.1839324,0.214866,0.2328987,0.3626365,0.4590575,0.6021787,0.01896331,0.01977557,0.02150505,0.0235899,0.02626134,0.0300077,0.0332988,1
206183_1776,36,29,1776,0.1687281,0.1294452,0.1823405,0.2018961,0.2738137,0.3240933,0.4646558,0.01931381,0.01961702,0.02082613,0.02218846,0.02392726,0.02682991,0.02944937,1
206183_1777,37,29,1777,0.1566653,0.177274,0.1645298,0.2457618,0.2567174,0.3331051,0.5195171,0.01969465,0.01992994,0.02121553,0.02253472,0.02408161,0.02689175,0.02948145,1
206183_1778,38,29,1778,0.1849284,0.1803987,0.1885354,0.235669,0.2071548,0.3049097,0.3896074,0.02158202,0.02116308,0.02180487,0.02215515,0.02252015,0.02441647,0.02628757,1
206183_1779,39,29,1779,0.2298946,0.2207413,0.2167871,0.2355264,0.2286904,0.2952604,0.3944182,0.02261739,0.02201105,0.02262389,0.02276611,0.02277514,0.02448701,0.0262521,1
206183_1780,40,29,1780,0.26815,0.2488961,0.2554485,0.2982673,0.2054352,0.2728554,0.2888508,0.02523323,0.02407193,0.02428597,0.02372034,0.02283247,0.02395535,0.02527367,1
206183_1781,41,29,1781,0.3371607,0.2697245,0.3368028,0.272275,0.2309976,0.2667998,0.3197147,0.02610093,0.02475886,0.02487172,0.02403528,0.02275739,0.02360184,0.02471862,1
206183_1782,42,29,1782,0.4287464,0.326988,0.3694425,0.3050899,0.2204464,0.1716219,0.2530442,0.02731011,0.02559949,0.02534195,0.02394391,0.02197728,0.02221266,0.0228141,1
206183_1783,43,29,1783,0.423993,0.3212562,0.2951793,0.2397809,0.2440693,0.2104998,0.2441457,0.02841998,0.02646085,0.02600373,0.0243996,0.02224286,0.02232763,0.02283137,1
206183_1784,44,29,1784,0.4153794,0.4103772,0.3225616,0.2570125,0.2172531,0.2041706,0.2324931,0.02968261,0.0274635,0.02673,0.02487842,0.02251291,0.02239177,0.02274287,1
206183_1785,45,29,1785,0.3351758,0.2886259,0.2648277,0.2588844,0.2017733,0.2290839,0.2057691,0.02749769,0.02554227,0.02488238,0.02342033,0.0216703,0.0218374,0.02243845,1
206183_1786,46,29,1786,0.4160699,0.3190371,0.293367,0.2436676,0.1531256,0.1672722,0.2038695,0.02796376,0.02578064,0.02470154,0.02289893,0.0208499,0.02059003,0.02080036,1
206183_1787,47,29,1787,0.2695512,0.2765949,0.2503483,0.243687,0.1553166,0.1680539,0.1599153,0.02594046,0.02415075,0.0232379,0.0218655,0.02044294,0.02050357,0.02099362,1
206183_1788,48,29,1788,0.2866171,0.2022473,0.179377,0.1848862,0.1448095,0.1591554,0.1508876,0.02331039,0.02169774,0.02076955,0.01965093,0.0186627,0.01882868,0.01936535,1
206183_1789,49,29,1789,0.27048,0.2296157,0.1890789,0.1463237,0.1166929,0.1150372,0.1561368,0.02370365,0.02196522,0.02080822,0.01959282,0.01860829,0.01868914,0.01915611,1
206183_1790,50,29,1790,0.2994445,0.2331831,0.1859496,0.1441911,0.1177681,0.1656133,0.1342287,0.02442415,0.02268011,0.02136873,0.02004831,0.01899186,0.01894283,0.01930697,1
206183_1791,51,29,1791,0.307273,0.246694,0.2257256,0.1384574,0.1708989,0.1488994,0.186538,0.02451351,0.02269028,0.02134339,0.02022827,0.01960482,0.01988799,0.0205656,1
206183_1792,52,29,1792,0.2639929,0.2071907,0.1774347,0.1595973,0.1187791,0.1240451,0.1350246,0.02334171,0.02168896,0.02036355,0.01926915,0.01863804,0.01880355,0.01934989,1
206183_1793,53,29,1793,0.0007877556,0.005784128,0.006211056,-0.01058022,0.01869163,-0.008563349,0.03112358,0.02264631,0.02101379,0.01959746,0.0185541,0.01807413,0.01824623,0.01878205,0
206183_1794,54,29,1794,0.01209455,-0.002456057,-0.03517936,-0.01448692,-0.02289188,-0.003899852,0.0156366,0.0225524,0.02090328,0.01952381,0.01857117,0.01823747,0.01853672,0.01918635,0
206183_1795,55,29,1795,0.03017681,0.01110252,0.02091106,0.0197688,-0.0225398,-0.02321779,0.02210585,0.02234138,0.02069845,0.01931099,0.01833153,0.01794577,0.01819157,0.01878738,0
206183_1796,56,29,1796,-0.01749611,0.04646243,-0.01844911,0.0006823564,-0.0216494,0.03835481,-0.01898449,0.02214252,0.02050277,0.01910534,0.01809785,0.01765911,0.0178509,0.0183922,0
206183_1797,57,29,1797,0.02036116,-0.03043155,-0.01989595,0.02344894,0.02723372,-0.0118691,-0.005137836,0.02284126,0.021153,0.01975199,0.01879747,0.01848413,0.01881084,0.01949212,0
206183_1798,58,29,1798,-0.01670209,0.03800786,-0.000148515,0.001517004,-0.04168175,-0.0156282,-0.03163293,0.02055378,0.01912579,0.01788059,0.01695442,0.01651238,0.01664119,0.0170907,0
206183_1799,59,29,1799,0.007617987,0.04278316,0.0009550074,-0.02029592,-0.002807317,0.01439093,-0.02022165,0.02143363,0.01991115,0.01858772,0.01760732,0.01714439,0.0172866,0.01776823,0
206183_1800,0,30,1800,0.02699641,0.006911518,0.01303584,-0.02040764,0.00432641,0.01968675,0.01260856,0.02257442,0.02091429,0.01947165,0.01839808,0.01787642,0.01800796,0.01850454,0
206183_1801,1,30,1801,0.0233482,-0.001537599,0.007249064,-0.01661831,-0.01268124,-0.001685897,0.007476628,0.02294276,0.02126221,0.01985542,0.0188841,0.01854605,0.01885434,0.01952227,0
206183_1802,2,30,1802,0.04024858,-0.01122627,0.01330843,0.00517814,0.01195862,-0.0107655,-0.0006910661,0.02016163,0.01881951,0.01769061,0.01691713,0.01667438,0.01696566,0.01755758,0
206183_1803,3,30,1803,0.01047224,0.008551292,0.02194954,0.01032005,0.02020789,0.02274875,0.01589312,0.02426811,0.02233079,0.02064801,0.0193733,0.01868838,0.0187382,0.01919256,0
206183_1804,4,30,1804,-0.0287881,0.06840113,-0.007129965,0.004076374,0.006329433,-0.006411457,-0.01457613,0.02111609,0.01969288,0.01852281,0.0177601,0.01759541,0.01798865,0.01869491,0
206183_1805,5,30,1805,0.004480637,0.040349,-0.01451018,0.01072647,0.01563121,0.01684016,0.00330014,0.02071434,0.01935458,0.01822309,0.01747235,0.01729136,0.01765636,0.01832896,0
206183_1806,6,30,1806,-0.01419389,0.02311015,0.02528836,0.01057917,-0.02059318,0.01419211,0.00553099,0.02187392,0.02034635,0.0190001,0.01798561,0.01748533,0.01760943,0.01808413,0
206183_1807,7,30,1807,0.2159247,0.1528689,0.1415417,0.1178879,0.1465992,0.1088822,0.1520965,0.02216417,0.02059707,0.01925739,0.01830162,0.01792123,0.01816593,0.01875745,1
206183_1808,8,30,1808,0.1914612,0.1471196,0.141078,0.1401105,0.1391473,0.08539498,0.1175089,0.02088291,0.01956361,0.01844867,0.0176976,0.01750936,0.01787624,0.01855473,1
206183_1809,9,30,1809,0.1336713,0.1380386,0.142346,0.1381157,0.1374573,0.1178217,0.1362023,0.02101382,0.01970753,0.01855944,0.01772875,0.01741399,0.01767425,0.01825729,1
206183_1810,10,30,1810,0.2006703,0.1559559,0.1322572,0.1291514,0.1193324,0.1059991,0.1735165,0.02091429,0.01961381,0.01853343,0.01783657,0.01772772,0.0181704,0.0189144,1
206183_1811,11,30,1811,0.1224267,0.1300386,0.07707679,0.06490136,0.07181605,0.1049191,0.07278551,0.01940143,0.01827022,0.01731302,0.01667967,0.01655869,0.01693998,0.01759207,1
206183_1812,12,30,1812,0.2375144,0.2353195,0.1865299,0.1546341,0.1427287,0.1305026,0.1560059,0.02254726,0.02101895,0.01971546,0.01880617,0.01850059,0.01884327,0.01951955,1
206183_1813,13,30,1813,0.1720133,0.1604332,0.1398706,0.1344631,0.09637266,0.09797827,0.1579503,0.02164439,0.02023028,0.01903919,0.01823599,0.01802566,0.0184277,0.01913159,1
206183_1814,14,30,1814,0.1388604,0.1203659,0.09031098,0.1083607,0.1029518,0.1044352,0.1633253,0.01959431,0.01856531,0.01771055,0.01719576,0.01723292,0.01778405,0.01857829,1
206183_1815,15,30,1815,0.1569856,0.154825,0.1179569,0.1444079,0.1098768,0.1334233,0.1524806,0.02067253,0.01956547,0.01863521,0.01806029,0.01806939,0.01865265,0.01948684,1
206183_1816,16,30,1816,0.1548643,0.1392101,0.1226919,0.123969,0.1426457,0.1429343,0.1969596,0.01906258,0.01839067,0.01799404,0.0180589,0.01882782,0.02001597,0.02134515,1
206183_1817,17,30,1817,0.1692318,0.1667691,0.1246457,0.1329175,0.1591112,0.2214648,0.2306796,0.02046627,0.01971157,0.01926229,0.01932365,0.02016271,0.02149667,0.02296119,1
206183_1818,18,30,1818,0.1546969,0.1531248,0.1432273,0.1322631,0.1286564,0.2286209,0.2139095,0.0199477,0.01931955,0.018934,0.01900302,0.01980736,0.02113209,0.02256239,1
206183_1819,19,30,1819,0.12869,0.110557,0.1312836,0.1271742,0.1361508,0.1661367,0.2366104,0.01861438,0.01823651,0.01813505,0.01851084,0.01963414,0.02121035,0.02280869,1
206183_1820,20,30,1820,0.1271703,0.1041827,0.1331689,0.130485,0.1558901,0.2397398,0.3175777,0.01793559,0.01803651,0.01847809,0.01946807,0.02130691,0.02352638,0.02565041,1
206183_1821,21,30,1821,0.1293011,0.1446074,0.1655179,0.1444317,0.2343736,0.2600577,0.36279,0.01829378,0.01852571,0.0191296,0.02032322,0.02242907,0.02496249,0.02732577,1
206183_1822,22,30,1822,0.1144346,0.1308224,0.1730976,0.186557,0.2686204,0.3422879,0.4008003,0.01798665,0.01843473,0.0192741,0.0207269,0.0231354,0.02599684,0.0286018,1
206183_1823,23,30,1823,0.08318088,0.1219923,0.1334335,0.2005872,0.326875,0.3831774,0.5000585,0.01701916,0.01784437,0.01912547,0.02106105,0.02399647,0.02734928,0.0303172,1
206183_1824,24,30,1824,0.1267935,0.1704011,0.1971892,0.2211732,0.3509121,0.4002609,0.5330455,0.01779001,0.0187388,0.0201999,0.02237325,0.02562298,0.02937485,0.03262918,1
206183_1825,25,30,1825,0.06492926,0.1078543,0.180525,0.2645186,0.3849055,0.5369404,0.7269462,0.01721831,0.01866872,0.02070428,0.02351674,0.02751228,0.03201936,0.03586926,1
206183_1826,26,30,1826,0.0969725,0.1323786,0.1303465,0.2364796,0.3294302,0.5304535,0.7076599,0.01690526,0.01835384,0.02037919,0.02317458,0.02714826,0.03169531,0.0355427,1
206183_1827,27,30,1827,0.08063176,0.1554805,0.2021531,0.2981987,0.4630478,0.7107903,0.8692156,0.01681146,0.01872633,0.02131065,0.02475177,0.02950819,0.03488059,0.03939089,1
206183_1828,28,30,1828,0.1189978,0.1240586,0.1794833,0.3401259,0.4589891,0.72022,0.9426786,0.01705061,0.0190606,0.02177025,0.02535673,0.03028763,0.03589614,0.04057302,1
206183_1829,29,30,1829,0.112565,0.1742111,0.2462805,0.4084503,0.552359,0.8670886,1.136592,0.01857747,0.02065168,0.02371607,0.02751896,0.03239307,0.03834229,0.04326316,1
206183_1830,30,30,1830,0.1592458,0.2301997,0.3025623,0.5063372,0.6498175,1.069539,1.292091,0.01985637,0.02209262,0.0254194,0.02953383,0.03478712,0.04123262,0.04655711,1
206183_1831,31,30,1831,0.1611727,0.168379,0.2765259,0.3343878,0.5837458,0.8348144,1.128191,0.01870916,0.02072965,0.02376286,0.02751411,0.03230152,0.03818219,0.04306443,1
206183_1832,32,30,1832,0.1186049,0.1894255,0.2165018,0.3367447,0.5790183,0.7940614,0.9729081,0.01858352,0.02045734,0.0233279,0.02686492,0.03135949,0.03690815,0.04153806,1
206183_1833,33,30,1833,0.1265965,0.1305726,0.1702251,0.2541537,0.4116579,0.579097,0.7567053,0.01791771,0.01924731,0.0214579,0.02421173,0.02776075,0.032289,0.03611202,1
206183_1834,34,30,1834,0.1316981,0.1824281,0.2161142,0.3290394,0.5052069,0.7090942,0.9224599,0.01860304,0.02021451,0.02285941,0.02606355,0.03006165,0.03508323,0.03936921,1
206183_1835,35,30,1835,0.1375495,0.1756833,0.2335094,0.3452777,0.414595,0.6214539,0.8310113,0.01929419,0.02043323,0.02260568,0.0252178,0.02848038,0.0328244,0.03659474,1
206183_1836,36,30,1836,0.1593233,0.1601569,0.2281138,0.2511106,0.3462111,0.4299455,0.5906436,0.01945528,0.02018852,0.02193043,0.02396213,0.02648858,0.03014784,0.03340142,1
206183_1837,37,30,1837,0.150721,0.141589,0.1614478,0.2119341,0.3078595,0.4282617,0.4211831,0.01982104,0.020035,0.02121707,0.02249287,0.02408488,0.02688872,0.02946404,1
206183_1838,38,30,1838,0.1820392,0.1781796,0.1942239,0.2354403,0.2782657,0.2728935,0.3466581,0.02070634,0.02066805,0.0216175,0.02245505,0.02345426,0.02581469,0.02807626,1
206183_1839,39,30,1839,0.226327,0.1834297,0.2170803,0.2185959,0.2475275,0.2750267,0.3516279,0.02244429,0.02191565,0.02248646,0.02275299,0.02304165,0.02488711,0.02675744,1
206183_1840,40,30,1840,0.270048,0.241722,0.2844406,0.2561772,0.2283514,0.2725728,0.3260817,0.0241626,0.0231287,0.02332493,0.02305135,0.02269263,0.02407127,0.0255871,1
206183_1841,41,30,1841,0.1855284,0.2085133,0.2381463,0.2381068,0.1758993,0.2289293,0.2544091,0.02327004,0.02230187,0.02243615,0.02193668,0.02121349,0.02217377,0.02334445,1
206183_1842,42,30,1842,0.2827953,0.2162848,0.2256649,0.2546493,0.1696667,0.210323,0.2525401,0.02520148,0.02380809,0.0235966,0.02261522,0.02133442,0.02188614,0.02274168,1
206183_1843,43,30,1843,0.3566735,0.2535037,0.3049467,0.2083231,0.2060098,0.1997289,0.233999,0.02580261,0.02432532,0.02401667,0.02291253,0.02149706,0.02191546,0.02268393,1
206183_1844,44,30,1844,0.3352824,0.2906384,0.233814,0.2327558,0.196121,0.2105971,0.2249091,0.02604502,0.02433143,0.0238094,0.02265329,0.02132522,0.0217517,0.02254734,1
206183_1845,45,30,1845,0.2836049,0.2367371,0.2236479,0.1901402,0.1328945,0.2003971,0.1683672,0.02424227,0.02265686,0.02205111,0.02094957,0.01975591,0.02005766,0.02071656,1
206183_1846,46,30,1846,0.3298893,0.2334157,0.2280311,0.1598224,0.1704758,0.1839506,0.1734624,0.02513366,0.02346964,0.02266812,0.02141485,0.02011042,0.02025581,0.0207992,1
206183_1847,47,30,1847,0.2600483,0.1883009,0.1942439,0.192093,0.1731941,0.1927518,0.1594552,0.02357808,0.02203776,0.02123878,0.02022521,0.0193382,0.01965745,0.02033842,1
206183_1848,48,30,1848,0.2532125,0.2390736,0.173268,0.1548973,0.166046,0.1725349,0.1524508,0.02407557,0.02247459,0.02148314,0.02035845,0.01942481,0.01962043,0.02020344,1
206183_1849,49,30,1849,0.3000652,0.2427096,0.2084236,0.1360181,0.1925173,0.1176184,0.1514122,0.02470928,0.02283699,0.02151731,0.02020503,0.0191854,0.01923619,0.01969527,1
206183_1850,50,30,1850,0.1755579,0.1618703,0.07958587,0.1337428,0.137775,0.1170406,0.07133877,0.0218002,0.02027359,0.0191459,0.01812903,0.01745392,0.01759848,0.01808608,1
206183_1851,51,30,1851,0.2686662,0.2122888,0.1613937,0.14039,0.1163511,0.1350441,0.1207554,0.0241332,0.02224709,0.0207402,0.01942095,0.01851245,0.01849117,0.01887292,1
206183_1852,52,30,1852,0.2580952,0.2009316,0.1678381,0.1176637,0.1417304,0.140735,0.1319231,0.02292282,0.02115825,0.0197592,0.0186621,0.01807123,0.01824353,0.01878037,1
206183_1853,53,30,1853,-0.001228719,-0.03051244,0.03161009,-0.0004770221,0.009787888,-0.008211034,0.02721638,0.02131977,0.01993267,0.01868365,0.01772441,0.01724073,0.01735504,0.01781102,0
206183_1854,54,30,1854,0.01441056,-0.03538729,0.005656599,0.0002306742,0.02184859,-0.02315826,0.007711739,0.02096673,0.01956007,0.01838593,0.01759651,0.01737987,0.01772321,0.01838084,0
206183_1855,55,30,1855,-0.00187079,0.001743179,-0.003390822,0.02183049,0.008633377,-0.02741511,0.002980916,0.02250208,0.02085728,0.01939478,0.01826197,0.01763444,0.017666,0.01806699,0
206183_1856,56,30,1856,-0.005964045,0.00432668,0.01172394,0.02787905,0.003427308,-0.007688804,-0.002180396,0.02365753,0.02184127,0.0202962,0.01918125,0.01868847,0.01888756,0.01946881,0
206183_1857,57,30,1857,0.002775971,0.01404947,0.01352472,0.006085766,-0.002290617,-0.0006496024,0.004278307,0.0215145,0.01999491,0.01867559,0.0177028,0.01725417,0.01741199,0.01791024,0
206183_1858,58,30,1858,-0.03313742,-0.001559855,0.0007227143,-0.01640195,0.02689458,0.01233007,-0.007453083,0.02161438,0.02007967,0.01880312,0.01793588,0.01766331,0.01798121,0.01862809,0
206183_1859,59,30,1859,-0.03064191,0.01032641,-0.02435372,-0.02436897,6.417568e-05,-0.01493113,-0.007033333,0.02162014,0.02011505,0.01880401,0.0178368,0.01739589,0.01756335,0.01807406,0
206183_1860,0,31,1860,0.009027089,-0.00981644,0.02127823,0.05205322,-0.003561058,0.005759878,-0.01302177,0.02221924,0.02059095,0.0191848,0.01814965,0.01766545,0.01781816,0.01832622,0
206183_1861,1,31,1861,0.03741415,0.032508,-0.009885937,0.002885542,-0.02784822,-0.03425073,-0.01317339,0.01978941,0.01857022,0.0175241,0.01679785,0.01657451,0.01686723,0.01745639,0
206183_1862,2,31,1862,0.0002710183,0.007268023,-0.01427442,0.02066717,-0.007907884,0.02054681,0.01899985,0.02122469,0.01974011,0.01847734,0.01758329,0.01723772,0.01747728,0.01804452,0
206183_1863,3,31,1863,0.01857196,0.02550584,0.03824507,-0.02151138,-0.01991686,0.0253887,0.01345964,0.02181389,0.02022406,0.01885192,0.01784241,0.01737074,0.0175204,0.01801612,0
206183_1864,4,31,1864,-0.01693376,-0.01509521,0.02269153,0.01094295,-0.03650816,0.02403807,-0.03017523,0.02130817,0.01992054,0.01876136,0.01799209,0.01781349,0.0182007,0.01890912,0
206183_1865,5,31,1865,-0.01145597,0.02425653,-0.004137153,0.01528911,0.009054735,0.0004748939,-0.01790148,0.02179667,0.02033173,0.01908078,0.01820468,0.01790225,0.01819917,0.01883486,0
206183_1866,6,31,1866,-0.005485034,-0.003777809,-0.01375992,-0.033433,-0.003680287,0.01844136,-0.02040031,0.02098531,0.01959546,0.01840221,0.01755759,0.01724924,0.01751245,0.01809805,0
206183_1867,7,31,1867,0.2269043,0.1870036,0.1292931,0.1474874,0.1058965,0.09198473,0.09179917,0.02248036,0.02077931,0.0192835,0.01813503,0.01750225,0.01753324,0.01792967,1
206183_1868,8,31,1868,0.1564848,0.1450348,0.1084282,0.1075432,0.08834496,0.11862,0.0802744,0.0193533,0.01818474,0.01717446,0.01646522,0.01623526,0.01650964,0.01706942,1
206183_1869,9,31,1869,0.1483296,0.1377791,0.09059592,0.1163376,0.09605973,0.1198367,0.1136782,0.02042283,0.01913127,0.01802922,0.01726891,0.01703981,0.01735625,0.01797605,1
206183_1870,10,31,1870,0.1335534,0.1262533,0.07433973,0.1029996,0.09984425,0.09187986,0.1051795,0.01935698,0.01820031,0.01724606,0.01664181,0.01657238,0.01699236,0.01768079,1
206183_1871,11,31,1871,0.2309219,0.1815353,0.135345,0.1314747,0.1316476,0.1435248,0.1375963,0.02185344,0.02046054,0.01926678,0.01844209,0.01819857,0.01856101,0.01925009,1
206183_1872,12,31,1872,0.1914354,0.1966014,0.1222184,0.1429222,0.1232883,0.1232435,0.1395035,0.02163276,0.02021833,0.01903538,0.01824902,0.0180646,0.0184784,0.01920151,1
206183_1873,13,31,1873,0.1916919,0.1499673,0.1669865,0.1298618,0.1149562,0.116935,0.1465147,0.02103516,0.01977179,0.0187152,0.01803496,0.01794459,0.01842592,0.01919442,1
206183_1874,14,31,1874,0.198565,0.1711388,0.1204604,0.1210471,0.1298954,0.1304145,0.1502237,0.02138623,0.02011782,0.01904363,0.01833892,0.01822508,0.01871015,0.01948143,1
206183_1875,15,31,1875,0.1467594,0.1551839,0.1154841,0.1301576,0.1547384,0.1249976,0.1639662,0.02009546,0.01915036,0.01836959,0.01793752,0.01809396,0.01878023,0.01970334,1
206183_1876,16,31,1876,0.1570065,0.1477525,0.1345212,0.1352323,0.1420768,0.1744995,0.2183958,0.02079396,0.01992558,0.01933517,0.0192277,0.01986854,0.02101577,0.02234783,1
206183_1877,17,31,1877,0.1654999,0.1307737,0.1310209,0.13895,0.1618945,0.1701911,0.2169505,0.0197485,0.01902656,0.01855347,0.01852823,0.01921109,0.0203799,0.02169348,1
206183_1878,18,31,1878,0.1452488,0.1472187,0.1109687,0.1348965,0.1594751,0.1973198,0.2381292,0.0185404,0.01808059,0.01793873,0.01829875,0.01940553,0.02090586,0.02246062,1
206183_1879,19,31,1879,0.146797,0.15332,0.1649492,0.1112638,0.1918263,0.2194337,0.2330826,0.01886656,0.01850799,0.01842191,0.018817,0.01997517,0.02158757,0.02323171,1
206183_1880,20,31,1880,0.1341977,0.1204085,0.1273775,0.1599029,0.1988681,0.2662364,0.2729365,0.01950298,0.01918187,0.01914288,0.01961015,0.02088872,0.02268504,0.02446971,1
206183_1881,21,31,1881,0.1486538,0.1612142,0.1191963,0.1348299,0.1829682,0.2257679,0.2829065,0.0189787,0.01885486,0.0190331,0.01973828,0.02128347,0.02334304,0.0253137,1
206183_1882,22,31,1882,0.1069325,0.1275646,0.1433322,0.1701341,0.2796914,0.3261728,0.4086027,0.01769779,0.01825887,0.01925279,0.02088322,0.02348022,0.02646675,0.02917885,1
206183_1883,23,31,1883,0.1173557,0.1468302,0.1611885,0.2352282,0.3138202,0.3757121,0.4702593,0.01883934,0.01943021,0.02046874,0.02219107,0.02497104,0.02827072,0.03122304,1
206183_1884,24,31,1884,0.08761693,0.104464,0.1399537,0.2041226,0.2577454,0.3977353,0.5052414,0.01725197,0.01807199,0.01935436,0.02130051,0.02425994,0.02769836,0.03070421,1
206183_1885,25,31,1885,0.09916801,0.1212013,0.1358783,0.2255686,0.3176664,0.4536936,0.6652147,0.01687887,0.01808408,0.01981857,0.02227212,0.02582035,0.02985972,0.03332779,1
206183_1886,26,31,1886,0.08179942,0.1220957,0.1530732,0.1575873,0.2854704,0.4335272,0.5932914,0.01689098,0.0180565,0.01974105,0.02214017,0.02563291,0.02969172,0.03313988,1
206183_1887,27,31,1887,0.1180975,0.1337473,0.2240215,0.2966462,0.4542975,0.6443394,0.8561441,0.01716874,0.01902963,0.0215441,0.02488642,0.0294945,0.03469375,0.03904595,1
206183_1888,28,31,1888,0.07657838,0.1227203,0.1894914,0.246674,0.4300953,0.6203572,0.8311752,0.01656943,0.01837812,0.02082802,0.02408808,0.02858851,0.03370924,0.03798358,1
206183_1889,29,31,1889,0.1435525,0.1804464,0.2347796,0.3509616,0.5430544,0.81016,1.044017,0.01872939,0.02060521,0.02350525,0.02705313,0.03152548,0.03713507,0.0417767,1
206183_1890,30,31,1890,0.1151445,0.1785202,0.2664865,0.3543978,0.5696596,0.7850835,1.034936,0.01903198,0.02086212,0.02374358,0.02723696,0.03159621,0.03713725,0.04170493,1
206183_1891,31,31,1891,0.1405407,0.2207926,0.2680787,0.4922523,0.615397,0.8768321,1.223224,0.01933667,0.02149762,0.02481049,0.02877034,0.03363313,0.03972731,0.04476999,1
206183_1892,32,31,1892,0.142936,0.2226047,0.3024864,0.4008394,0.5385513,0.7660925,1.065407,0.01990299,0.02154138,0.02428242,0.02762244,0.03182052,0.0372742,0.04183057,1
206183_1893,33,31,1893,0.1303563,0.1952827,0.2555748,0.3784368,0.4731678,0.7111544,0.9798081,0.01937351,0.02088841,0.02347584,0.02659748,0.03047437,0.03550901,0.03973876,1
206183_1894,34,31,1894,0.1281898,0.1563961,0.2451854,0.2789915,0.4066789,0.554673,0.6959828,0.01859708,0.01984157,0.02208192,0.02478506,0.02815524,0.03258962,0.03637261,1
206183_1895,35,31,1895,0.08772209,0.1365327,0.1749144,0.2747305,0.347202,0.4564102,0.6649984,0.01796748,0.01902612,0.02103391,0.0234334,0.02640934,0.03037482,0.03381553,1
206183_1896,36,31,1896,0.1527087,0.1624255,0.2180977,0.2643824,0.3445254,0.4176821,0.5815641,0.01957344,0.02019664,0.0218031,0.02371247,0.02612963,0.02965176,0.03277548,1
206183_1897,37,31,1897,0.1354238,0.1486355,0.2016728,0.2809647,0.2797215,0.3828107,0.5343507,0.01947894,0.01988483,0.02123393,0.02277155,0.02471601,0.02777514,0.0305653,1
206183_1898,38,31,1898,0.1935937,0.1569008,0.1675751,0.1750961,0.2418384,0.2947932,0.4322334,0.01988518,0.01990072,0.02082554,0.02179418,0.02304933,0.0254712,0.02776175,1
206183_1899,39,31,1899,0.23166,0.2195187,0.2280267,0.2124308,0.2564442,0.3293773,0.3806203,0.02226032,0.02181085,0.02236622,0.02281048,0.0234525,0.02548172,0.02750309,1
206183_1900,40,31,1900,0.1993935,0.2067038,0.1941565,0.2112188,0.2085258,0.2406077,0.3124029,0.02165756,0.02111416,0.0215228,0.0217125,0.02200162,0.02364384,0.02535951,1
206183_1901,41,31,1901,0.2147293,0.2244351,0.2178452,0.2118651,0.1871835,0.236067,0.2371777,0.02338598,0.02239056,0.02241518,0.02210683,0.0218342,0.02305538,0.02445271,1
206183_1902,42,31,1902,0.2570822,0.2599818,0.2145201,0.260457,0.1822323,0.2378317,0.2886462,0.02433656,0.02324253,0.02316943,0.02267143,0.02215491,0.02319534,0.02448167,1
206183_1903,43,31,1903,0.212974,0.1899982,0.1954383,0.1724074,0.1627256,0.1934664,0.2388545,0.02280494,0.02165732,0.02142997,0.02084683,0.02027285,0.02107225,0.02213039,1
206183_1904,44,31,1904,0.2848691,0.2340966,0.2510666,0.2142065,0.1787105,0.1918137,0.1863954,0.02451122,0.02302607,0.02245201,0.02149143,0.02053926,0.02103325,0.02186137,1
206183_1905,45,31,1905,0.263625,0.1986594,0.1511061,0.1778101,0.1553473,0.1108896,0.1853631,0.02292933,0.02149142,0.02084747,0.01995624,0.01915898,0.01959822,0.02035561,1
206183_1906,46,31,1906,0.2840918,0.1975959,0.1730985,0.1906636,0.1431814,0.1826873,0.1825798,0.02413833,0.02267741,0.02188432,0.02081488,0.01982709,0.02007874,0.02070313,1
206183_1907,47,31,1907,0.2552882,0.2043375,0.2199393,0.1276685,0.1666336,0.1599005,0.1562098,0.02357518,0.02208266,0.02112528,0.01997538,0.01894959,0.01903216,0.01949154,1
206183_1908,48,31,1908,0.2070783,0.1594308,0.1689177,0.1297496,0.1155663,0.1215222,0.1800328,0.02210688,0.02070447,0.01983606,0.01902532,0.0185475,0.01897707,0.019732,1
206183_1909,49,31,1909,0.2311307,0.1643447,0.1534161,0.1149751,0.1201339,0.1118675,0.1622053,0.02225455,0.02069625,0.01957726,0.01856451,0.01790262,0.01810127,0.01864627,1
206183_1910,50,31,1910,0.2933991,0.2413406,0.175319,0.1417391,0.1326591,0.1434147,0.1518765,0.0236104,0.0219192,0.02061011,0.0194657,0.01873167,0.01886695,0.01938634,1
206183_1911,51,31,1911,0.2563953,0.1695889,0.1618667,0.1240275,0.1209185,0.1072283,0.1717501,0.02303073,0.02139325,0.02007652,0.01898506,0.01834431,0.01848979,0.01900797,1
206183_1912,52,31,1912,0.2230061,0.2056796,0.1778683,0.1249911,0.09636724,0.1037117,0.1235829,0.02289974,0.02122301,0.01983879,0.01873415,0.01811614,0.01824196,0.0187385,1
206183_1913,53,31,1913,0.011288,-0.01884132,-0.03207645,0.03630459,-0.003110338,-0.01163471,0.01546517,0.02096445,0.01965623,0.01854024,0.01777809,0.01757176,0.01792266,0.01859162,0
206183_1914,54,31,1914,-0.0006773555,0.01841829,0.03530727,-0.01296773,0.01241408,-0.01189823,0.007344757,0.02209326,0.02050262,0.01912651,0.01811546,0.01765203,0.01781901,0.01833748,0
206183_1915,55,31,1915,0.0391712,-0.02086932,-0.0201926,0.01537558,0.01653738,0.002193752,0.01470246,0.01995075,0.01869824,0.01763576,0.01691074,0.01670661,0.01702311,0.01763631,0
206183_1916,56,31,1916,-0.001587135,0.03376191,-0.01764471,-0.002045999,0.009043817,-0.01350904,0.02981932,0.02208439,0.02038844,0.01891521,0.01780114,0.01720803,0.01726057,0.01766905,0
206183_1917,57,31,1917,0.02964843,0.02984869,-0.000975563,-0.01207839,0.02496828,-0.01210102,0.005010126,0.02169545,0.0201667,0.01884248,0.01787212,0.01743745,0.01761414,0.0181343,0
206183_1918,58,31,1918,0.02441238,-0.003936472,0.03042353,-0.01025946,-0.007872667,-0.002692893,-0.009168875,0.0243594,0.0223113,0.02055449,0.01923249,0.01851373,0.01854034,0.01897177,0
206183_1919,59,31,1919,-0.007425955,-0.01110034,-0.01342037,0.03273667,0.03608869,-0.008840944,0.01956874,0.02263469,0.02095284,0.01944108,0.01824218,0.01752351,0.01747536,0.01780343,0
206183_1920,0,32,1920,-0.01267882,0.017675,0.008951726,-0.01372184,-0.00344418,0.007351944,0.0140139,0.01992461,0.01871249,0.01773008,0.01713104,0.01710758,0.01757835,0.0183325,0
206183_1921,1,32,1921,0.05666744,0.03723077,-0.01328328,0.02596127,-0.006997384,0.001832902,0.003526558,0.02308786,0.02128319,0.01969036,0.0184505,0.01772861,0.01769931,0.01805338,0
206183_1922,2,32,1922,-0.009108068,0.01378349,-0.02849024,-0.007006482,0.02538302,-0.01052553,-0.01136057,0.02173165,0.02017737,0.01880666,0.01776345,0.01722074,0.0173011,0.01773156,0
206183_1923,3,32,1923,-0.006637447,0.03092272,0.02343854,-0.02013247,0.003837664,0.02173914,0.0178161,0.02137639,0.02006,0.01897464,0.01829187,0.01822698,0.01871366,0.01951798,0
206183_1924,4,32,1924,0.02512255,0.02654762,0.02939395,0.002497229,0.02861397,-0.004437842,0.004872936,0.02386753,0.02204166,0.0204629,0.01929102,0.01871808,0.01885234,0.01937881,0
206183_1925,5,32,1925,0.01816599,-0.02547081,0.03518715,-0.0371201,-0.006228884,0.01089455,0.002992653,0.02338808,0.02157433,0.02001368,0.01885783,0.01828843,0.01841025,0.01891265,0
206183_1926,6,32,1926,0.003286847,0.02386654,0.01434775,0.005209818,-0.0009825257,0.005493204,-0.01288263,0.02025406,0.01898149,0.01792915,0.01725012,0.01713529,0.01754098,0.0182417,0
206183_1927,7,32,1927,0.01611336,0.0006313091,0.007067882,-0.01615922,0.004633358,0.009269304,-0.003587256,0.02081329,0.01942495,0.01825739,0.01746118,0.01722232,0.01754189,0.01817363,0
206183_1928,8,32,1928,0.2427159,0.1644548,0.1141956,0.1280227,0.07295285,0.1339973,0.1535069,0.02220002,0.0205992,0.01922845,0.01824077,0.01782243,0.01803633,0.01859834,1
206183_1929,9,32,1929,0.202407,0.1674019,0.1503012,0.1136337,0.111389,0.1305254,0.09518959,0.02200444,0.02041285,0.01899778,0.01790265,0.0172985,0.01733774,0.01773063,1
206183_1930,10,32,1930,0.2377644,0.194067,0.1361531,0.09901342,0.08609039,0.1066932,0.1199367,0.02217624,0.02054777,0.01914534,0.01811725,0.01764288,0.01781138,0.01832557,1
206183_1931,11,32,1931,0.2222159,0.1942212,0.1304073,0.09172971,0.1366626,0.1005945,0.1119634,0.02202506,0.02042078,0.01902215,0.01797527,0.01745613,0.01758186,0.01804993,1
206183_1932,12,32,1932,0.1808805,0.1699911,0.1622345,0.08585488,0.1341972,0.1164006,0.09377278,0.02106628,0.0196978,0.01851547,0.01767472,0.01736811,0.01765088,0.01824368,1
206183_1933,13,32,1933,0.1624809,0.149248,0.1049485,0.1257172,0.1066332,0.1274404,0.1226688,0.0200238,0.01896508,0.0180846,0.01755356,0.01759102,0.01814259,0.01896031,1
206183_1934,14,32,1934,0.1786418,0.1286873,0.1347213,0.1027526,0.1142412,0.09100223,0.1227327,0.02009495,0.01892267,0.01796962,0.01739732,0.01740914,0.01795151,0.01874775,1
206183_1935,15,32,1935,0.1820262,0.1783214,0.1372339,0.1126269,0.1114561,0.1060406,0.1706936,0.02115259,0.01992577,0.01890576,0.01826885,0.01823821,0.01879756,0.01962297,1
206183_1936,16,32,1936,0.2165813,0.1526284,0.1789042,0.1568734,0.1564036,0.1661217,0.1677991,0.02110463,0.01993586,0.0189452,0.01831277,0.01826848,0.018831,0.01964657,1
206183_1937,17,32,1937,0.1405981,0.1453664,0.1132864,0.1747443,0.1208267,0.1265859,0.2013713,0.01941925,0.0185656,0.01797129,0.01781556,0.01832866,0.01932545,0.02047831,1
206183_1938,18,32,1938,0.1873071,0.1506641,0.1307586,0.1271572,0.1046042,0.158324,0.1997239,0.01974829,0.01905151,0.01861189,0.01862999,0.01936844,0.02060494,0.02196256,1
206183_1939,19,32,1939,0.1577183,0.1486722,0.1200189,0.141626,0.151846,0.1623238,0.2543105,0.01910885,0.0186136,0.01841984,0.01872531,0.01979256,0.02131443,0.02288421,1
206183_1940,20,32,1940,0.1249229,0.1247549,0.1081191,0.1280237,0.1564742,0.2210143,0.2244439,0.01851883,0.01821554,0.01818852,0.01864263,0.01985611,0.02152683,0.02319575,1
206183_1941,21,32,1941,0.1204571,0.1234825,0.1539359,0.1545128,0.1861079,0.2729448,0.3403729,0.0178696,0.01795724,0.01841034,0.01942442,0.02128475,0.02352958,0.0256512,1
206183_1942,22,32,1942,0.09639432,0.1036001,0.1314109,0.1318389,0.193536,0.2424929,0.3533098,0.01753028,0.017705,0.01821303,0.01926036,0.02114867,0.0234693,0.02562454,1
206183_1943,23,32,1943,0.1319644,0.1543431,0.1130202,0.1624395,0.1773503,0.2284271,0.2820772,0.01766913,0.01784945,0.0183619,0.01941686,0.02132243,0.02372357,0.02591101,1
206183_1944,24,32,1944,0.1427939,0.1452012,0.1743783,0.2167168,0.32407,0.4281382,0.5569733,0.01808045,0.01885526,0.02011909,0.02207771,0.02508559,0.02857159,0.03163959,1
206183_1945,25,32,1945,0.05668656,0.08559699,0.1113139,0.1576331,0.27458,0.4398542,0.5432062,0.01630959,0.0173762,0.01893015,0.02115155,0.02438822,0.02805856,0.03123599,1
206183_1946,26,32,1946,0.09393506,0.1247922,0.1471206,0.2654697,0.39716,0.5800018,0.7569089,0.01685393,0.01844936,0.02064162,0.02360426,0.02773953,0.0323491,0.03627321,1
206183_1947,27,32,1947,0.1142025,0.08779185,0.1622906,0.2497592,0.3001628,0.4439333,0.5881069,0.01685605,0.0180353,0.01973539,0.02215103,0.0256632,0.02975223,0.0332207,1
206183_1948,28,32,1948,0.1217391,0.1492445,0.209436,0.2697132,0.4292319,0.6073751,0.8086073,0.01766909,0.01925855,0.02147751,0.02451223,0.02878859,0.03370167,0.03782363,1
206183_1949,29,32,1949,0.1517966,0.2056653,0.2109602,0.3175166,0.5772536,0.7189363,0.8828582,0.01964024,0.0211782,0.0237489,0.02691852,0.03095078,0.03616795,0.04051225,1
206183_1950,30,32,1950,0.1296462,0.1581673,0.2055068,0.3133251,0.420899,0.6753397,0.8827699,0.01877049,0.02024259,0.0227352,0.02574884,0.02949981,0.03441542,0.03849777,1
206183_1951,31,32,1951,0.1693792,0.1662035,0.2482581,0.3666635,0.4972692,0.6595608,0.8227105,0.01991504,0.0212132,0.02360191,0.02648244,0.0300663,0.03493754,0.03899058,1
206183_1952,32,32,1952,0.152044,0.1866502,0.2185622,0.3315393,0.4502969,0.653297,0.9614493,0.01853605,0.02016347,0.02289882,0.02610622,0.02995611,0.03498869,0.03919732,1
206183_1953,33,32,1953,0.152818,0.1596224,0.2011781,0.2886856,0.3813559,0.5827239,0.8109469,0.01989817,0.02098955,0.02318113,0.02578989,0.02900496,0.03348231,0.03726673,1
206183_1954,34,32,1954,0.1010607,0.1564475,0.2167429,0.3207461,0.4419451,0.6034475,0.8243089,0.01918871,0.02044424,0.02280863,0.02558606,0.02895045,0.03348937,0.0373769,1
206183_1955,35,32,1955,0.1831825,0.1586311,0.2084752,0.2660817,0.3441963,0.4859731,0.5807272,0.01993427,0.02054243,0.02217106,0.02411507,0.02657071,0.03020358,0.03337271,1
206183_1956,36,32,1956,0.1470436,0.1841828,0.1778734,0.2172962,0.3604432,0.4310678,0.5444249,0.01976735,0.0201889,0.02157704,0.02322317,0.02533469,0.02857374,0.0314631,1
206183_1957,37,32,1957,0.1600605,0.1541097,0.1759795,0.1940279,0.2551327,0.32079,0.4760227,0.01972936,0.01990498,0.02095605,0.02217054,0.02378902,0.02651726,0.02902839,1
206183_1958,38,32,1958,0.1793903,0.1910382,0.1850602,0.2734477,0.2740296,0.2944872,0.3810394,0.02081566,0.02072595,0.02153755,0.02244925,0.0237272,0.0261734,0.02849656,1
206183_1959,39,32,1959,0.2302514,0.1698545,0.1747779,0.2004134,0.2875438,0.3124635,0.3498659,0.02065947,0.02045358,0.02113623,0.02187365,0.02293039,0.02511565,0.02725137,1
206183_1960,40,32,1960,0.2323281,0.2235183,0.2380304,0.2182079,0.2448075,0.2814025,0.4014327,0.0241033,0.02331151,0.02348306,0.02357377,0.02394327,0.02570987,0.02756955,1
206183_1961,41,32,1961,0.20292,0.1970612,0.2136052,0.1867654,0.1949024,0.1927054,0.2873775,0.02232251,0.02154963,0.02162965,0.02160634,0.02180928,0.02324375,0.02481506,1
206183_1962,42,32,1962,0.1900944,0.2101645,0.2013697,0.1873054,0.1833675,0.2424517,0.269806,0.02262742,0.02163482,0.02148477,0.02122169,0.02117745,0.02235086,0.02371785,1
206183_1963,43,32,1963,0.2840399,0.2005317,0.178109,0.171047,0.1750573,0.2169437,0.2134349,0.02342195,0.02215721,0.02166677,0.02100081,0.02051191,0.02127187,0.02230386,1
206183_1964,44,32,1964,0.3064312,0.2683134,0.2653051,0.1982509,0.1560052,0.1695177,0.2157583,0.02584505,0.02427385,0.02343141,0.0223212,0.02133479,0.02172216,0.02247962,1
206183_1965,45,32,1965,0.2592315,0.2372031,0.2019949,0.1544619,0.1397424,0.1418293,0.1855884,0.02433867,0.02266818,0.02166,0.02051648,0.01956745,0.01981627,0.02042402,1
206183_1966,46,32,1966,0.2338669,0.2002119,0.1931964,0.208336,0.1461043,0.1196132,0.1736426,0.02374533,0.02224955,0.02133278,0.02036649,0.01966906,0.02004724,0.02077825,1
206183_1967,47,32,1967,0.2391774,0.16781,0.1304525,0.1439816,0.1200011,0.1257207,0.1101519,0.02275499,0.02122242,0.0201824,0.01917422,0.0184714,0.0187191,0.0193124,1
206183_1968,48,32,1968,0.258149,0.1765,0.172163,0.1472779,0.1233855,0.1373489,0.1581489,0.02352114,0.02191734,0.02075158,0.01968068,0.01897518,0.01919576,0.01978714,1
206183_1969,49,32,1969,0.2789097,0.1930924,0.16754,0.1171083,0.1276584,0.1336405,0.1701715,0.02326231,0.02166691,0.02045959,0.01942847,0.01882651,0.0190729,0.01968665,1
206183_1970,50,32,1970,0.3010981,0.2080334,0.1983108,0.1339582,0.1502508,0.156833,0.1424556,0.02450943,0.02263453,0.02114768,0.01992168,0.0191914,0.01933092,0.01987074,1
206183_1971,51,32,1971,0.2397433,0.2108638,0.1716671,0.116972,0.09497155,0.143398,0.1810705,0.02366459,0.021855,0.0203998,0.01926432,0.01866262,0.01884573,0.01940865,1
206183_1972,52,32,1972,0.2195371,0.1666365,0.1517927,0.1151142,0.1410515,0.09149802,0.1526796,0.0224097,0.02087125,0.01961173,0.01867491,0.01827591,0.01856006,0.0191955,1
206183_1973,53,32,1973,0.04547763,-0.002809352,-0.02347736,-0.01628495,0.02021556,-0.01111049,-0.01103573,0.02316818,0.02152488,0.0200908,0.01903155,0.01854914,0.0187367,0.01929996,0
206183_1974,54,32,1974,0.02213372,0.007352874,0.02670784,-0.02847079,0.007709559,-0.004058382,0.007817507,0.02159569,0.02012349,0.01888679,0.01804296,0.01778622,0.01811713,0.01877765,0
206183_1975,55,32,1975,0.005874202,0.02432219,0.01391263,-0.007695112,-0.01585931,0.001882983,0.00836274,0.02331596,0.02159534,0.02010016,0.01899049,0.01845985,0.01861042,0.01914136,0
206183_1976,56,32,1976,0.04171767,-0.01923493,-0.003220181,-0.004722017,-0.01949515,-0.00219822,0.01375802,0.02253474,0.02089932,0.01948603,0.01844954,0.01797753,0.01815212,0.01868823,0
206183_1977,57,32,1977,0.003723809,-0.01363533,0.004337188,0.01445196,-0.001210913,0.001899322,0.01270746,0.02154265,0.0200569,0.01876775,0.01782625,0.01741707,0.01761013,0.01814311,0
206183_1978,58,32,1978,0.01203669,-0.02645282,-0.02173642,0.01397229,0.00060226,-0.02137879,-0.01941293,0.02134758,0.0199167,0.0187311,0.01794863,0.01776468,0.0181488,0.01885351,0
206183_1979,59,32,1979,0.002295226,-0.008483268,-0.02817198,-0.0021194,0.00954481,-0.008455645,-0.01797786,0.02185209,0.02027871,0.01894421,0.01799856,0.01762468,0.01786232,0.01844096,0
206183_1980,0,33,1980,-0.002714472,0.02434403,-0.02319952,0.005379768,0.04285566,0.0008624447,0.049799,0.02121041,0.01977686,0.01853799,0.01764458,0.01728188,0.01750379,0.01805689,0
206183_1981,1,33,1981,-0.0001357918,0.01652292,-0.005154012,-0.005053272,-0.01432203,0.00211034,-0.01587512,0.02190339,0.0203339,0.01899514,0.01803803,0.01764656,0.01787013,0.01843747,0
206183_1982,2,33,1982,0.001560424,0.01424977,0.02572709,0.02226793,-0.003030232,-0.01019587,0.007947116,0.01990381,0.01869032,0.01771428,0.01712887,0.01712556,0.01761278,0.01838076,0
206183_1983,3,33,1983,-0.02489979,0.0155015,0.03573674,0.01181956,0.02859035,-0.005560657,-0.02457976,0.02050095,0.01917648,0.0180635,0.01731343,0.01711423,0.0174547,0.01810168,0
206183_1984,4,33,1984,0.01953601,0.00103555,-0.01942859,0.00745306,-0.01245204,-0.0009481213,0.01083552,0.02124995,0.01981229,0.01863709,0.01787992,0.01773311,0.01814626,0.01887353,0
206183_1985,5,33,1985,-0.003004929,0.04163923,0.02871996,-0.0137316,-0.005929076,0.002013181,0.01647528,0.02143019,0.01991362,0.01859959,0.01763324,0.01719078,0.01735186,0.01785055,0
206183_1986,6,33,1986,-0.009724296,0.02876951,0.006549368,0.006677179,-0.02493061,0.008438875,0.02581434,0.02092806,0.01949787,0.01827513,0.01740638,0.01707139,0.01730991,0.01786975,0
206183_1987,7,33,1987,0.0126516,0.01470058,0.01654528,0.01906247,0.008093617,-0.02942264,0.008595468,0.02206587,0.02052919,0.01922773,0.01832052,0.01800309,0.01829873,0.01893628,0
206183_1988,8,33,1988,0.188549,0.1156166,0.1232669,0.1014761,0.08067472,0.1044509,0.1308874,0.02143128,0.01989612,0.018589,0.01765506,0.01727105,0.01748764,0.01803468,1
206183_1989,9,33,1989,0.2169097,0.1659432,0.1301619,0.1067232,0.1081095,0.1032059,0.0947525,0.02188177,0.02029009,0.01890633,0.01787555,0.01737264,0.0175006,0.01797404,1
206183_1990,10,33,1990,0.1939298,0.1555681,0.1212431,0.1073422,0.1140491,0.1059697,0.128254,0.02105711,0.01961192,0.01837389,0.01749029,0.01714163,0.01737854,0.01793463,1
206183_1991,11,33,1991,0.2454019,0.1777601,0.1587598,0.1070069,0.1781238,0.1238369,0.1661013,0.02179379,0.0204063,0.01923689,0.01845642,0.01827848,0.0186937,0.0194319,1
206183_1992,12,33,1992,0.1555728,0.1191113,0.105306,0.1179507,0.1281159,0.1405333,0.1667885,0.02027193,0.01900275,0.01797629,0.01734708,0.01730779,0.01779309,0.01855382,1
206183_1993,13,33,1993,0.175285,0.1275368,0.1485486,0.1457614,0.1181505,0.1493468,0.1472844,0.02098517,0.01963834,0.01848317,0.01767674,0.01741428,0.01773773,0.01836265,1
206183_1994,14,33,1994,0.1441831,0.1682971,0.1204855,0.1026828,0.1007871,0.132488,0.1189813,0.02067125,0.01942718,0.01839471,0.01773853,0.01766565,0.01815237,0.01891394,1
206183_1995,15,33,1995,0.1223881,0.1054148,0.09066493,0.09194019,0.1021384,0.1343968,0.1263233,0.01908211,0.01821095,0.01751386,0.01716363,0.01738436,0.01807687,0.0189911,1
206183_1996,16,33,1996,0.163898,0.1522783,0.1430534,0.1418565,0.1208954,0.1305439,0.1872891,0.02058366,0.01954293,0.01870607,0.01825859,0.018439,0.01917012,0.02013541,1
206183_1997,17,33,1997,0.1497332,0.1482086,0.1108485,0.1175186,0.1228332,0.133089,0.1492109,0.01987513,0.01885366,0.01804182,0.01761309,0.01778926,0.01850724,0.01942794,1
206183_1998,18,33,1998,0.2164657,0.1308368,0.1341597,0.09175414,0.1763031,0.1803627,0.1862001,0.02034305,0.01961301,0.01913742,0.01912637,0.01985546,0.02109746,0.02248374,1
206183_1999,19,33,1999,0.1594047,0.133436,0.1345833,0.1526719,0.1503016,0.1702703,0.1429736,0.01897121,0.0183241,0.01792033,0.01794997,0.01866219,0.01985899,0.02115374,1
206183_2000,20,33,2000,0.1243798,0.1104088,0.1335893,0.1413257,0.159328,0.199335,0.2348431,0.01905477,0.01864748,0.01856995,0.01901962,0.02026163,0.02194892,0.02364609,1
206183_2001,21,33,2001,0.1123794,0.0891391,0.13002,0.1000007,0.1653655,0.1813637,0.2486426,0.01763827,0.01746443,0.01758481,0.01819049,0.01954526,0.02131295,0.02303539,1
206183_2002,22,33,2002,0.1832129,0.1421867,0.1718504,0.1533447,0.1637044,0.20927,0.2592543,0.0194122,0.01908762,0.01904096,0.01949467,0.02075144,0.0225757,0.02434404,1
206183_2003,23,33,2003,0.1310202,0.08659773,0.1226176,0.1392003,0.1967931,0.2308977,0.3140091,0.01730178,0.01749783,0.01803534,0.01911299,0.02102448,0.02336965,0.02552612,1
206183_2004,24,33,2004,0.09074286,0.1387332,0.1536666,0.1539555,0.2146341,0.3005898,0.3972013,0.01810438,0.01836294,0.01899734,0.02022061,0.02235136,0.02499332,0.02737536,1
206183_2005,25,33,2005,0.1186611,0.1180788,0.1671685,0.2152721,0.3230401,0.3913613,0.5055625,0.01853103,0.01911314,0.02016445,0.02189651,0.02465537,0.0279473,0.03084154,1
206183_2006,26,33,2006,0.08918762,0.09806498,0.1387278,0.197033,0.2869876,0.3636436,0.4150361,0.01728676,0.01795879,0.01906363,0.02080332,0.0235155,0.02675634,0.02957258,1
206183_2007,27,33,2007,0.04916466,0.1021729,0.163851,0.1977654,0.3241814,0.407972,0.5566879,0.01644012,0.01761284,0.01929866,0.02167516,0.02510161,0.02901001,0.03235475,1
206183_2008,28,33,2008,0.1596514,0.1114584,0.1988583,0.2632459,0.3632715,0.4964762,0.7082254,0.01762242,0.01885699,0.02065357,0.02320246,0.02689216,0.03116221,0.03478667,1
206183_2009,29,33,2009,0.1483835,0.1468037,0.2097243,0.3408181,0.4100419,0.6446281,0.8356462,0.01868524,0.02011014,0.02247253,0.02540063,0.02914238,0.03387953,0.03786156,1
206183_2010,30,33,2010,0.1454164,0.2159457,0.2616525,0.4147751,0.5096262,0.7620933,0.9277575,0.01946051,0.02100826,0.02362707,0.02678863,0.03071534,0.03578542,0.0400364,1
206183_2011,31,33,2011,0.1419748,0.2075176,0.2493513,0.3359282,0.4845753,0.6751821,0.8259608,0.02021368,0.02134684,0.02358205,0.02627046,0.0296066,0.03419719,0.03804949,1
206183_2012,32,33,2012,0.1730913,0.1602274,0.2330981,0.3125031,0.4446513,0.5253912,0.6856532,0.0202613,0.02124631,0.02335266,0.02585116,0.02892729,0.03330665,0.03701319,1
206183_2013,33,33,2013,0.173161,0.2392031,0.2786401,0.3647541,0.4148988,0.6162972,0.7613233,0.02107977,0.02188162,0.02385463,0.02616931,0.02901684,0.03324808,0.03686778,1
206183_2014,34,33,2014,0.1524902,0.1817027,0.2143681,0.286765,0.3988232,0.4882087,0.5938615,0.02065682,0.02116934,0.02280513,0.02471361,0.02706821,0.03073162,0.03390045,1
206183_2015,35,33,2015,0.1587995,0.1825166,0.2411677,0.2411386,0.3769773,0.4777185,0.6102932,0.02066412,0.02111126,0.02265446,0.02443363,0.02664264,0.03013765,0.03322098,1
206183_2016,36,33,2016,0.1749624,0.2340479,0.2178836,0.2591206,0.3252205,0.4681268,0.4965678,0.02136762,0.02158984,0.02291149,0.02443778,0.02638153,0.02961271,0.03252194,1
206183_2017,37,33,2017,0.2081687,0.1327846,0.2033158,0.2201859,0.2522039,0.3762398,0.4122885,0.02133677,0.02109335,0.02180741,0.02263502,0.02383058,0.02626766,0.02854487,1
206183_2018,38,33,2018,0.1601686,0.1672437,0.2009745,0.2075457,0.2323673,0.3030648,0.3816168,0.021073,0.02078388,0.02145158,0.02225245,0.02342284,0.02573802,0.0279428,1
206183_2019,39,33,2019,0.200115,0.1852099,0.2136191,0.1966175,0.1938043,0.3137715,0.3334904,0.02192925,0.02137672,0.02165538,0.02195246,0.0225799,0.02440718,0.02625545,1
206183_2020,40,33,2020,0.1580531,0.16553,0.1488144,0.1924286,0.1656629,0.198261,0.2869059,0.02139928,0.0207176,0.02076432,0.02078914,0.02110557,0.02254053,0.02407122,1
206183_2021,41,33,2021,0.2698038,0.2121533,0.2095367,0.221793,0.1992088,0.259295,0.2855592,0.0232513,0.02229468,0.02216098,0.02205433,0.02230527,0.02373662,0.02531837,1
206183_2022,42,33,2022,0.2175474,0.1618158,0.1872879,0.1913603,0.2036189,0.1648907,0.2690132,0.02249445,0.02149221,0.02122102,0.02097777,0.02108009,0.02226127,0.02363397,1
206183_2023,43,33,2023,0.2126175,0.2301976,0.1934654,0.1509472,0.1277966,0.1822246,0.1790741,0.02228304,0.02114713,0.02061685,0.02006549,0.01980922,0.02059071,0.02162318,1
206183_2024,44,33,2024,0.1993742,0.1906839,0.180356,0.1493193,0.1742265,0.1502886,0.1697289,0.02264879,0.02137551,0.02065884,0.01993938,0.01952678,0.0201263,0.0210159,1
206183_2025,45,33,2025,0.2357977,0.1996178,0.206729,0.1088751,0.1523801,0.1619826,0.1682109,0.02298427,0.02153363,0.02059161,0.01967814,0.01908501,0.01947695,0.02019289,1
206183_2026,46,33,2026,0.2185495,0.1656364,0.159477,0.1457221,0.1095146,0.1458775,0.1788773,0.02169869,0.02049898,0.01977987,0.01920764,0.01905802,0.01972875,0.02068589,1
206183_2027,47,33,2027,0.2810368,0.2057423,0.235627,0.2094449,0.1362028,0.1640484,0.1539661,0.02362337,0.02213802,0.02101958,0.019982,0.01930496,0.01953833,0.02014192,1
206183_2028,48,33,2028,0.1982239,0.1782051,0.1255909,0.100653,0.1621848,0.1103679,0.1086797,0.02091595,0.01965078,0.01873323,0.01801785,0.01773911,0.01816334,0.01888813,1
206183_2029,49,33,2029,0.1719005,0.1830156,0.1461266,0.1508768,0.1341381,0.1268584,0.1307715,0.02115913,0.01987418,0.01890175,0.01817315,0.01792023,0.01834104,0.01907256,1
206183_2030,50,33,2030,0.1700365,0.1642577,0.1524209,0.1215504,0.1082974,0.1260817,0.1214908,0.021277,0.01988594,0.01874245,0.0178304,0.0173577,0.01755647,0.01808565,1
206183_2031,51,33,2031,0.2620096,0.2178501,0.1335378,0.1571426,0.1031087,0.1315853,0.1221722,0.02241865,0.02086161,0.01959205,0.01864755,0.01824138,0.0185235,0.01915497,1
206183_2032,52,33,2032,0.1394539,0.1749396,0.1311829,0.07331014,0.0691357,0.1683895,0.105847,0.02084227,0.01947436,0.0183719,0.01761373,0.01739776,0.0177686,0.01844803,1
206183_2033,53,33,2033,0.03340197,0.04291812,-0.006417977,0.02460072,0.01531506,-0.001516273,-0.004102822,0.02551982,0.02352232,0.02171674,0.02026555,0.01935675,0.01924165,0.01956791,0
206183_2034,54,33,2034,-0.02840721,0.01650476,0.01365096,-0.01960146,-0.008216493,-0.01993609,-0.01144514,0.02245129,0.02080134,0.019351,0.01824833,0.01767074,0.01774777,0.01818961,0
206183_2035,55,33,2035,0.02213836,0.007119028,-0.02875328,-0.001166137,-0.01668109,0.0112001,-0.01436615,0.01929479,0.0181397,0.01720754,0.01664534,0.01663699,0.01709903,0.01782987,0
206183_2036,56,33,2036,0.0009341872,-0.006332218,-0.006393827,-0.002326282,0.0002838596,0.0003005051,-0.02073102,0.02195785,0.02042582,0.01913336,0.01823815,0.017934,0.01823602,0.01887801,0
206183_2037,57,33,2037,0.0121162,-0.02118197,-0.003394183,0.01220128,-0.01851326,0.01307108,-0.0004316635,0.02071091,0.01932866,0.01815151,0.01732748,0.01703903,0.01730933,0.01789538,0
206183_2038,58,33,2038,0.005057775,0.01750891,0.03062674,0.001886376,0.003810736,0.02980476,0.0230497,0.02007529,0.01875824,0.01763635,0.01685185,0.01658022,0.01684245,0.01740683,0
206183_2039,59,33,2039,0.07677958,-0.03422666,0.02442796,0.001246624,0.0300373,-0.005311091,0.01443212,0.0210723,0.01967665,0.01852194,0.01776435,0.01759746,0.0179864,0.01868961,0
206183_2040,0,34,2040,-0.01637848,0.05800309,0.02746894,0.02660728,0.02640229,0.01758417,-0.03143991,0.02171899,0.02024677,0.01899216,0.01811378,0.0178073,0.01809733,0.01872504,0
206183_2041,1,34,2041,0.02550597,0.02901942,-0.009250778,0.01512263,-0.007721821,-0.01416328,0.00181906,0.02163279,0.02009542,0.01884197,0.01802452,0.01782995,0.01821581,0.01892421,0
206183_2042,2,34,2042,0.02600887,0.001367565,-0.00732503,-0.03974296,0.00889051,0.01820969,-0.0007320542,0.02122754,0.01977516,0.01854508,0.0176885,0.01739146,0.0176731,0.01828047,0
206183_2043,3,34,2043,0.003157667,0.008207431,-0.03847077,-0.0002465986,0.002173993,0.002650078,0.009977832,0.02120707,0.01985862,0.0186953,0.01787795,0.01760687,0.01790787,0.01853733,0
206183_2044,4,34,2044,-0.02324931,0.02951783,-0.007558332,-0.01623499,0.02590087,0.008875547,-0.01623602,0.02023314,0.01894942,0.01784714,0.01707486,0.01681707,0.01709601,0.01768145,0
206183_2045,5,34,2045,-0.003874869,-0.003553973,0.00316779,0.04012389,0.01076263,0.01547289,-0.01155415,0.02201734,0.02043597,0.01911396,0.01820516,0.01789796,0.01820063,0.01884219,0
206183_2046,6,34,2046,0.01330603,-0.010762,0.008580946,-0.006384609,-0.01595697,-0.02409183,0.007146698,0.01984876,0.01863662,0.01766793,0.01709492,0.01710768,0.01760738,0.01838414,0
206183_2047,7,34,2047,-0.04231483,0.003944216,-0.02549342,0.008386166,0.02017023,-0.004697618,-0.0009995928,0.02149361,0.02001133,0.01877796,0.01794823,0.01771279,0.01805957,0.01873059,0
206183_2048,8,34,2048,0.155525,0.1265787,0.1571537,0.09863196,0.1019319,0.0968109,0.1358878,0.0208628,0.01945268,0.01824994,0.01740236,0.0170917,0.01735045,0.01792679,1
206183_2049,9,34,2049,0.2046568,0.1478907,0.1307442,0.1078219,0.135273,0.1007684,0.1179859,0.02072858,0.0194334,0.01829831,0.0174783,0.0171663,0.01741681,0.01798589,1
206183_2050,10,34,2050,0.1802862,0.1405439,0.09671327,0.09280711,0.09175547,0.1041783,0.1032746,0.02056585,0.019164,0.01794139,0.01703768,0.01662305,0.01678162,0.01725517,1
206183_2051,11,34,2051,0.2560289,0.1497706,0.1575481,0.1146915,0.0974214,0.132071,0.1159259,0.02204367,0.02053026,0.01922512,0.01828744,0.01791281,0.01816359,0.018754,1
206183_2052,12,34,2052,0.1768356,0.1375069,0.1226864,0.09066551,0.1161104,0.1272972,0.1610211,0.02094667,0.01967209,0.01854919,0.01773908,0.01744348,0.01772444,0.0183202,1
206183_2053,13,34,2053,0.155737,0.1416835,0.1233919,0.09509511,0.09552181,0.1061382,0.1472322,0.01998559,0.01889019,0.0179983,0.01747742,0.0175403,0.01810629,0.01893863,1
206183_2054,14,34,2054,0.1431649,0.1584831,0.128373,0.07375025,0.1271134,0.1539395,0.1224083,0.0203663,0.01926641,0.0183422,0.01776684,0.01776161,0.01829049,0.01909342,1
206183_2055,15,34,2055,0.193371,0.1532836,0.1865798,0.1764301,0.1582812,0.1517024,0.1948325,0.02179718,0.02048736,0.01945233,0.01887381,0.01898028,0.01966968,0.02063244,1
206183_2056,16,34,2056,0.1817444,0.1356638,0.1101457,0.1398372,0.142659,0.1397126,0.1407227,0.02024165,0.01931829,0.01862207,0.01834393,0.01873059,0.01961685,0.0207233,1
206183_2057,17,34,2057,0.1370175,0.1345517,0.09050149,0.1016574,0.1265602,0.1535603,0.1485782,0.01984387,0.0189358,0.01822258,0.01788876,0.01817363,0.0189754,0.01998442,1
206183_2058,18,34,2058,0.1856399,0.1509928,0.1082985,0.1298943,0.1255739,0.167317,0.1961482,0.01989495,0.01919962,0.01872474,0.01867636,0.01932646,0.02046897,0.02177315,1
206183_2059,19,34,2059,0.1224773,0.1220869,0.1372283,0.1235874,0.137054,0.1198105,0.1940375,0.01935675,0.01871995,0.01831667,0.01834667,0.01907342,0.02028462,0.02161667,1
206183_2060,20,34,2060,0.162237,0.165794,0.1665359,0.1359851,0.1904166,0.1997137,0.2560695,0.02092175,0.02020874,0.0197736,0.01983795,0.0206933,0.02211644,0.02363721,1
206183_2061,21,34,2061,0.1558761,0.1081643,0.1445131,0.1198988,0.1558104,0.209039,0.2418548,0.01955948,0.01910651,0.0189529,0.01931032,0.02046193,0.0221162,0.02378835,1
206183_2062,22,34,2062,0.1153081,0.1337837,0.1238334,0.1345082,0.1425064,0.1585139,0.2078517,0.01873619,0.01838287,0.01827839,0.01863241,0.01972901,0.02134374,0.02294579,1
206183_2063,23,34,2063,0.1212168,0.1247572,0.1616822,0.1587081,0.2250741,0.2548006,0.2835957,0.01867421,0.01862003,0.01890421,0.0197409,0.02143199,0.02360843,0.02566221,1
206183_2064,24,34,2064,0.07664255,0.1169975,0.1313475,0.1340445,0.1920059,0.2448338,0.3332512,0.01710262,0.0172937,0.01782734,0.0188957,0.02078383,0.02309883,0.02522115,1
206183_2065,25,34,2065,0.1026467,0.1153425,0.1365003,0.1599099,0.2109689,0.2818298,0.3024654,0.0177423,0.01791857,0.01845242,0.01954627,0.02149931,0.02395329,0.02616918,1
206183_2066,26,34,2066,0.1154542,0.1269027,0.1359233,0.1975547,0.2424519,0.3752936,0.4935181,0.01793555,0.0185327,0.01956785,0.02125316,0.02393327,0.02711726,0.02993221,1
206183_2067,27,34,2067,0.1251388,0.1139795,0.1647877,0.2427028,0.228813,0.4096865,0.509473,0.01780077,0.01858717,0.01984452,0.02178247,0.02476061,0.02825905,0.03131338,1
206183_2068,28,34,2068,0.1404266,0.1427144,0.1681205,0.2521038,0.3449444,0.4622999,0.6261505,0.01764091,0.0187335,0.02036399,0.02272208,0.02617872,0.03014148,0.03355595,1
206183_2069,29,34,2069,0.1142916,0.1343132,0.1649834,0.2041203,0.282198,0.4346265,0.5747257,0.01839118,0.01913851,0.02061467,0.02260779,0.02537276,0.02896746,0.03204606,1
206183_2070,30,34,2070,0.1695818,0.1781187,0.2319171,0.3106398,0.3608342,0.546287,0.664513,0.02017903,0.02094805,0.0226227,0.0248133,0.02776535,0.03174786,0.03514219,1
206183_2071,31,34,2071,0.2093611,0.2279922,0.2060161,0.2895008,0.3641682,0.4944955,0.6268992,0.02143075,0.02171879,0.02295188,0.02459864,0.0269084,0.03044005,0.03347308,1
206183_2072,32,34,2072,0.1955473,0.1863793,0.2077335,0.2242937,0.3590124,0.4735473,0.6690642,0.02012599,0.0207098,0.0223039,0.02425635,0.02676199,0.03044415,0.03360945,1
206183_2073,33,34,2073,0.1893787,0.1621259,0.2137796,0.23977,0.2500312,0.4377147,0.566977,0.01965222,0.02006749,0.02150698,0.02322105,0.02536848,0.02868175,0.0315487,1
206183_2074,34,34,2074,0.1720874,0.2201069,0.2817828,0.3423204,0.3832458,0.5354774,0.6382967,0.02185425,0.02212034,0.02359632,0.02531587,0.02745056,0.03095222,0.03402046,1
206183_2075,35,34,2075,0.2138271,0.2832886,0.2347318,0.2818971,0.3408056,0.4362406,0.5791175,0.0226714,0.02255766,0.02362156,0.02483115,0.02641361,0.02944627,0.03217712,1
206183_2076,36,34,2076,0.2103711,0.1969056,0.2221856,0.2605452,0.2533189,0.3780541,0.4391214,0.02141927,0.02128944,0.02227447,0.02337984,0.02480625,0.02753634,0.0300344,1
206183_2077,37,34,2077,0.1815172,0.1914961,0.2211043,0.2542812,0.2275484,0.3077039,0.4272473,0.0215053,0.02106789,0.02164031,0.02226252,0.02318067,0.02537897,0.02746779,1
206183_2078,38,34,2078,0.2352105,0.2936922,0.2488977,0.3035723,0.2106252,0.3163447,0.4082193,0.02451833,0.02364366,0.02391141,0.02422945,0.02489905,0.02702117,0.02911613,1
206183_2079,39,34,2079,0.2658952,0.2404401,0.22951,0.2598542,0.2555757,0.2741842,0.3235816,0.0243869,0.02330371,0.02322993,0.02316705,0.02344454,0.02510787,0.02684577,1
206183_2080,40,34,2080,0.2573272,0.2055321,0.1872537,0.2221707,0.1778515,0.2289182,0.3775364,0.02233571,0.02164426,0.021814,0.02203555,0.02261399,0.02433746,0.02614174,1
206183_2081,41,34,2081,0.1659892,0.1869573,0.1906999,0.148167,0.1704992,0.2224577,0.2026602,0.02137677,0.02048789,0.02031301,0.02018566,0.02039722,0.02163014,0.02300817,1
206183_2082,42,34,2082,0.2490762,0.2325957,0.1793881,0.1888163,0.2142662,0.2150006,0.2278616,0.02394676,0.02261213,0.02194181,0.02126566,0.02092305,0.02173715,0.02281181,1
206183_2083,43,34,2083,0.1934091,0.1720336,0.1509024,0.1360977,0.1836199,0.173448,0.1936714,0.02141185,0.02033488,0.01984242,0.01946132,0.0194736,0.02038359,0.0215136,1
206183_2084,44,34,2084,0.2337886,0.2085993,0.2028037,0.1863593,0.1600019,0.158958,0.2035286,0.02305475,0.02177202,0.02102071,0.02038214,0.02016313,0.02089433,0.02191448,1
206183_2085,45,34,2085,0.2756871,0.2027226,0.1542271,0.1839618,0.1671163,0.1675146,0.1666955,0.02301966,0.02169406,0.02083843,0.02013742,0.01988573,0.02052419,0.02147204,1
206183_2086,46,34,2086,0.2572526,0.2150351,0.1851245,0.1559325,0.129472,0.1293421,0.1850425,0.02332245,0.02181065,0.0206598,0.01962907,0.01898406,0.01922452,0.0198193,1
206183_2087,47,34,2087,0.2031527,0.1489026,0.1766482,0.1512526,0.1672916,0.1753397,0.1935913,0.02134606,0.02014609,0.01929945,0.01869274,0.0185791,0.01916372,0.02004335,1
206183_2088,48,34,2088,0.2006095,0.1611074,0.1384303,0.172643,0.1571762,0.1694029,0.1458517,0.02211925,0.02076191,0.01975422,0.01904379,0.01887758,0.01941262,0.02026595,1
206183_2089,49,34,2089,0.1879086,0.1911017,0.1274225,0.08367333,0.1342824,0.1711325,0.1890523,0.02112149,0.0198113,0.01882628,0.01817302,0.01807322,0.01859524,0.01941542,1
206183_2090,50,34,2090,0.1467602,0.1691896,0.1511104,0.09391233,0.1590115,0.1200255,0.1130276,0.0206793,0.0194082,0.01840222,0.0177124,0.01755021,0.01797887,0.01870803,1
206183_2091,51,34,2091,0.2063622,0.1342037,0.1495953,0.1305793,0.1057416,0.1645084,0.1333225,0.02142831,0.01997669,0.01880249,0.01798423,0.01772273,0.01807782,0.01875372,1
206183_2092,52,34,2092,0.1406887,0.1373264,0.1245075,0.1027405,0.1131171,0.1411295,0.1182242,0.02038044,0.01910557,0.01805172,0.01732485,0.01712146,0.01747497,0.01813084,1
206183_2093,53,34,2093,-0.008773268,0.02954738,-0.02488104,-0.009028499,0.01277262,0.02378177,0.005493226,0.02256176,0.02098021,0.0196741,0.01880961,0.01859167,0.01899177,0.01973556,0
206183_2094,54,34,2094,0.0006152711,0.006026411,-0.01168113,0.0002873208,0.0349816,-0.01125467,-0.003403446,0.02118137,0.01977092,0.01860485,0.01783999,0.01767058,0.01806237,0.0187695,0
206183_2095,55,34,2095,0.01802325,-0.01789041,-0.00243713,0.03925256,0.006400205,0.02409627,-0.06330643,0.02072777,0.01943945,0.01834139,0.0175926,0.01739186,0.01773816,0.01839833,0
206183_2096,56,34,2096,0.02007299,0.002723546,0.00360761,-0.005415963,0.0126681,-0.005130582,0.008133974,0.01958391,0.01841504,0.01749256,0.01696797,0.01703076,0.0175626,0.01836323,0
206183_2097,57,34,2097,0.01844843,0.03411761,-0.008339643,-0.03394684,0.01862576,-0.006837219,-0.02197331,0.02139778,0.0200259,0.01885943,0.01806205,0.01783771,0.01818717,0.01886501,0
206183_2098,58,34,2098,0.007997093,0.01611495,-0.007962852,-0.01735664,0.001942442,-0.01392042,0.01663545,0.02075858,0.0194656,0.01837211,0.01763791,0.01746281,0.01783225,0.01851456,0
206183_2099,59,34,2099,0.01697371,0.02653934,0.01600084,0.02472869,-0.001737611,0.02296642,-0.004911146,0.02065263,0.01933385,0.01820983,0.0174346,0.01719964,0.01751343,0.01814083,0
206183_2100,0,35,2100,0.01085028,-0.01749031,-0.0234959,0.03074937,0.01203611,0.001521551,-0.01056337,0.02145099,0.01989356,0.0185707,0.01762553,0.01723195,0.01743835,0.01797821,0
206183_2101,1,35,2101,0.01061782,0.007798438,-0.01807022,0.001101821,0.01813836,-0.006763326,0.04600067,0.02056566,0.01920766,0.0180302,0.01717899,0.01683338,0.01704689,0.01757809,0
206183_2102,2,35,2102,-0.03830251,0.02195817,-0.01518302,0.01831383,0.02146254,0.01146537,0.02292888,0.02241721,0.02067344,0.01912961,0.01791926,0.01719758,0.01714366,0.01745909,0
206183_2103,3,35,2103,0.01344415,-0.0007651855,-0.007181313,1.588982e-05,-0.03071223,-0.01402294,0.00933024,0.02171799,0.02012318,0.01878835,0.01785925,0.01751335,0.0177719,0.01836478,0
206183_2104,4,35,2104,0.02738212,0.02335196,0.01346671,0.001294457,-0.005682192,-0.008599569,0.02265886,0.02079693,0.01942393,0.01829165,0.01755324,0.01739847,0.01778841,0.01848569,0
206183_2105,5,35,2105,-0.02237265,-0.003639145,0.003253979,0.0188282,0.01871755,0.02631467,-0.007611267,0.02495941,0.02297914,0.0212337,0.01988293,0.01911492,0.01911235,0.01953374,0
206183_2106,6,35,2106,-0.005148012,0.03487502,-0.004151798,-0.01722206,0.004378261,0.007947471,-0.03751965,0.02233756,0.02064255,0.01917592,0.01808047,0.01752695,0.01762417,0.01808059,0
206183_2107,7,35,2107,0.02177012,0.01706189,-0.00234074,-0.01868666,-0.01430358,0.009687939,-0.008400898,0.02248363,0.02085769,0.01940681,0.01827957,0.01765328,0.01768502,0.01808563,0
206183_2108,8,35,2108,0.0232033,-0.009158996,-0.004611505,0.02139389,0.01200794,-0.0002021915,-0.01015762,0.02233684,0.02084679,0.01953547,0.01856788,0.01814734,0.01835788,0.01892631,0
206183_2109,9,35,2109,0.1874595,0.1946006,0.148557,0.1293995,0.1138529,0.1515359,0.1370218,0.02182413,0.02046107,0.01928552,0.01846943,0.01822815,0.01857981,0.01926906,1
206183_2110,10,35,2110,0.1800304,0.1380651,0.1365691,0.09134628,0.1162422,0.1484465,0.09572137,0.02041463,0.01907581,0.01799226,0.01731354,0.01722499,0.01766292,0.01839003,1
206183_2111,11,35,2111,0.2180989,0.1581105,0.1388333,0.113911,0.08202662,0.08490823,0.1188906,0.02186634,0.0203831,0.01908529,0.0181298,0.01770906,0.01790951,0.01845146,1
206183_2112,12,35,2112,0.2122942,0.211042,0.1051931,0.1208222,0.1234091,0.1335331,0.1325582,0.0223779,0.02081897,0.01949772,0.01857708,0.01825756,0.01857223,0.01922615,1
206183_2113,13,35,2113,0.2608675,0.2180767,0.128967,0.1454217,0.1299198,0.1176183,0.1125003,0.02340455,0.02170671,0.02021795,0.01910137,0.01855445,0.01870859,0.01923126,1
206183_2114,14,35,2114,0.1858289,0.1461752,0.1297578,0.105371,0.1116098,0.1038271,0.1273443,0.02144861,0.02000711,0.01879364,0.01796588,0.01771875,0.01807448,0.01873624,1
206183_2115,15,35,2115,0.194716,0.1267097,0.1319946,0.1130339,0.1540783,0.1150438,0.1420246,0.02040574,0.01932727,0.01846747,0.01800456,0.01816591,0.01884436,0.01977913,1
206183_2116,16,35,2116,0.2233174,0.2533706,0.1905645,0.1601069,0.1526581,0.1726987,0.1659099,0.02355642,0.02209123,0.02083779,0.01999304,0.0198053,0.02031182,0.02114515,1
206183_2117,17,35,2117,0.159911,0.164551,0.150901,0.1373909,0.1109159,0.2040713,0.1738214,0.0204388,0.01945737,0.01866916,0.01826281,0.01848241,0.01924009,0.02023044,1
206183_2118,18,35,2118,0.1689327,0.128376,0.1365647,0.1406964,0.1573181,0.1623639,0.1687752,0.01967172,0.01889497,0.01835022,0.0182309,0.01878914,0.01982533,0.02103672,1
206183_2119,19,35,2119,0.143141,0.1565639,0.09073393,0.1238445,0.1341437,0.1661463,0.2007797,0.01920492,0.01849896,0.01802597,0.01797634,0.01859906,0.01969349,0.02093028,1
206183_2120,20,35,2120,0.1791538,0.126497,0.1280961,0.1280853,0.1619375,0.2004525,0.2278557,0.01939874,0.0188317,0.01849269,0.01858891,0.01939621,0.020689,0.02209202,1
206183_2121,21,35,2121,0.1379145,0.1519488,0.1394626,0.1160823,0.1677968,0.1579736,0.1942225,0.01976045,0.01902668,0.01849615,0.01836906,0.01890923,0.02001423,0.02123113,1
206183_2122,22,35,2122,0.1535975,0.1416596,0.1279026,0.1353832,0.1390581,0.2352245,0.2592959,0.01859668,0.01827527,0.01825272,0.01872969,0.01997802,0.02167477,0.02336561,1
206183_2123,23,35,2123,0.1656239,0.1147691,0.1305816,0.1218205,0.1823151,0.2453869,0.311865,0.0192945,0.01908545,0.01917873,0.0197994,0.02125749,0.02322019,0.02513355,1
206183_2124,24,35,2124,0.1051792,0.1094623,0.09017131,0.1035856,0.1680164,0.2253216,0.2513738,0.01745061,0.01747594,0.01782439,0.01869019,0.02035134,0.02243204,0.02438934,1
206183_2125,25,35,2125,0.1233,0.1441569,0.1358879,0.181095,0.1421688,0.2518798,0.3040342,0.01726787,0.01750026,0.01810675,0.01927409,0.02128551,0.02370178,0.02591521,1
206183_2126,26,35,2126,0.1110784,0.1255941,0.1650569,0.1428809,0.1760319,0.2327494,0.3317484,0.01761747,0.0178527,0.01846442,0.01964878,0.02170173,0.02421585,0.02649297,1
206183_2127,27,35,2127,0.1258402,0.09388858,0.1049543,0.1357546,0.1888583,0.2458103,0.3603365,0.01728421,0.01759547,0.01828236,0.01953816,0.02166033,0.02425448,0.02657608,1
206183_2128,28,35,2128,0.09336751,0.08078363,0.1650078,0.1202106,0.2289894,0.2858761,0.3967447,0.01716692,0.01767747,0.01862544,0.02018284,0.02264284,0.02555064,0.02810762,1
206183_2129,29,35,2129,0.1628644,0.147928,0.1674383,0.1889612,0.2670591,0.3232088,0.395767,0.02007114,0.02008117,0.02062065,0.02164806,0.02347617,0.02615423,0.02854106,1
206183_2130,30,35,2130,0.1505751,0.1363222,0.1813502,0.2360696,0.3052139,0.3304532,0.5038773,0.0192633,0.0196451,0.02070657,0.02227313,0.02461275,0.02776752,0.03053114,1
206183_2131,31,35,2131,0.1254721,0.1427704,0.1619463,0.2236046,0.2899243,0.3555834,0.4622734,0.01889834,0.01930189,0.02041808,0.02196387,0.02419269,0.027294,0.03002039,1
206183_2132,32,35,2132,0.1669784,0.1860684,0.1721115,0.2246511,0.2767639,0.3661141,0.4246582,0.01997735,0.02012384,0.02107784,0.02239162,0.02430402,0.0272325,0.02982188,1
206183_2133,33,35,2133,0.170327,0.1323484,0.2009218,0.2750911,0.3309283,0.3459779,0.4250318,0.02039286,0.02048921,0.02148222,0.02276396,0.02456253,0.02747095,0.03006494,1
206183_2134,34,35,2134,0.1534997,0.1868958,0.2641239,0.2591532,0.2481103,0.3933794,0.4745057,0.02117969,0.02111629,0.02207755,0.02326906,0.0248971,0.02773091,0.0302816,1
206183_2135,35,35,2135,0.2753732,0.2574302,0.2051384,0.2204115,0.2713746,0.3416765,0.4602907,0.02313262,0.02253023,0.02305156,0.02370284,0.02472957,0.02715806,0.02940932,1
206183_2136,36,35,2136,0.259918,0.2182077,0.2391266,0.2504073,0.2555597,0.291229,0.3570876,0.02341941,0.02246582,0.02259701,0.02273851,0.02317535,0.02506577,0.0268974,1
206183_2137,37,35,2137,0.2564406,0.245328,0.2579248,0.2819399,0.2834947,0.3852826,0.4304044,0.02384691,0.02305386,0.02344778,0.02385987,0.02456373,0.02672828,0.02883608,1
206183_2138,38,35,2138,0.2398397,0.167628,0.2196142,0.235801,0.2351573,0.259463,0.3191196,0.02249382,0.0216169,0.02178175,0.0219237,0.02231735,0.02403232,0.02576867,1
206183_2139,39,35,2139,0.1880136,0.1969394,0.217421,0.2164492,0.2027768,0.2709177,0.2752131,0.02296843,0.02187429,0.02179378,0.02168874,0.02185066,0.0233164,0.02487112,1
206183_2140,40,35,2140,0.3014587,0.2388619,0.2344961,0.2117817,0.2230883,0.2591007,0.2851929,0.02465274,0.02318293,0.02274553,0.02230215,0.02217511,0.02341013,0.02481457,1
206183_2141,41,35,2141,0.162517,0.1706492,0.1919955,0.1643332,0.1771811,0.1838296,0.1948379,0.02216903,0.02106296,0.02076526,0.02048849,0.02052644,0.02166757,0.02298111,1
206183_2142,42,35,2142,0.1939241,0.1685452,0.1681886,0.1851041,0.1714187,0.2408774,0.270657,0.02223275,0.02122124,0.02101399,0.02094506,0.02129301,0.02262832,0.02413572,1
206183_2143,43,35,2143,0.2316127,0.1762295,0.2083027,0.190458,0.1503603,0.1949287,0.1454561,0.02261076,0.02127521,0.02055354,0.01990595,0.01962765,0.02034536,0.02132815,1
206183_2144,44,35,2144,0.2461744,0.1796457,0.1917749,0.1576091,0.1498167,0.1728616,0.2008722,0.02257567,0.02132398,0.0206093,0.02003144,0.0198854,0.02064717,0.02168784,1
206183_2145,45,35,2145,0.2195993,0.1886363,0.1251523,0.1557798,0.1519383,0.2175043,0.1499416,0.02320423,0.02173349,0.02075076,0.01995973,0.01963946,0.02020783,0.02109299,1
206183_2146,46,35,2146,0.1573446,0.1352808,0.1448737,0.1253029,0.141311,0.1590204,0.165972,0.02052002,0.01952243,0.01888879,0.01848266,0.01856289,0.01930466,0.0203082,1
206183_2147,47,35,2147,0.2179529,0.213055,0.1293382,0.1232175,0.1150105,0.09836528,0.1437756,0.02299355,0.02136358,0.02002487,0.01886276,0.01809735,0.01814541,0.01855748,1
206183_2148,48,35,2148,0.1899257,0.1721538,0.1325275,0.1177086,0.1294622,0.1432608,0.1759946,0.0210012,0.0198836,0.01907146,0.01857147,0.01863138,0.01929803,0.02025276,1
206183_2149,49,35,2149,0.1868488,0.1482773,0.1349659,0.1265877,0.1295586,0.1501855,0.1736367,0.02154458,0.02035209,0.01948061,0.0189898,0.01912694,0.01985356,0.02087598,1
206183_2150,50,35,2150,0.2290434,0.1461724,0.148099,0.111703,0.1265699,0.1111644,0.1341561,0.02049509,0.01929534,0.01835119,0.0177479,0.01770117,0.01821064,0.01901165,1
206183_2151,51,35,2151,0.2060737,0.1750223,0.1568798,0.162089,0.1261785,0.1111656,0.1460092,0.02273915,0.02113092,0.01978084,0.01879215,0.01837128,0.01862575,0.01923861,1
206183_2152,52,35,2152,0.1263339,0.1051329,0.09512396,0.1019079,0.127734,0.1038758,0.1095057,0.01909324,0.01805481,0.0172476,0.01679674,0.01690114,0.01746573,0.01828786,1
206183_2153,53,35,2153,0.01800547,-0.03013307,0.009943076,-0.005397327,-0.002611878,0.03589559,0.004699801,0.02076577,0.0194908,0.01843655,0.01776643,0.01768526,0.01813797,0.01889531,0
206183_2154,54,35,2154,-0.02688513,0.01202695,-0.006858041,0.01581279,0.004296375,0.008308591,-0.01456442,0.02234383,0.02085942,0.01962331,0.01880776,0.01862694,0.01904953,0.01981352,0
206183_2155,55,35,2155,0.01063391,0.02321892,0.01945786,-0.004574969,0.007309987,0.01754041,-0.008328413,0.02166831,0.02017204,0.01892002,0.01806865,0.0178106,0.0181428,0.0188057,0
206183_2156,56,35,2156,-0.0471773,-0.009757288,-0.01156384,-0.01177903,-0.001215056,0.02211803,0.01323351,0.02240885,0.02073607,0.01926533,0.01814081,0.01753423,0.01758356,0.01799824,0
206183_2157,57,35,2157,0.01742791,0.02788438,0.01066824,0.01402443,0.01200524,-0.03610835,0.008416673,0.0213565,0.01995823,0.01875704,0.01791165,0.01761876,0.01790685,0.0185262,0
206183_2158,58,35,2158,-0.04772168,-0.02223748,-0.003174327,-0.0394377,0.007542922,-0.01392589,-0.02674785,0.0212941,0.01996351,0.01882472,0.01804327,0.01782623,0.01817749,0.01885629,0
206183_2159,59,35,2159,-0.01558587,0.002078741,0.006851436,-0.02586337,-0.01688528,0.03490861,0.008852713,0.02147875,0.02004324,0.01878451,0.01785667,0.01744898,0.01763903,0.01816972,0
206183_2160,0,36,2160,-0.02455663,-0.01792704,0.007531887,-0.01978238,0.00286876,-0.01453753,-0.0005335007,0.023172,0.02147767,0.01999969,0.01889759,0.01836432,0.01850598,0.01902648,0
206183_2161,1,36,2161,0.011906,0.0003764053,0.01926969,0.02891944,0.007116419,0.01995729,0.007118716,0.02145129,0.01991147,0.0185907,0.01763312,0.01721377,0.01739656,0.0179155,0
206183_2162,2,36,2162,0.02405892,-0.02586146,-0.006523137,0.01942861,-0.006061788,-0.02612081,0.009910556,0.02047908,0.01911849,0.01798856,0.01723687,0.0170458,0.01739311,0.0180438,0
206183_2163,3,36,2163,0.004081076,-0.002399537,0.03003872,0.03682293,-0.01529293,-0.00432797,-0.008988491,0.02252413,0.02081827,0.01936914,0.01832485,0.01786435,0.0180512,0.01859558,0
206183_2164,4,36,2164,-0.007186952,0.01066985,-0.01785232,0.0172966,-0.0008714042,0.0107355,0.03097129,0.02222383,0.02070128,0.01938774,0.01844505,0.0180723,0.01832164,0.01892334,0
206183_2165,5,36,2165,0.004124021,0.01324801,-0.01579553,0.01737849,-0.009254531,0.02639893,0.0424127,0.0219412,0.02023712,0.01876281,0.01765117,0.01705955,0.01710923,0.01751102,0
206183_2166,6,36,2166,0.009675523,-0.009162501,-0.00885772,-0.002506335,-0.01917067,-0.008982696,0.01400223,0.02075659,0.01941229,0.01826502,0.01746792,0.01721091,0.01750992,0.01812495,0
206183_2167,7,36,2167,0.02202062,0.003800181,0.003207081,0.01011399,0.01818164,-0.02544374,0.007636992,0.02094439,0.01950337,0.01831455,0.01752629,0.0173213,0.01767455,0.01833855,0
206183_2168,8,36,2168,0.01326574,0.005623154,0.01471186,0.004870735,-0.002324063,0.00504802,0.01900533,0.02040503,0.01919177,0.01824595,0.01773095,0.01785153,0.01846218,0.01935303,0
206183_2169,9,36,2169,0.2129028,0.1449565,0.1247764,0.1401707,0.1008107,0.1227941,0.1182537,0.02132341,0.01980229,0.01852773,0.01764575,0.01733493,0.01761189,0.01821204,1
206183_2170,10,36,2170,0.1966398,0.1401857,0.1176919,0.1312494,0.1080367,0.09223648,0.1021062,0.02128697,0.01978711,0.01848863,0.01753575,0.01710373,0.01727218,0.01777169,1
206183_2171,11,36,2171,0.2454566,0.1911904,0.142849,0.1000471,0.1204997,0.09786076,0.106751,0.02307363,0.0213043,0.01972037,0.01846375,0.01769936,0.01763349,0.01794777,1
206183_2172,12,36,2172,0.2557428,0.1695825,0.1558639,0.1728174,0.1242085,0.1134356,0.1390009,0.02252335,0.02097828,0.01965119,0.01870816,0.01835387,0.0186398,0.01927399,1
206183_2173,13,36,2173,0.2379551,0.1657968,0.1227443,0.1106016,0.109071,0.1165517,0.1127508,0.02194862,0.02053067,0.01935615,0.01859695,0.01846747,0.01893326,0.01971758,1
206183_2174,14,36,2174,0.2352793,0.1696645,0.1720788,0.148572,0.1465429,0.1326939,0.1382543,0.02242765,0.02092637,0.01964152,0.01874271,0.01844009,0.0187777,0.0194499,1
206183_2175,15,36,2175,0.2352398,0.2038593,0.1654941,0.1248503,0.1580274,0.1561173,0.1362058,0.02171068,0.02045803,0.01939486,0.01870449,0.01861981,0.01912774,0.01994111,1
206183_2176,16,36,2176,0.1885172,0.1515452,0.1248526,0.1091212,0.11873,0.1342909,0.1434862,0.0206555,0.01957007,0.01866104,0.01810905,0.01814605,0.01873022,0.01958486,1
206183_2177,17,36,2177,0.1536264,0.1414254,0.123514,0.1105696,0.1262771,0.1421822,0.06442266,0.01991378,0.01884363,0.0179769,0.01748243,0.01757517,0.01819128,0.01904549,1
206183_2178,18,36,2178,0.1201623,0.1335434,0.1064196,0.06400779,0.08550185,0.1261828,0.1586862,0.0193675,0.01858308,0.01798928,0.01777369,0.01818189,0.01906485,0.02014619,1
206183_2179,19,36,2179,0.1603973,0.1393857,0.1386421,0.1482786,0.1575193,0.1850151,0.1518719,0.02088846,0.01997041,0.01928746,0.01904393,0.01950516,0.02051229,0.02171811,1
206183_2180,20,36,2180,0.1347175,0.1546078,0.08085075,0.1156406,0.09895274,0.16,0.1680275,0.0190419,0.01834197,0.01786374,0.01779552,0.01838388,0.01944585,0.02064869,1
206183_2181,21,36,2181,0.2200491,0.1645913,0.173961,0.1514392,0.1590242,0.2229715,0.1990711,0.02171547,0.02073914,0.01999263,0.01969107,0.02011445,0.02117397,0.02240381,1
206183_2182,22,36,2182,0.1978445,0.1885332,0.1631609,0.1287745,0.1736941,0.1530433,0.2645004,0.02024252,0.01960408,0.01923142,0.0193397,0.0202132,0.0216286,0.02312706,1
206183_2183,23,36,2183,0.1079891,0.1200483,0.08774977,0.1278127,0.1235655,0.160097,0.2330332,0.01826648,0.01788448,0.01775518,0.01807524,0.01910921,0.02060372,0.02211843,1
206183_2184,24,36,2184,0.1755161,0.185882,0.1554874,0.1714216,0.1934106,0.23712,0.2837256,0.01984712,0.01951365,0.01952591,0.02010207,0.02153867,0.02348709,0.02539315,1
206183_2185,25,36,2185,0.1223574,0.1329163,0.1009373,0.1534341,0.1911825,0.2052454,0.2549504,0.019091,0.01876352,0.0187164,0.01916431,0.02039887,0.02217382,0.02390089,1
206183_2186,26,36,2186,0.1108093,0.130124,0.1178995,0.1479626,0.1633978,0.1988502,0.2423999,0.01782542,0.01772037,0.01791523,0.01860938,0.02008148,0.0220292,0.02386696,1
206183_2187,27,36,2187,0.09405459,0.1211869,0.100443,0.1241078,0.1248081,0.2223342,0.3132377,0.01807127,0.01801524,0.01826506,0.01902813,0.0205971,0.02267411,0.02461015,1
206183_2188,28,36,2188,0.1443471,0.1203932,0.137787,0.1761112,0.2098927,0.2718364,0.3855934,0.0190967,0.01910009,0.01946001,0.02039913,0.02223644,0.02463187,0.02683538,1
206183_2189,29,36,2189,0.1407881,0.1499963,0.07694986,0.1432527,0.2114391,0.2502104,0.3478491,0.01819933,0.01834929,0.01896714,0.02011072,0.02205492,0.02457049,0.02684618,1
206183_2190,30,36,2190,0.215041,0.145645,0.1826458,0.1821827,0.2626043,0.3240377,0.4052674,0.02049982,0.02028404,0.02058592,0.02139733,0.02301676,0.02542059,0.02761783,1
206183_2191,31,36,2191,0.101004,0.1373668,0.132821,0.1645699,0.2105578,0.2775379,0.348981,0.01764775,0.01792032,0.01875771,0.02005348,0.02204547,0.02465373,0.02699375,1
206183_2192,32,36,2192,0.1403876,0.1786899,0.1796214,0.1780505,0.2641159,0.3570181,0.3973381,0.01953936,0.01962562,0.02039374,0.02160442,0.02350694,0.02620305,0.02864042,1
206183_2193,33,36,2193,0.2027943,0.1846527,0.1428808,0.1568278,0.2215097,0.2994956,0.3198544,0.02058065,0.02020592,0.0205437,0.02121203,0.02246347,0.02467264,0.02671711,1
206183_2194,34,36,2194,0.190717,0.150749,0.1570135,0.2015989,0.2591094,0.2440749,0.3792226,0.02085523,0.0204368,0.02079677,0.02140079,0.02250439,0.02465028,0.02666523,1
206183_2195,35,36,2195,0.1807644,0.1620565,0.1621604,0.1790423,0.1726438,0.2113644,0.2575089,0.02067233,0.01999479,0.02017039,0.02052131,0.02127033,0.02308866,0.02482832,1
206183_2196,36,36,2196,0.2623006,0.2043892,0.211227,0.2275752,0.2504217,0.2776735,0.3523747,0.02361912,0.02255348,0.0225153,0.02255845,0.02296862,0.02472866,0.02648311,1
206183_2197,37,36,2197,0.2450229,0.2095364,0.2147793,0.1886938,0.1828985,0.2869049,0.2861499,0.02335283,0.02217048,0.02205233,0.0219561,0.02216061,0.02371543,0.02531234,1
206183_2198,38,36,2198,0.2840316,0.2614796,0.2417341,0.2523692,0.2533455,0.2969936,0.3197579,0.02546268,0.02382486,0.02337088,0.02287106,0.02265105,0.02395724,0.02539333,1
206183_2199,39,36,2199,0.2917681,0.2446865,0.2260517,0.2545248,0.1704976,0.1925072,0.2644363,0.02570024,0.02396696,0.02331045,0.02248125,0.02185088,0.02277504,0.02391607,1
206183_2200,40,36,2200,0.3114332,0.3018526,0.2916132,0.24321,0.2737947,0.2796139,0.3341887,0.02640875,0.0245627,0.02392179,0.02323123,0.02283582,0.02396384,0.02531283,1
206183_2201,41,36,2201,0.3701437,0.2452053,0.2389099,0.1621689,0.1266412,0.1904385,0.2431132,0.02555482,0.02361144,0.0227252,0.02179516,0.02115532,0.0219231,0.02296072,1
206183_2202,42,36,2202,0.3192367,0.2148125,0.2063884,0.1979838,0.1739359,0.1962601,0.1895747,0.0251303,0.02326527,0.02228296,0.02124193,0.02047812,0.02103008,0.02189263,1
206183_2203,43,36,2203,0.2684083,0.2369041,0.2107656,0.2406413,0.1563283,0.1711196,0.213421,0.02494504,0.02315742,0.02218495,0.02125629,0.02069125,0.02132777,0.02228077,1
206183_2204,44,36,2204,0.1902542,0.1641036,0.1509361,0.1432244,0.1288609,0.1899085,0.182628,0.02224253,0.02082862,0.02005341,0.01940608,0.01915706,0.01984114,0.02079885,1
206183_2205,45,36,2205,0.2121707,0.2227177,0.1732181,0.1625774,0.1519654,0.1873123,0.1854765,0.0217644,0.02052014,0.01984404,0.01938575,0.0194073,0.02023416,0.02132447,1
206183_2206,46,36,2206,0.1786851,0.2000121,0.1826035,0.1588557,0.1413668,0.1510302,0.1618455,0.02238282,0.02093103,0.01988002,0.01898479,0.01850031,0.01884787,0.01952498,1
206183_2207,47,36,2207,0.2721338,0.1844632,0.2004355,0.1378403,0.1317339,0.1979182,0.1682258,0.0236068,0.02195393,0.02068585,0.01965229,0.01910253,0.01939355,0.02004839,1
206183_2208,48,36,2208,0.2057741,0.1887829,0.1646416,0.1253353,0.1082463,0.1565121,0.1628126,0.02230987,0.02083529,0.01973898,0.01898106,0.01879484,0.01930865,0.02014354,1
206183_2209,49,36,2209,0.159174,0.1605257,0.1411299,0.1319162,0.1191899,0.1487857,0.1299273,0.02123804,0.01990678,0.0187989,0.01793904,0.01754025,0.01779014,0.01836682,1
206183_2210,50,36,2210,0.2194559,0.1242848,0.1087649,0.1254265,0.1406688,0.1447044,0.1722882,0.02129618,0.02010855,0.01916926,0.01857157,0.0185553,0.01912226,0.01999927,1
206183_2211,51,36,2211,0.2007742,0.1905214,0.1324666,0.1060604,0.1224382,0.08863736,0.1002818,0.02208106,0.0206029,0.01937189,0.01849538,0.01818394,0.01850905,0.01917507,1
206183_2212,52,36,2212,0.2208281,0.1633663,0.09359878,0.1081266,0.1089042,0.1041755,0.1091359,0.02089731,0.0194798,0.01827454,0.01739563,0.01702614,0.01724659,0.01778852,1
206183_2213,53,36,2213,0.02561655,0.02913197,-0.01066587,-0.001059916,-0.01090098,-0.0001815301,-0.008112295,0.0208383,0.01951686,0.01839276,0.01762375,0.0174064,0.01774347,0.01839585,0
206183_2214,54,36,2214,-0.01492064,-0.001701584,-0.004499849,0.01767578,-0.02256643,0.03239005,-0.02015184,0.02238516,0.02088011,0.01955588,0.01857672,0.01814468,0.01834575,0.01890714,0
206183_2215,55,36,2215,-0.006194965,-0.009675378,-0.01913211,-0.01374273,0.01677194,-0.02085104,0.04999224,0.02082611,0.01958047,0.01853128,0.01784528,0.01773246,0.01815816,0.01889559,0
206183_2216,56,36,2216,-0.0161128,0.01747549,-0.006080398,-0.0069051,-0.02643417,0.01377937,-0.002526556,0.0216115,0.02021974,0.01906723,0.01832179,0.0181927,0.01863301,0.01939793,0
206183_2217,57,36,2217,-0.03197234,0.004503045,0.01740859,0.03984804,-0.02579478,0.006994825,0.005412903,0.02280298,0.02110793,0.01963416,0.01853376,0.01798972,0.01810993,0.01860054,0
206183_2218,58,36,2218,-0.002523808,0.02717178,0.02889163,-0.01800241,0.01714251,-0.03006165,-0.01710509,0.02094438,0.01966503,0.0185723,0.01783045,0.01764562,0.01801234,0.01869813,0
206183_2219,59,36,2219,-0.01196394,0.01593994,-0.01693423,0.0281959,0.03254568,-0.0110437,0.01072398,0.02196213,0.02040105,0.01902056,0.01796814,0.01742144,0.01750569,0.01794563,0
206183_2220,0,37,2220,0.02977448,0.00441587,-0.01947627,0.01565296,0.02802313,0.007495435,0.02021913,0.02099006,0.01958529,0.01838984,0.01755505,0.01726758,0.0175484,0.01815086,0
206183_2221,1,37,2221,-0.02594877,-0.02243031,-0.005249214,0.01614969,0.01976005,0.02170493,0.0294276,0.02041579,0.01906107,0.01788352,0.01702578,0.01666289,0.01685583,0.01736416,0
206183_2222,2,37,2222,-0.02514639,0.02078831,0.005267416,-0.008971587,0.01086967,-0.01135682,0.007884529,0.01990238,0.01861595,0.01756738,0.01690137,0.01679727,0.01719883,0.01788589,0
206183_2223,3,37,2223,0.006126252,-0.02177001,0.008733013,0.03259623,-0.01317879,0.002864432,-0.006530786,0.02296851,0.0211761,0.01958245,0.01832582,0.01756658,0.01749771,0.01781148,0
206183_2224,4,37,2224,0.03079838,0.0001097131,-0.01179467,0.007506701,-0.01275494,-0.0005329346,-0.003627591,0.02136465,0.01970558,0.01828802,0.01723979,0.01671303,0.01680092,0.01722493,0
206183_2225,5,37,2225,0.01920544,-0.02026448,0.002691079,-0.01652034,-0.01878482,0.02347342,-0.02687709,0.02308252,0.02127307,0.01971407,0.01855081,0.01795634,0.01804477,0.0185088,0
206183_2226,6,37,2226,0.0166618,0.008803559,0.01514173,-0.01329816,0.010972,-0.008160002,-0.01995849,0.02121738,0.01979944,0.01861127,0.01780877,0.0175848,0.01792988,0.01859602,0
206183_2227,7,37,2227,-0.004257432,0.02229273,-0.04232659,-0.006928114,0.03636458,0.01052514,-0.01142682,0.02264178,0.02090624,0.01936528,0.01815786,0.01744641,0.01740943,0.0177462,0
206183_2228,8,37,2228,0.01241834,-0.02125451,0.003656487,0.05431116,-0.002460903,0.005094503,-0.02242019,0.0213956,0.01997518,0.01876314,0.01791719,0.01763246,0.0179309,0.01855876,0
206183_2229,9,37,2229,0.00645187,-0.0003205311,-0.01293795,-0.0145458,0.0008603811,-0.009121884,-0.006567725,0.02102676,0.01957698,0.01832155,0.01740516,0.01700443,0.01718874,0.01769977,0
206183_2230,10,37,2230,0.1159367,0.1692298,0.1286639,0.08570897,0.09504597,0.1321924,0.1244438,0.0203958,0.01908109,0.01797558,0.01722958,0.01702962,0.01736856,0.01800926,1
206183_2231,11,37,2231,0.2035283,0.1597729,0.1312193,0.1032836,0.1200607,0.1169274,0.1687917,0.02111902,0.01974775,0.01859315,0.01781406,0.01760782,0.01796855,0.01864485,1
206183_2232,12,37,2232,0.1769115,0.1616451,0.1218258,0.1253714,0.08784073,0.09307219,0.1318259,0.02127245,0.01976409,0.0184811,0.0175686,0.01720359,0.01743493,0.01798899,1
206183_2233,13,37,2233,0.1744355,0.1294381,0.1465315,0.09829212,0.1208772,0.1284196,0.1351658,0.02161155,0.02027705,0.01911174,0.0182848,0.01800823,0.0183276,0.01897648,1
206183_2234,14,37,2234,0.2383254,0.1772863,0.1716948,0.156912,0.1339937,0.1282259,0.1728586,0.02235489,0.02093536,0.01972223,0.01889306,0.01867007,0.01906967,0.01980388,1
206183_2235,15,37,2235,0.1549961,0.1349541,0.1321993,0.08812349,0.1020316,0.1550858,0.1486495,0.02075129,0.0197255,0.01887545,0.01839033,0.01851501,0.01916303,0.02009399,1
206183_2236,16,37,2236,0.1622218,0.1509991,0.1535609,0.1108865,0.1669343,0.1189609,0.1760681,0.02025073,0.01928983,0.01855291,0.01822738,0.01855461,0.01936484,0.02042265,1
206183_2237,17,37,2237,0.1873357,0.1514338,0.1479695,0.1159856,0.1479962,0.1825547,0.2118717,0.02127057,0.02022111,0.01940595,0.01902391,0.0193308,0.02017275,0.02127313,1
206183_2238,18,37,2238,0.2142265,0.1696318,0.131983,0.1304659,0.1634668,0.1766524,0.1812705,0.02131278,0.02031362,0.01953479,0.01918105,0.01951781,0.02040117,0.02153212,1
206183_2239,19,37,2239,0.1742407,0.1318285,0.1699577,0.1097637,0.1329482,0.1700712,0.1867046,0.02076872,0.01986894,0.01915937,0.01884358,0.01918816,0.02007388,0.02118649,1
206183_2240,20,37,2240,0.1815654,0.153311,0.1630821,0.1400262,0.1259967,0.1795683,0.2227534,0.02107602,0.0201757,0.01951105,0.01929191,0.01979157,0.02084053,0.02208859,1
206183_2241,21,37,2241,0.1898214,0.1589394,0.1353262,0.1238212,0.1369266,0.1361297,0.1855027,0.01968617,0.01897587,0.01853739,0.01856732,0.01932206,0.02054915,0.02190919,1
206183_2242,22,37,2242,0.1890415,0.1443653,0.1446995,0.1366949,0.1605361,0.1798271,0.2131528,0.02034339,0.01960588,0.01913882,0.01915028,0.01991241,0.02119955,0.02260893,1
206183_2243,23,37,2243,0.1197654,0.1480928,0.1222083,0.1287121,0.1443424,0.1953724,0.275224,0.01862789,0.01826228,0.01822911,0.01871814,0.01998555,0.02164686,0.02333263,1
206183_2244,24,37,2244,0.1494066,0.1638415,0.1442704,0.1741884,0.1581053,0.2278296,0.2348217,0.02001775,0.01948533,0.019253,0.0195358,0.02061954,0.02222293,0.02386695,1
206183_2245,25,37,2245,0.167453,0.1816655,0.1391346,0.1234129,0.1750059,0.1359968,0.213539,0.0203642,0.01968428,0.01923081,0.0192203,0.01993997,0.02127338,0.02267103,1
206183_2246,26,37,2246,0.112502,0.1098944,0.1351957,0.08684347,0.1601667,0.1806306,0.2219344,0.01812234,0.01775536,0.01766764,0.01804915,0.01915549,0.02073559,0.02229193,1
206183_2247,27,37,2247,0.1275023,0.1221259,0.1145324,0.1180076,0.1513303,0.2154386,0.255983,0.01859186,0.01825259,0.01817752,0.01857176,0.01971357,0.02137631,0.02300187,1
206183_2248,28,37,2248,0.1101444,0.1081937,0.1022405,0.09411481,0.1251556,0.1939807,0.2228342,0.01847769,0.01816421,0.01813765,0.01859824,0.01981862,0.02155801,0.02323244,1
206183_2249,29,37,2249,0.16825,0.1609422,0.1322829,0.1473176,0.1907556,0.2596451,0.3066287,0.01947223,0.01927254,0.01946261,0.02019008,0.02175026,0.02388662,0.0259053,1
206183_2250,30,37,2250,0.09573591,0.1088203,0.1128865,0.1332501,0.1736958,0.2250069,0.2616919,0.01774091,0.01755833,0.01775851,0.01842538,0.01980288,0.02169708,0.02347371,1
206183_2251,31,37,2251,0.1444663,0.1109487,0.1164732,0.1461579,0.157671,0.2367866,0.3026922,0.01851794,0.01832163,0.01856108,0.01927056,0.02070542,0.0227222,0.02461384,1
206183_2252,32,37,2252,0.1537823,0.1688288,0.1153786,0.1551032,0.1737772,0.2735579,0.2876197,0.01936168,0.0190414,0.01918336,0.01975123,0.02101424,0.02296189,0.02481294,1
206183_2253,33,37,2253,0.1245382,0.1204871,0.1569734,0.1486343,0.1557558,0.2455637,0.3028798,0.01978365,0.01934902,0.01947789,0.02001671,0.02121157,0.0231429,0.02498327,1
206183_2254,34,37,2254,0.1532882,0.1576518,0.1570124,0.1651617,0.1965524,0.236027,0.2388807,0.01973725,0.01928022,0.01941974,0.01989035,0.02093853,0.02277847,0.02455681,1
206183_2255,35,37,2255,0.2065341,0.1653568,0.1525173,0.1966385,0.1646251,0.1865067,0.2755765,0.02141714,0.02057021,0.02037108,0.02038519,0.02089082,0.02238839,0.02391167,1
206183_2256,36,37,2256,0.2230522,0.1992471,0.1673359,0.2049673,0.2549463,0.2416981,0.2862611,0.02287224,0.0218116,0.02158091,0.02153668,0.02196042,0.02351126,0.02511252,1
206183_2257,37,37,2257,0.2882655,0.2472706,0.2133187,0.2502052,0.1950088,0.2523461,0.2985314,0.02465991,0.02316198,0.02263329,0.02220172,0.02217521,0.02346508,0.02488204,1
206183_2258,38,37,2258,0.1981676,0.182453,0.2158844,0.1682095,0.1719353,0.1680475,0.2430779,0.02228084,0.02094922,0.02053269,0.02015302,0.02007797,0.02117783,0.02240999,1
206183_2259,39,37,2259,0.3718288,0.2886864,0.2547723,0.2134918,0.2191915,0.2670257,0.2942049,0.02678726,0.02477151,0.02390759,0.02298217,0.0223535,0.02327084,0.02443677,1
206183_2260,40,37,2260,0.3525222,0.2656966,0.245095,0.1619276,0.1589067,0.2098359,0.2133021,0.02571388,0.02363616,0.02263025,0.02150779,0.02061581,0.02119765,0.02206614,1
206183_2261,41,37,2261,0.3029164,0.2462323,0.2016912,0.1903714,0.182319,0.191408,0.1929648,0.02539106,0.02337727,0.02237386,0.02123103,0.02029708,0.0207905,0.02159482,1
206183_2262,42,37,2262,0.3888692,0.3387414,0.286239,0.2097114,0.2137294,0.2022404,0.2501822,0.02765255,0.02539647,0.02420114,0.0228643,0.02177065,0.02221932,0.02304409,1
206183_2263,43,37,2263,0.3628077,0.268361,0.2445511,0.1608284,0.1838923,0.153066,0.2268378,0.02590091,0.02386031,0.02274368,0.02157008,0.02068122,0.02113416,0.02194418,1
206183_2264,44,37,2264,0.2431229,0.235402,0.1920341,0.1557865,0.1475505,0.1293754,0.164983,0.02382851,0.02208338,0.02112943,0.02023092,0.01968142,0.02024164,0.02111945,1
206183_2265,45,37,2265,0.2626979,0.2080664,0.2190972,0.1396451,0.1569442,0.1565801,0.1702895,0.02405055,0.02229488,0.02117353,0.02009645,0.01935654,0.0196846,0.02036937,1
206183_2266,46,37,2266,0.2791222,0.2317512,0.177063,0.1650216,0.1591135,0.1481772,0.1631696,0.02448388,0.02253799,0.02114383,0.01984552,0.01890569,0.01899828,0.01947757,1
206183_2267,47,37,2267,0.2355267,0.1679385,0.1239161,0.1452326,0.1199283,0.1565278,0.1660973,0.02209543,0.0206819,0.0197323,0.01900493,0.01875213,0.01928527,0.02013227,1
206183_2268,48,37,2268,0.2570887,0.198725,0.1723147,0.1507566,0.181628,0.1243608,0.134904,0.0232196,0.02163177,0.0204117,0.01941121,0.01887803,0.01916014,0.01980585,1
206183_2269,49,37,2269,0.1936231,0.1345329,0.1497985,0.128566,0.1447272,0.1382738,0.1281608,0.02163183,0.02028887,0.01931154,0.01866856,0.01859321,0.01916954,0.02005303,1
206183_2270,50,37,2270,0.1635603,0.1214143,0.121273,0.05884557,0.1160505,0.1010571,0.108631,0.01939185,0.0182968,0.01743578,0.01684461,0.01672716,0.01714952,0.01784797,1
206183_2271,51,37,2271,0.1666464,0.1422344,0.1291927,0.1198957,0.1485007,0.09877163,0.1435023,0.02133511,0.01999767,0.01894734,0.01826726,0.01817511,0.01867435,0.01948461,1
206183_2272,52,37,2272,0.01390938,-0.01061791,-0.01767219,-0.01309001,-0.007506069,-0.02537809,0.004090148,0.02208065,0.02063188,0.01941524,0.01860098,0.01840092,0.01879843,0.01953322,0
206183_2273,53,37,2273,0.003936687,-0.006195311,-0.001498437,-0.002248101,-0.004096067,-0.004871601,-0.02838013,0.0197828,0.01869044,0.01780184,0.01728069,0.01733464,0.01786751,0.01867958,0
206183_2274,54,37,2274,0.001137823,0.0005929007,0.00790288,0.02580513,-0.005152539,0.01194136,0.00526839,0.0219453,0.02042964,0.019164,0.01830852,0.01806068,0.01841176,0.01909832,0
206183_2275,55,37,2275,-0.0004920048,-0.01112774,0.03513962,0.003636487,-0.003454079,-0.0426727,0.007620649,0.02218294,0.02053331,0.01912053,0.01809125,0.0176226,0.01778948,0.01830833,0
206183_2276,56,37,2276,-0.008552978,0.03131025,0.01134589,0.003058864,0.01425875,0.01637632,-0.0005760093,0.02095437,0.01963369,0.01848771,0.01767451,0.01739094,0.01767168,0.01827681,0
206183_2277,57,37,2277,0.02197606,0.01040518,0.02383829,0.0006083731,-0.01632313,-0.006440719,-0.01497187,0.0211574,0.01968849,0.01842568,0.01751513,0.01713539,0.01734173,0.01787737,0
206183_2278,58,37,2278,0.008525786,0.0145885,-0.009095584,0.007147668,0.01245116,-0.0006617367,0.02656696,0.02105906,0.01970431,0.01858118,0.01785014,0.01771097,0.01812292,0.01884879,0
206183_2279,59,37,2279,0.001809476,0.009036539,-0.01499104,-0.02563733,0.01215761,0.01935843,0.01639824,0.02276748,0.02117816,0.01979766,0.01879035,0.01835761,0.01857299,0.01915528,0
206183_2280,0,38,2280,0.005171725,0.0228502,-0.006903507,-0.01476608,-0.007061323,0.01845058,0.01454573,0.02118655,0.01968946,0.01839761,0.01745386,0.01703181,0.01720195,0.01770393,0
206183_2281,1,38,2281,-0.02053374,-0.01592884,-0.009032681,0.01223988,-0.009961593,0.02496723,0.03155287,0.01985101,0.01862236,0.0175432,0.01675775,0.01644508,0.01665998,0.01717881,0
206183_2282,2,38,2282,0.004573161,-0.00206216,-0.001347282,0.01780087,-0.003160813,0.02756485,0.0314802,0.02155687,0.02002587,0.01871168,0.01776165,0.01735527,0.01755282,0.01808859,0
206183_2283,3,38,2283,0.01492907,0.06547799,0.0007691037,0.001590762,0.01410458,-0.03380004,-0.01972455,0.02095751,0.0195431,0.0183835,0.01763069,0.01747248,0.01786518,0.01856734,0
206183_2284,4,38,2284,-0.007452939,-0.007865561,0.006489158,-0.006796838,0.01086939,0.013721,-0.01591926,0.02032154,0.01893475,0.01775524,0.01692237,0.01660692,0.01684047,0.01738206,0
206183_2285,5,38,2285,0.004583527,0.03281222,0.01444798,-0.01437306,0.0227421,-0.04417676,-0.004612717,0.02160157,0.02013919,0.01884137,0.01785945,0.01737792,0.01750579,0.01798057,0
206183_2286,6,38,2286,-0.007800058,0.006358682,-0.03693642,0.03299932,-0.01170224,-0.006946961,-0.02385855,0.02163846,0.0201241,0.01882045,0.01787825,0.01748167,0.0176904,0.0182391,0
206183_2287,7,38,2287,-0.005410302,0.004868831,0.0008509714,8.678103e-05,0.009682996,0.01713899,0.03909809,0.02233393,0.02073932,0.01940763,0.01849797,0.01820561,0.01853219,0.01920359,0
206183_2288,8,38,2288,-0.01182498,0.03515676,0.01086743,-0.005474225,0.0131409,-0.006561958,0.006422305,0.02196891,0.02044423,0.01909541,0.01807455,0.01756625,0.01768515,0.01815819,0
206183_2289,9,38,2289,-0.009513637,-0.02430231,0.004880097,-0.02445841,-0.009297057,-0.0359011,-0.003438857,0.02182437,0.02032382,0.01906969,0.01822125,0.017975,0.01832384,0.01900513,0
206183_2290,10,38,2290,0.211314,0.1719469,0.1184257,0.1362591,0.09137254,0.09929875,0.1130279,0.02100576,0.01969962,0.01860269,0.01787895,0.01773368,0.01814017,0.01886032,1
206183_2291,11,38,2291,0.2381912,0.1832613,0.178306,0.1321078,0.1281939,0.1316551,0.1240506,0.02320299,0.02150788,0.02004914,0.01898911,0.01852528,0.0187348,0.01931547,1
206183_2292,12,38,2292,0.2519746,0.2054463,0.1258103,0.1221397,0.1260114,0.1049659,0.1540294,0.02316959,0.02160035,0.02023672,0.01925384,0.01886813,0.01914416,0.0197889,1
206183_2293,13,38,2293,0.192842,0.2004124,0.1261974,0.1572826,0.1193465,0.1488069,0.1287027,0.02154202,0.02013136,0.01892626,0.01808853,0.01781891,0.0181421,0.01879125,1
206183_2294,14,38,2294,0.1655801,0.1497103,0.1050246,0.1048313,0.1149265,0.1045744,0.1349397,0.02108066,0.01976942,0.01863327,0.01783415,0.01757442,0.01789127,0.01852397,1
206183_2295,15,38,2295,0.2314633,0.1665684,0.1507159,0.135882,0.1441294,0.1526908,0.1649494,0.02155969,0.02028033,0.01918148,0.01843936,0.01827674,0.01870015,0.01944063,1
206183_2296,16,38,2296,0.2055356,0.178047,0.194075,0.1321056,0.1064974,0.1134743,0.1808704,0.02175427,0.02052778,0.01945536,0.01872079,0.0185586,0.01899374,0.01974742,1
206183_2297,17,38,2297,0.2044786,0.1464066,0.1649581,0.1189234,0.143089,0.1561054,0.1808227,0.02100153,0.01989535,0.0190246,0.01857674,0.01879109,0.0195338,0.02054287,1
206183_2298,18,38,2298,0.1824593,0.1120295,0.1330332,0.1260206,0.1067327,0.1682135,0.1971194,0.02014134,0.01925119,0.01860437,0.01839253,0.01886324,0.01980136,0.02096401,1
206183_2299,19,38,2299,0.1608337,0.1404678,0.1235204,0.1337885,0.1628975,0.1331376,0.1868145,0.02113424,0.02006888,0.01919164,0.01869564,0.01883027,0.01953204,0.02049377,1
206183_2300,20,38,2300,0.1924343,0.1825293,0.1679133,0.137694,0.1659188,0.2008548,0.1883794,0.02210535,0.02105294,0.02022051,0.01982304,0.02013966,0.0210519,0.02221443,1
206183_2301,21,38,2301,0.1862085,0.2036608,0.1478065,0.1084011,0.1937564,0.165062,0.1896019,0.02159769,0.02061969,0.0198775,0.01958375,0.02001452,0.0210218,0.02224492,1
206183_2302,22,38,2302,0.1370093,0.1910457,0.1057101,0.1498732,0.1405109,0.1325335,0.1801513,0.02026221,0.01940657,0.01874736,0.01848279,0.0188722,0.01980807,0.0209286,1
206183_2303,23,38,2303,0.1415101,0.1341427,0.1427041,0.1600745,0.1366553,0.1711016,0.1624885,0.02072707,0.01980049,0.01909763,0.0188189,0.01922446,0.02021129,0.02136795,1
206183_2304,24,38,2304,0.1701555,0.1050715,0.1489052,0.1182837,0.1408538,0.1921016,0.1764463,0.0197633,0.01907364,0.01861034,0.01857701,0.01924206,0.02043422,0.02174468,1
206183_2305,25,38,2305,0.1782892,0.1470654,0.1592158,0.1730409,0.1471197,0.1995536,0.2441644,0.02046984,0.01979251,0.01942738,0.01958531,0.02054282,0.02203278,0.02359553,1
206183_2306,26,38,2306,0.1145855,0.1333465,0.1083587,0.1235238,0.1456461,0.1523353,0.2144812,0.01865902,0.01819373,0.01804024,0.01838618,0.01948125,0.02102252,0.02258315,1
206183_2307,27,38,2307,0.1456058,0.1109939,0.1158439,0.1451042,0.1427143,0.1728792,0.2455791,0.01814232,0.01773994,0.01761261,0.01794869,0.01900046,0.02050306,0.0220146,1
206183_2308,28,38,2308,0.1341965,0.08678138,0.1231797,0.1369568,0.1510125,0.2257429,0.2444961,0.01798374,0.01778073,0.01792756,0.01860456,0.02006301,0.02191483,0.02371154,1
206183_2309,29,38,2309,0.1320439,0.1250521,0.1246349,0.1508281,0.1583318,0.1967949,0.2422198,0.0187874,0.01841526,0.01837257,0.01883051,0.02005318,0.02176897,0.02345584,1
206183_2310,30,38,2310,0.1144538,0.1158968,0.1373954,0.1427618,0.1431556,0.1766574,0.1901419,0.01895143,0.01844597,0.01821426,0.0184129,0.01930848,0.02076691,0.02223345,1
206183_2311,31,38,2311,0.1512637,0.1713115,0.1508247,0.1210927,0.1369657,0.1689849,0.2075267,0.01975624,0.01915059,0.01884493,0.01897046,0.01980142,0.02125684,0.02273033,1
206183_2312,32,38,2312,0.1505224,0.1811195,0.09707515,0.112481,0.1749353,0.2158536,0.223452,0.0203132,0.01955351,0.01911046,0.01906644,0.01969248,0.02100874,0.02236992,1
206183_2313,33,38,2313,0.2228446,0.186425,0.1915953,0.165927,0.2061381,0.2560071,0.3396757,0.02220808,0.02140269,0.0210275,0.02110543,0.02194326,0.02356797,0.02523142,1
206183_2314,34,38,2314,0.193813,0.1627188,0.1487943,0.1710068,0.1496168,0.1923218,0.235756,0.02120069,0.02029426,0.01985443,0.01980393,0.02040835,0.02178725,0.02322369,1
206183_2315,35,38,2315,0.2095748,0.1983261,0.1537911,0.1664883,0.2130026,0.2352161,0.2404591,0.02093817,0.02004004,0.01963603,0.01954787,0.02004054,0.02133721,0.02271216,1
206183_2316,36,38,2316,0.1955599,0.162566,0.1392999,0.1864177,0.1726699,0.2495604,0.2332515,0.02083529,0.01993485,0.01966817,0.01972541,0.02034395,0.02176595,0.02325211,1
206183_2317,37,38,2317,0.2263823,0.2033122,0.1896729,0.173889,0.1865263,0.230519,0.2577509,0.02265605,0.02144863,0.02095856,0.02070092,0.02095014,0.02219274,0.02357037,1
206183_2318,38,38,2318,0.3345193,0.1890916,0.1981609,0.1614022,0.1873228,0.1768188,0.2135533,0.02437209,0.02269409,0.02181863,0.02105478,0.02070483,0.02154703,0.02261393,1
206183_2319,39,38,2319,0.2582971,0.2540214,0.1583783,0.1573248,0.1645175,0.1853037,0.1916016,0.024795,0.02285876,0.02173203,0.02056548,0.01967602,0.02007984,0.02077716,1
206183_2320,40,38,2320,0.3071217,0.3354515,0.2387843,0.2126229,0.2064004,0.1799016,0.2353823,0.02699326,0.0246317,0.02330682,0.02195229,0.02090989,0.02133265,0.02209534,1
206183_2321,41,38,2321,0.3582431,0.2942084,0.2478853,0.1954399,0.1585508,0.1778704,0.2133316,0.02606039,0.02380436,0.02256971,0.02127413,0.02025135,0.02063908,0.02136821,1
206183_2322,42,38,2322,0.3375717,0.2510043,0.2055218,0.1926544,0.137242,0.1583903,0.2135572,0.02505182,0.02299534,0.02194237,0.02085588,0.02005284,0.02056631,0.02140355,1
206183_2323,43,38,2323,0.3710479,0.2227133,0.2289387,0.1675387,0.1929751,0.164272,0.1920911,0.0259294,0.02365553,0.02236575,0.02101559,0.01993323,0.02021464,0.02086951,1
206183_2324,44,38,2324,0.3287431,0.2875623,0.2257409,0.1867752,0.1700105,0.1735262,0.1755858,0.02649274,0.02412574,0.02271232,0.02127017,0.02012492,0.02033469,0.02094504,1
206183_2325,45,38,2325,0.3357339,0.2434048,0.2583578,0.2000239,0.1507248,0.1679555,0.1697292,0.02673853,0.02438772,0.02294763,0.0215593,0.02053896,0.0208161,0.02150244,1
206183_2326,46,38,2326,0.2314429,0.2464299,0.1452849,0.1602886,0.1448136,0.154017,0.1632452,0.02383481,0.02201203,0.02082761,0.01968503,0.01886488,0.019098,0.01969814,1
206183_2327,47,38,2327,0.2660343,0.1701371,0.1891832,0.1889221,0.1347477,0.1642005,0.1807894,0.02357059,0.02188707,0.02078492,0.01982758,0.01928856,0.01969939,0.02046502,1
206183_2328,48,38,2328,0.2461379,0.1992807,0.1684859,0.1120884,0.1285885,0.1067077,0.1652418,0.0224806,0.02083236,0.01972257,0.01886702,0.01849865,0.01894742,0.01972164,1
206183_2329,49,38,2329,0.299605,0.1622036,0.1625475,0.1321112,0.1227952,0.1074157,0.1340347,0.02235179,0.0208621,0.01976886,0.01891377,0.01853908,0.01892945,0.01965932,1
206183_2330,50,38,2330,0.2676854,0.2483099,0.1872646,0.1470316,0.1621569,0.1165066,0.1187198,0.02449265,0.02261704,0.02108743,0.01980747,0.01900293,0.01905588,0.01951706,1
206183_2331,51,38,2331,0.2181265,0.1435194,0.1498254,0.1270958,0.1255051,0.139087,0.1487471,0.02214136,0.02057928,0.01932299,0.01837492,0.01794332,0.01820341,0.01880849,1
206183_2332,52,38,2332,-0.02056634,-0.005445131,-0.004007009,-0.01230995,-0.007080478,-0.0002614922,0.00011392,0.02133605,0.02003831,0.01895218,0.01824959,0.01814678,0.01860079,0.01937421,0
206183_2333,53,38,2333,-0.004894762,-0.0003536667,-0.01148656,0.002063164,0.006542947,0.009475829,0.01358574,0.01964349,0.01848126,0.01755972,0.01703239,0.01709163,0.01762353,0.01842586,0
206183_2334,54,38,2334,0.05153907,0.03569214,0.02282359,0.01017643,0.002767951,0.02768446,0.01570397,0.02069879,0.01940526,0.0183453,0.01767923,0.0176074,0.01806499,0.01882443,0
206183_2335,55,38,2335,-0.02544778,0.07573825,0.01600262,0.01737392,-0.005203065,0.003533383,-0.01726587,0.0210914,0.01971463,0.01855097,0.0177577,0.01753006,0.01786675,0.01852396,0
206183_2336,56,38,2336,0.01263759,-0.03331518,-0.005475838,0.01787482,0.006452927,0.04778022,0.01013763,0.02306047,0.02149015,0.02009293,0.01903726,0.01852942,0.01868505,0.01922,0
206183_2337,57,38,2337,-0.03499045,0.0141767,-0.03043749,-0.01040555,0.01109515,-0.02153925,0.00315865,0.02047656,0.01937003,0.01850873,0.01806935,0.01827608,0.018961,0.01992881,0
206183_2338,58,38,2338,0.0037913,0.02322854,0.01247829,0.01990391,-0.004608987,0.01257146,-0.02405826,0.02072068,0.01946928,0.01843917,0.01779564,0.0177463,0.01822294,0.01900328,0
206183_2339,59,38,2339,-0.04195257,0.04536225,0.01773985,0.005344919,-0.007434086,0.004978639,-0.007992148,0.02092489,0.01950559,0.01828761,0.01741827,0.01707849,0.01731114,0.01786698,0
206183_2340,0,39,2340,-0.003412067,-0.002544585,0.00983681,0.03034312,-0.01342157,0.005580412,-0.006630382,0.0215537,0.02001851,0.0186688,0.01764765,0.01712737,0.01722158,0.0176612,0
206183_2341,1,39,2341,-0.01557615,-0.05417971,-0.03749321,-0.02504044,-0.01018011,-0.002528079,-0.01295627,0.02129446,0.01980624,0.01856773,0.01772875,0.01747331,0.01779437,0.01843763,0
206183_2342,2,39,2342,0.03789989,0.002956124,0.01056512,0.02116537,0.004457815,-0.00989028,0.01965283,0.02194218,0.02047434,0.01923239,0.01838085,0.01812355,0.01846428,0.01914465,0
206183_2343,3,39,2343,-0.01088026,-0.009245153,0.002796205,-0.0006719958,0.02658649,0.01696251,0.03338721,0.02229713,0.02067021,0.01923501,0.01813842,0.01755637,0.01762207,0.01805106,0
206183_2344,4,39,2344,-0.003890599,0.03657357,0.009213658,-0.03248175,-0.007574771,-0.01237322,-0.01059344,0.0210323,0.01959209,0.0183509,0.01745535,0.01708494,0.01729445,0.01783095,0
206183_2345,5,39,2345,0.02235431,-0.00634535,0.02526209,-0.01717961,0.03162873,0.03823241,0.01671878,0.02180712,0.02018679,0.01881788,0.01784411,0.01743968,0.01765022,0.01820059,0
206183_2346,6,39,2346,0.02122107,0.01982597,0.01104537,0.01249013,-0.01262488,-0.003980142,0.009842656,0.02127536,0.01984128,0.01853943,0.01751289,0.01693375,0.01695882,0.01732895,0
206183_2347,7,39,2347,-0.008609824,-0.01875608,0.04332309,-0.01013068,0.009601432,0.02416788,0.02243177,0.0214644,0.0199478,0.01861332,0.01760426,0.01709354,0.01719319,0.01763584,0
206183_2348,8,39,2348,0.02113951,-0.03091923,-0.003928328,0.001916989,-0.007494546,-0.01252628,-0.004306767,0.02214208,0.02051556,0.01910923,0.0180703,0.01757647,0.01771859,0.01821424,0
206183_2349,9,39,2349,-0.01924666,0.005946796,-0.0398868,0.05085282,-0.02174491,-0.01436899,-0.01365313,0.02242685,0.02093574,0.01964724,0.0187309,0.0183968,0.01868727,0.01933286,0
206183_2350,10,39,2350,-0.009966499,0.001124475,-0.02236254,0.002057234,-0.0008580505,0.005488912,-0.004523416,0.02194745,0.0204236,0.01912622,0.01821281,0.01787687,0.01815164,0.01876765,0
206183_2351,11,39,2351,0.2210267,0.1643312,0.1476087,0.09867772,0.08656989,0.105563,0.1645417,0.02127634,0.01982475,0.01858843,0.01771918,0.01740367,0.01767314,0.01826856,1
206183_2352,12,39,2352,0.1843753,0.1384393,0.1279071,0.1371078,0.1286184,0.1143533,0.1217336,0.02078795,0.01955047,0.01849879,0.01779903,0.01766056,0.0180659,0.01878122,1
206183_2353,13,39,2353,0.2552704,0.2216274,0.1542346,0.1648369,0.1058546,0.1055709,0.1713144,0.02309376,0.02153471,0.02016213,0.01914857,0.01870668,0.01892936,0.01952272,1
206183_2354,14,39,2354,0.1967915,0.1884885,0.1590911,0.11279,0.1368125,0.1513822,0.1821258,0.02101828,0.01980074,0.01884164,0.01831677,0.01844776,0.01909689,0.02003421,1
206183_2355,15,39,2355,0.1626037,0.1461269,0.1352001,0.1304667,0.1197397,0.142156,0.1275496,0.02065651,0.0195053,0.01855361,0.01797601,0.01799443,0.0185386,0.01937369,1
206183_2356,16,39,2356,0.2044478,0.1745744,0.1317304,0.1520747,0.1704616,0.1364007,0.1686959,0.0219568,0.02079166,0.01977892,0.01911354,0.01904709,0.01956713,0.02041179,1
206183_2357,17,39,2357,0.2333469,0.1671203,0.1097463,0.1361122,0.1421253,0.1660399,0.1600545,0.02219278,0.02088171,0.01973629,0.01894005,0.0187255,0.01913147,0.01986591,1
206183_2358,18,39,2358,0.1526506,0.1465109,0.132039,0.145383,0.100465,0.1679592,0.1750341,0.02079308,0.01969882,0.01881338,0.01832084,0.0184568,0.01912469,0.02006295,1
206183_2359,19,39,2359,0.1826153,0.1623639,0.1803535,0.1280966,0.1795797,0.1622398,0.1978307,0.02145707,0.02046655,0.01968509,0.019321,0.01964533,0.0205099,0.02164044,1
206183_2360,20,39,2360,0.1891515,0.1663866,0.1513512,0.1363116,0.1065657,0.1378023,0.1551373,0.02236319,0.02111286,0.02000607,0.01923448,0.01904351,0.01950181,0.02026792,1
206183_2361,21,39,2361,0.1834958,0.1037799,0.14423,0.1484401,0.125605,0.1302975,0.1958677,0.0206035,0.01961036,0.01883462,0.01846747,0.01875543,0.01957835,0.02062929,1
206183_2362,22,39,2362,0.1523564,0.1265584,0.1213078,0.1284894,0.15455,0.1463083,0.1688717,0.01946432,0.01868077,0.01812546,0.01798715,0.0185114,0.01950469,0.02067673,1
206183_2363,23,39,2363,0.1812795,0.1250149,0.1317423,0.1437808,0.136127,0.1446864,0.1877393,0.02017509,0.01931521,0.01869054,0.01849669,0.01898745,0.01999539,0.02118264,1
206183_2364,24,39,2364,0.1364499,0.1518944,0.1608035,0.1561886,0.1061806,0.1478205,0.1421878,0.02144218,0.02027997,0.01931983,0.01875099,0.01881557,0.01951981,0.02044378,1
206183_2365,25,39,2365,0.1784888,0.15031,0.1499283,0.1253579,0.1720027,0.143946,0.1743552,0.0210811,0.02005158,0.0192326,0.01882093,0.0190708,0.01993818,0.02099213,1
206183_2366,26,39,2366,0.1284357,0.1009103,0.1392201,0.1055225,0.1373564,0.2104397,0.1876404,0.01902092,0.01831116,0.01786068,0.01785338,0.01852829,0.01968621,0.0209478,1
206183_2367,27,39,2367,0.2019846,0.1513778,0.1181881,0.1373996,0.1657857,0.1957848,0.2631605,0.02045298,0.01971255,0.01931189,0.01945158,0.02039263,0.02185038,0.02338643,1
206183_2368,28,39,2368,0.1191036,0.1220495,0.1214229,0.1108702,0.1018972,0.189634,0.1574428,0.01932333,0.0185465,0.0180298,0.01795724,0.01856709,0.01970462,0.02093442,1
206183_2369,29,39,2369,0.1327404,0.1225122,0.1357002,0.1548925,0.1168475,0.1835504,0.2347685,0.01906103,0.01850319,0.01823662,0.0184467,0.01938908,0.02081564,0.022292,1
206183_2370,30,39,2370,0.1573111,0.1331489,0.1121804,0.1538617,0.2065702,0.195292,0.2206663,0.02028927,0.01958017,0.01917381,0.01925959,0.02010775,0.02151872,0.02299732,1
206183_2371,31,39,2371,0.097364,0.1074689,0.0980556,0.1216868,0.1298096,0.1700284,0.1975063,0.01813713,0.01764769,0.01745007,0.01769842,0.01863085,0.02001858,0.02143973,1
206183_2372,32,39,2372,0.1427599,0.133924,0.1153414,0.07376139,0.1649245,0.170456,0.1937337,0.01834551,0.01788452,0.01776206,0.01811226,0.01917227,0.02068113,0.02220987,1
206183_2373,33,39,2373,0.1422789,0.09470626,0.1007086,0.1018834,0.1492473,0.1401097,0.2038104,0.01854609,0.01790108,0.01755886,0.01762473,0.01833077,0.01955325,0.02084025,1
206183_2374,34,39,2374,0.1938976,0.1395191,0.1845711,0.1595433,0.1770142,0.2199304,0.268351,0.02089254,0.02001039,0.01954393,0.01955741,0.02030387,0.02167723,0.0231358,1
206183_2375,35,39,2375,0.1306828,0.1559931,0.1205048,0.1030522,0.1227988,0.1693155,0.2010433,0.01907363,0.01834704,0.01797333,0.01796232,0.0185512,0.01971976,0.0209832,1
206183_2376,36,39,2376,0.2468015,0.1740045,0.1313026,0.1237669,0.120685,0.1440034,0.1832474,0.02140729,0.02021137,0.01941649,0.0189311,0.01900564,0.01985538,0.02088329,1
206183_2377,37,39,2377,0.2178592,0.1981763,0.1357071,0.1598083,0.1368103,0.1695279,0.1855478,0.02208456,0.02073964,0.01994065,0.01948019,0.01960209,0.02054658,0.02167306,1
206183_2378,38,39,2378,0.2055271,0.14475,0.1800497,0.1535386,0.1669554,0.1232502,0.1625644,0.02242288,0.02093443,0.01997304,0.01920852,0.01889831,0.01951226,0.02036634,1
206183_2379,39,39,2379,0.222244,0.164553,0.1709106,0.1285516,0.1733238,0.1537841,0.1825392,0.02178042,0.020401,0.01957791,0.01888236,0.01857638,0.01919413,0.02005336,1
206183_2380,40,39,2380,0.2777146,0.2498702,0.1635485,0.1817361,0.1547215,0.1605121,0.1826774,0.02505612,0.02307643,0.021843,0.02069199,0.01992048,0.02033132,0.02106988,1
206183_2381,41,39,2381,0.3307082,0.2461056,0.2178661,0.1878232,0.1255351,0.1727509,0.1781157,0.02585347,0.02362043,0.02221978,0.02083819,0.01978157,0.02000486,0.02059532,1
206183_2382,42,39,2382,0.3591857,0.2622836,0.1957089,0.1732816,0.1312745,0.1925949,0.1632537,0.02494849,0.02288877,0.02166686,0.02043369,0.01949613,0.01979586,0.02045047,1
206183_2383,43,39,2383,0.2895581,0.240256,0.1984789,0.1596553,0.1619132,0.1537059,0.1599677,0.02514218,0.02294028,0.02156025,0.0200998,0.01886461,0.01890082,0.01932334,1
206183_2384,44,39,2384,0.3433549,0.2081411,0.2138937,0.1502671,0.1348442,0.1662366,0.2474606,0.02557969,0.02346018,0.02225402,0.02105681,0.02018512,0.02057408,0.02133889,1
206183_2385,45,39,2385,0.291207,0.2603627,0.1858988,0.1740254,0.1279262,0.1334685,0.1348359,0.02549806,0.02318638,0.02171449,0.02022504,0.01901348,0.01905227,0.01949585,1
206183_2386,46,39,2386,0.2797409,0.2360602,0.1781824,0.106455,0.1307164,0.1146021,0.1708815,0.02394727,0.02195,0.02073175,0.01959631,0.01881397,0.01911698,0.01977813,1
206183_2387,47,39,2387,0.2201623,0.2113556,0.1962837,0.156299,0.1134271,0.1122676,0.1491294,0.02419197,0.02217846,0.02087303,0.01968146,0.0188687,0.01910989,0.01972512,1
206183_2388,48,39,2388,0.2987453,0.2524242,0.2306477,0.1809668,0.1646789,0.1427552,0.2027977,0.02528397,0.02326963,0.02187305,0.02060148,0.01973555,0.01993142,0.02053756,1
206183_2389,49,39,2389,0.2934316,0.1925763,0.1902342,0.159496,0.1587723,0.1364503,0.1698553,0.02395153,0.02209464,0.02080121,0.01974304,0.01916973,0.01950827,0.02021766,1
206183_2390,50,39,2390,0.2223482,0.1895322,0.2012903,0.1488141,0.1228782,0.1401831,0.1380354,0.02277476,0.02122105,0.02005334,0.01908546,0.01856251,0.01884362,0.01948488,1
206183_2391,51,39,2391,0.1992334,0.1894031,0.1321992,0.1225707,0.1035021,0.1156975,0.1561931,0.02195781,0.02035087,0.01912766,0.01819479,0.01775994,0.01804672,0.0186693,1
206183_2392,52,39,2392,0.05743784,-0.02212674,-0.003268832,0.02253825,0.02732816,-0.03417262,-0.01402478,0.02155245,0.02010579,0.01883557,0.01789586,0.01747572,0.01765883,0.01818325,0
206183_2393,53,39,2393,-0.03594789,0.01473275,0.01161981,0.03298589,0.01743691,-0.01716667,0.03000506,0.02047407,0.01933298,0.01836412,0.01773774,0.01767049,0.01812257,0.01887942,0
206183_2394,54,39,2394,-0.01808837,-0.002559477,-0.0007744026,0.001629082,-0.005051086,0.01764241,-0.01044753,0.02259788,0.0210079,0.01962934,0.01862319,0.01818626,0.01839302,0.01896222,0
206183_2395,55,39,2395,0.04103701,-0.008860419,-0.03625008,0.008632156,-0.01630753,0.004886017,0.003334649,0.01994415,0.01875561,0.01781382,0.0172756,0.01733743,0.01788129,0.01870213,0
206183_2396,56,39,2396,0.01891908,-0.05140769,-0.008251395,-0.003588453,0.02712197,0.02057258,-0.02457715,0.02187038,0.02039986,0.01916919,0.01834202,0.01812099,0.01849139,0.01919632,0
206183_2397,57,39,2397,-0.004073555,-0.001077238,-0.001140268,0.02010403,0.01047401,-0.04005447,0.001795875,0.02060961,0.01933934,0.01832587,0.01773072,0.01775581,0.01829186,0.01912051,0
206183_2398,58,39,2398,-0.002562914,-0.01106637,0.03323955,0.01573302,0.02767694,0.01375374,0.03518237,0.02077572,0.01937247,0.01815947,0.01728191,0.01691778,0.0171232,0.01765063,0
206183_2399,59,39,2399,0.01008423,0.04960169,-0.0124974,0.00889364,0.02327233,-0.01415906,0.002443502,0.01996599,0.01886552,0.01797778,0.01746955,0.01755235,0.01811481,0.0189593,0
206183_2400,0,40,2400,0.01100545,0.03656741,-0.005576017,0.002282404,0.001524736,0.0268728,0.02673286,0.02257684,0.02089722,0.01940311,0.01823893,0.01757548,0.01757727,0.01795153,0
206183_2401,1,40,2401,0.01712874,-0.04151268,-0.003245305,0.03812428,-0.008600013,-0.0204661,-0.01610872,0.02158563,0.01999878,0.01862383,0.01760057,0.01709702,0.01720996,0.01766598,0
206183_2402,2,40,2402,0.005442569,0.02433945,-0.00223542,0.01363369,-0.01634007,0.01427376,0.01091515,0.0224747,0.02085872,0.01948137,0.01850026,0.01810789,0.01835083,0.01894945,0
206183_2403,3,40,2403,0.00286924,0.01134545,0.006944382,-0.005743828,0.002200565,0.01787899,-0.02084857,0.02134561,0.01988543,0.01856736,0.01753398,0.01695651,0.01698681,0.01736316,0
206183_2404,4,40,2404,-0.02037813,-0.001021823,-0.0239158,0.009907163,0.01886852,-0.02499103,0.008228444,0.02123575,0.01980477,0.01851335,0.01750549,0.01695504,0.01700543,0.0173989,0
206183_2405,5,40,2405,0.0239849,0.001960006,-0.01355448,0.002181317,-0.0010905,-0.007789047,0.006068525,0.02193162,0.02039234,0.01904611,0.01804452,0.01757181,0.01772193,0.0182234,0
206183_2406,6,40,2406,-0.009536127,-0.008545628,0.02247729,0.0186953,3.122081e-05,-0.01093906,0.005775592,0.02058111,0.01924091,0.01810448,0.0173224,0.01708119,0.01738776,0.01800541,0
206183_2407,7,40,2407,0.01841553,-0.02310556,0.01245623,-0.007356353,-0.004079037,0.003310986,0.01171839,0.01932991,0.01814631,0.01714518,0.01646907,0.01629579,0.01661671,0.0172204,0
206183_2408,8,40,2408,0.01134479,-0.00397707,-0.02030091,-0.01129861,0.01773762,0.000791586,0.03403996,0.0224642,0.02077596,0.01931267,0.01822045,0.0176745,0.0177821,0.01825203,0
206183_2409,9,40,2409,-0.003746975,0.00291286,-0.05860505,0.01091996,-0.0271459,0.01085053,-0.02439577,0.02244093,0.02089397,0.01959867,0.01872178,0.01846925,0.01883349,0.01954433,0
206183_2410,10,40,2410,-0.01442804,0.02561184,-0.002542894,-0.01143155,-0.0169801,0.003698249,-0.01232033,0.02246786,0.02081573,0.01940342,0.01838366,0.01794183,0.01814291,0.01870015,0
206183_2411,11,40,2411,0.03437809,0.03132556,0.0003532355,0.01103037,-0.003958704,-0.01623753,-0.02564242,0.02356014,0.02181147,0.02024655,0.01902081,0.01831852,0.0183211,0.01871722,0
206183_2412,12,40,2412,0.1448961,0.1507545,0.123062,0.1125196,0.1164733,0.1041982,0.1164542,0.02070405,0.01938036,0.0182442,0.01744939,0.017187,0.01748108,0.01808927,1
206183_2413,13,40,2413,0.1573598,0.159984,0.1428499,0.110838,0.08482042,0.1138138,0.1157418,0.02096596,0.01961421,0.01843546,0.01758377,0.01724991,0.01749083,0.01805482,1
206183_2414,14,40,2414,0.239652,0.1724293,0.1186413,0.1358549,0.104005,0.1477377,0.1660475,0.02260307,0.02102019,0.01966948,0.01871505,0.01835858,0.01864315,0.01927933,1
206183_2415,15,40,2415,0.1553427,0.1573946,0.123275,0.1399158,0.1336366,0.126558,0.1430779,0.02087126,0.01970707,0.01874397,0.01815946,0.01817934,0.01872904,0.01957728,1
206183_2416,16,40,2416,0.2206523,0.2108433,0.1382497,0.1483136,0.119079,0.136375,0.1336501,0.0224561,0.02115007,0.01998275,0.01914007,0.01885807,0.01920079,0.01989341,1
206183_2417,17,40,2417,0.2636071,0.1980927,0.1550949,0.1430083,0.1314649,0.1478349,0.2098861,0.02282117,0.02145872,0.02032696,0.01962157,0.01959031,0.02017459,0.02109049,1
206183_2418,18,40,2418,0.1544995,0.134479,0.1083916,0.1178319,0.1374572,0.1118976,0.1800671,0.01990734,0.01896737,0.01826478,0.01798184,0.01835254,0.01917815,0.02024666,1
206183_2419,19,40,2419,0.1760733,0.1957775,0.1431515,0.133574,0.1600501,0.1798118,0.1635691,0.02291168,0.02163246,0.0205514,0.0198735,0.01986131,0.02047774,0.02141884,1
206183_2420,20,40,2420,0.1799592,0.1634011,0.1320971,0.1179305,0.1094204,0.1335128,0.1475668,0.02177834,0.02048617,0.01941244,0.01873915,0.01869635,0.01925285,0.02010204,1
206183_2421,21,40,2421,0.1208394,0.14468,0.1134928,0.1182831,0.1622016,0.114152,0.1811573,0.01970697,0.01887915,0.01826274,0.01804766,0.01848117,0.01937805,0.02049342,1
206183_2422,22,40,2422,0.1976125,0.1922196,0.1337722,0.1205613,0.1585278,0.1803771,0.1585649,0.02208679,0.02079699,0.0197145,0.01902717,0.01897334,0.01955074,0.0204111,1
206183_2423,23,40,2423,0.1770713,0.1351983,0.1275795,0.0919508,0.1165041,0.1443373,0.1516626,0.01994018,0.01898143,0.01821624,0.01782575,0.01804381,0.01878478,0.01974494,1
206183_2424,24,40,2424,0.1971406,0.1299234,0.1513166,0.09467984,0.1174203,0.1357213,0.1655187,0.02123388,0.02007501,0.01908488,0.01844654,0.01839437,0.01896041,0.01977809,1
206183_2425,25,40,2425,0.1733709,0.08705942,0.1333985,0.1172311,0.1414167,0.1790806,0.1944855,0.02023877,0.01941325,0.01887928,0.01883272,0.01952662,0.02070525,0.02204225,1
206183_2426,26,40,2426,0.1224701,0.08696557,0.1333768,0.1055122,0.1164371,0.1290788,0.1540321,0.01872953,0.01799772,0.01752945,0.01750002,0.01813602,0.01921317,0.02042092,1
206183_2427,27,40,2427,0.1409468,0.1490695,0.1394031,0.1231022,0.1199208,0.1527193,0.1626518,0.02040394,0.01941744,0.0186748,0.01836352,0.01872414,0.01964742,0.02074301,1
206183_2428,28,40,2428,0.1364117,0.1404316,0.1125129,0.1415777,0.1340382,0.171905,0.1757511,0.01937373,0.01860842,0.01810819,0.01805878,0.01870077,0.01982977,0.02108336,1
206183_2429,29,40,2429,0.1342833,0.1398105,0.1043573,0.08947052,0.1160608,0.1296864,0.1352923,0.0188386,0.01808593,0.01757141,0.01747094,0.01801555,0.01904622,0.02019908,1
206183_2430,30,40,2430,0.1494502,0.1256615,0.1412533,0.1511563,0.1356412,0.1594535,0.2084313,0.01953518,0.01881794,0.01836183,0.01835598,0.01905359,0.02025242,0.02156593,1
206183_2431,31,40,2431,0.1657385,0.1627463,0.1399752,0.1238374,0.1629059,0.1570165,0.1560549,0.02097824,0.01988834,0.01902617,0.01857015,0.01876233,0.01958772,0.02059104,1
206183_2432,32,40,2432,0.1696833,0.211043,0.161257,0.1451509,0.1492202,0.1446789,0.1639719,0.02079694,0.01973783,0.01890666,0.01847342,0.01868041,0.01951326,0.02052163,1
206183_2433,33,40,2433,0.1298528,0.1370492,0.1168922,0.109758,0.09268163,0.1363709,0.1578629,0.01876858,0.01799723,0.01746325,0.01731493,0.01778071,0.0187517,0.0198507,1
206183_2434,34,40,2434,0.1870357,0.1345275,0.1686073,0.1270191,0.09781252,0.1868534,0.1721721,0.02014189,0.01918676,0.01850572,0.01823364,0.01860954,0.01956372,0.02067468,1
206183_2435,35,40,2435,0.1887744,0.1011134,0.1398509,0.1159196,0.1143439,0.1175921,0.1639489,0.01970722,0.01870345,0.01794705,0.01753359,0.01768688,0.01843238,0.01935566,1
206183_2436,36,40,2436,0.1558133,0.1193213,0.1679462,0.1275925,0.1745462,0.1667937,0.2057936,0.02143107,0.02031642,0.01946886,0.01895206,0.01902328,0.01978297,0.02076175,1
206183_2437,37,40,2437,0.2003898,0.1397527,0.1464847,0.09870987,0.1114499,0.1085583,0.1209618,0.0215831,0.02015259,0.01899444,0.01808093,0.01762541,0.01793056,0.01850075,1
206183_2438,38,40,2438,0.2214334,0.1509587,0.1669676,0.1567235,0.1452148,0.1834733,0.1898831,0.0222891,0.02098626,0.02016687,0.01974577,0.01997251,0.02093122,0.02210952,1
206183_2439,39,40,2439,0.183589,0.1509656,0.1648168,0.1270936,0.1378638,0.1769171,0.1916027,0.02141221,0.02016556,0.01935189,0.01880771,0.01878156,0.01950752,0.02047478,1
206183_2440,40,40,2440,0.2660682,0.1812151,0.1553287,0.1364586,0.1411026,0.1437233,0.1491488,0.02357178,0.02175251,0.02049229,0.01947098,0.01893226,0.01933383,0.02004826,1
206183_2441,41,40,2441,0.3047628,0.2303391,0.1615998,0.1440334,0.1422582,0.1137791,0.1193549,0.02501233,0.02284351,0.02129475,0.01988993,0.01887927,0.01895684,0.0194077,1
206183_2442,42,40,2442,0.2908439,0.2600735,0.2251132,0.1563854,0.1416506,0.1355982,0.1545575,0.02584655,0.02356132,0.02193114,0.02034688,0.019077,0.01898853,0.01930873,1
206183_2443,43,40,2443,0.2726809,0.2242066,0.191478,0.1478705,0.1360543,0.1479271,0.1401665,0.02455504,0.02243166,0.0210436,0.0197507,0.0188195,0.01900145,0.01955252,1
206183_2444,44,40,2444,0.2682547,0.2049495,0.1840596,0.1063762,0.0996531,0.1213155,0.1162277,0.02399933,0.02190548,0.02050485,0.01912148,0.01801671,0.01802001,0.01839987,1
206183_2445,45,40,2445,0.4162832,0.2848052,0.238919,0.1836492,0.1406449,0.1782109,0.1623431,0.02772867,0.02512612,0.0233896,0.02168084,0.02030953,0.02027942,0.02070934,1
206183_2446,46,40,2446,0.2179119,0.1577135,0.1302191,0.1425764,0.1556335,0.115902,0.1524191,0.02247731,0.02064485,0.01952511,0.01851135,0.01784658,0.01815637,0.01879414,1
206183_2447,47,40,2447,0.2744446,0.2666839,0.20958,0.1741237,0.1295473,0.1475447,0.1361403,0.0254833,0.02317456,0.02160069,0.02008937,0.01891033,0.01889156,0.01929254,1
206183_2448,48,40,2448,0.2879859,0.1971154,0.1658041,0.1842761,0.1011192,0.1253807,0.1507836,0.0249463,0.02284205,0.02138661,0.02001807,0.01900463,0.01907373,0.01955206,1
206183_2449,49,40,2449,0.2567668,0.2402714,0.1792176,0.1462319,0.146986,0.1875959,0.148644,0.0230857,0.02126604,0.02003364,0.01898372,0.01835662,0.01864016,0.01927873,1
206183_2450,50,40,2450,0.3093512,0.253322,0.1741536,0.1781194,0.1148757,0.1196596,0.1203954,0.02596543,0.02365254,0.02189559,0.0203154,0.01914777,0.01903422,0.01936401,1
206183_2451,51,40,2451,-0.02548734,0.008327559,0.0101057,0.03051183,0.01795226,-0.02575308,0.004558138,0.02133488,0.01995007,0.01880176,0.01805275,0.0179056,0.01832244,0.01905725,0
206183_2452,52,40,2452,-0.03014218,0.01155803,8.531538e-05,-0.01442074,-0.006187746,-0.012243,0.01671376,0.0213311,0.01999842,0.01888465,0.01815785,0.01802847,0.01845913,0.01920987,0
206183_2453,53,40,2453,-0.001128354,0.01343464,-0.003699565,-0.02748683,-0.008374042,-0.01697875,-0.0001760209,0.02070272,0.01942808,0.01833669,0.01758813,0.01738218,0.01772283,0.01837771,0
206183_2454,54,40,2454,0.003008534,0.02603922,-0.008638227,0.01865505,-0.01269927,0.001182903,0.001841237,0.02129589,0.01990904,0.01875266,0.01798816,0.01781626,0.01820882,0.01892179,0
206183_2455,55,40,2455,0.03356679,0.006330471,-0.006579635,-0.01535831,0.02269101,2.313298e-05,0.01707183,0.02155642,0.02014318,0.01900834,0.01831701,0.01827441,0.01878674,0.01961303,0
206183_2456,56,40,2456,-0.006876953,0.03789966,-0.001788524,-0.02896002,0.005940562,0.003470068,-0.009945812,0.02110285,0.01972341,0.01857865,0.0178271,0.01766563,0.0180602,0.01877019,0
206183_2457,57,40,2457,-0.02734791,-0.003699971,0.006858671,-0.01351795,0.01322555,-0.01421562,0.01539935,0.0205024,0.01923807,0.01818711,0.01750843,0.01740089,0.01781999,0.01854152,0
206183_2458,58,40,2458,0.05785781,0.008940548,-0.01002853,0.02991421,0.004555675,-0.002580772,-0.03367787,0.02006169,0.01892119,0.01800853,0.01748826,0.01756808,0.01813129,0.01897651,0
206183_2459,59,40,2459,0.0145701,0.02563728,0.008666302,0.02230075,-0.005995586,0.01325957,0.02273034,0.02154508,0.02005978,0.01879984,0.01791915,0.01760694,0.01788651,0.01849923,0
206183_2460,0,41,2460,-0.02917775,-0.005970425,-0.008488442,0.01075466,0.006099166,-0.006820479,-0.001174998,0.02290146,0.0211825,0.01963677,0.01840786,0.01766352,0.01760181,0.01792272,0
206183_2461,1,41,2461,0.01654448,-0.004805031,-0.0001266771,0.008604031,0.006601284,-0.006976951,0.004777706,0.02087119,0.01950626,0.01838136,0.01765213,0.01751181,0.01791635,0.01862962,0
206183_2462,2,41,2462,-0.002532407,0.0008858594,0.02278546,-0.004873764,0.01273582,0.01932072,0.01320226,0.02159134,0.02013176,0.01879821,0.01773565,0.01711782,0.0171176,0.01747108,0
206183_2463,3,41,2463,0.03516145,0.05521594,0.01060074,0.02660046,0.02040517,0.01964238,-0.02863128,0.02172557,0.02020031,0.0189106,0.0180098,0.01768592,0.01796223,0.01857504,0
206183_2464,4,41,2464,-0.01063581,0.00465376,-0.00936869,-0.02928259,-0.01693141,-0.004524426,-0.0370184,0.02077277,0.01937617,0.01813804,0.01720039,0.01673597,0.01684971,0.01729212,0
206183_2465,5,41,2465,-0.02101971,-0.01752827,0.008234262,-0.04088071,-0.01548213,0.01200571,-0.003044443,0.02254362,0.02090079,0.01944757,0.01833364,0.01773823,0.01780027,0.01823164,0
206183_2466,6,41,2466,-0.02346601,0.0109694,-0.01867792,0.0005860802,-0.01048863,-0.003606675,-0.01064191,0.02319313,0.02136822,0.01982349,0.01870726,0.01819777,0.01836674,0.01890762,0
206183_2467,7,41,2467,-0.0267096,0.01794415,0.01201471,0.02174118,-0.008622445,0.02251812,-0.006796397,0.02097805,0.01955486,0.01834175,0.01748749,0.01717499,0.01743397,0.01801508,0
206183_2468,8,41,2468,0.00861851,-0.01990769,-0.02243579,0.02592243,-0.0003268502,-0.003539498,0.006567511,0.02117444,0.01960283,0.01823338,0.01719792,0.01665346,0.01671548,0.01711352,0
206183_2469,9,41,2469,-0.02190112,-0.02726135,-0.007151467,-0.006288628,-0.0301769,0.001904526,-0.002680193,0.02045655,0.01922044,0.01813352,0.0173515,0.01706928,0.01733208,0.01791075,0
206183_2470,10,41,2470,-0.005426767,-0.005373179,0.02028633,-0.02444925,-0.02069382,0.04143506,0.0006703186,0.02416829,0.02231307,0.02068143,0.01943254,0.01875582,0.01880644,0.01926123,0
206183_2471,11,41,2471,0.01317744,0.01631905,-0.009011284,0.01515628,0.002672899,-0.01111904,0.007852658,0.02314755,0.02134322,0.01973035,0.01844816,0.0176574,0.01756636,0.01786197,0
206183_2472,12,41,2472,-0.007186302,-0.01781223,-0.006056226,0.02762531,0.008649194,-0.01402272,0.01843093,0.02093776,0.01959016,0.01844951,0.01767313,0.01745661,0.01779884,0.01845695,0
206183_2473,13,41,2473,0.2017683,0.1508335,0.1219869,0.1284544,0.07606609,0.1294114,0.1174744,0.0225056,0.02094021,0.01956301,0.01853355,0.01804636,0.01820583,0.0187275,1
206183_2474,14,41,2474,0.218778,0.1642011,0.1950134,0.1287079,0.1403142,0.1486327,0.09744557,0.02270699,0.02120649,0.01993906,0.01908161,0.01885431,0.01925249,0.02000075,1
206183_2475,15,41,2475,0.1862974,0.1455653,0.127976,0.1041294,0.1172253,0.1565293,0.1479374,0.02082089,0.0197051,0.01878098,0.01822999,0.01828437,0.018859,0.01973341,1
206183_2476,16,41,2476,0.1542274,0.1894416,0.132232,0.09840771,0.1228262,0.1214776,0.1367041,0.02063701,0.01957906,0.01870804,0.01820796,0.01831556,0.01893166,0.01983959,1
206183_2477,17,41,2477,0.1532303,0.1184454,0.1002529,0.1529353,0.1414198,0.1397162,0.1772989,0.02057373,0.01955531,0.01877637,0.01842479,0.01874136,0.01953522,0.0205987,1
206183_2478,18,41,2478,0.2047963,0.14485,0.1344512,0.1213891,0.1344355,0.1647508,0.1296522,0.02095182,0.01983404,0.0188758,0.01825847,0.01821503,0.01871826,0.019524,1
206183_2479,19,41,2479,0.1782461,0.1810691,0.1688441,0.1810337,0.1441012,0.1548875,0.1978711,0.02259324,0.02135072,0.02029637,0.01963226,0.01961768,0.02021099,0.02113226,1
206183_2480,20,41,2480,0.1769359,0.1375807,0.1306715,0.1075324,0.1209674,0.1309626,0.1668689,0.02050461,0.01954241,0.01876761,0.01837199,0.01860457,0.01934072,0.02034385,1
206183_2481,21,41,2481,0.1860973,0.1759587,0.1205915,0.1563601,0.1246026,0.1431035,0.145403,0.02114848,0.02003323,0.01912936,0.01862585,0.01876481,0.01945068,0.02041182,1
206183_2482,22,41,2482,0.1703531,0.173083,0.1367498,0.08859016,0.1287142,0.1765409,0.1773166,0.02038752,0.01942447,0.01867451,0.01832759,0.01862906,0.01943309,0.02048135,1
206183_2483,23,41,2483,0.2035642,0.1462485,0.1496935,0.1599453,0.1436789,0.128444,0.1776207,0.02184523,0.02066597,0.01966151,0.01902524,0.01900559,0.0195949,0.02047218,1
206183_2484,24,41,2484,0.1445705,0.1422964,0.1000944,0.08781153,0.138577,0.1337053,0.1688162,0.01912295,0.01825556,0.01763791,0.0174425,0.01789036,0.01878257,0.01986494,1
206183_2485,25,41,2485,0.1732438,0.1579672,0.1354244,0.1163697,0.1191339,0.1534691,0.1321275,0.02103205,0.01986486,0.01890085,0.01832052,0.01835375,0.01897471,0.01984644,1
206183_2486,26,41,2486,0.1770254,0.1273036,0.1233311,0.1296932,0.103756,0.1222733,0.1587716,0.0199042,0.01889729,0.01812058,0.01774966,0.01800874,0.01878765,0.019772,1
206183_2487,27,41,2487,0.2089432,0.1696209,0.1264848,0.13231,0.1254946,0.1277911,0.2040249,0.02008597,0.01913755,0.01845995,0.01823647,0.01870151,0.0196694,0.02081995,1
206183_2488,28,41,2488,0.1617247,0.1285093,0.1077904,0.1381481,0.09628999,0.1305347,0.1520151,0.01993903,0.01891905,0.01809751,0.01764906,0.01779756,0.01849581,0.01939988,1
206183_2489,29,41,2489,0.1920446,0.1774924,0.121926,0.1312637,0.1098334,0.1482869,0.1445365,0.0213373,0.02009996,0.0191078,0.01854029,0.01862511,0.01932874,0.02025603,1
206183_2490,30,41,2490,0.143646,0.1239321,0.1474674,0.1048899,0.105349,0.1080247,0.1614033,0.01976569,0.01870381,0.01787685,0.01745048,0.01763643,0.01836635,0.01928489,1
206183_2491,31,41,2491,0.2165403,0.1467869,0.1233452,0.131345,0.1218031,0.1354617,0.1923624,0.02096442,0.01983694,0.01899101,0.01860727,0.01891829,0.01980644,0.02088718,1
206183_2492,32,41,2492,0.1360584,0.1487441,0.1060195,0.09910291,0.108159,0.1218257,0.1132654,0.0201803,0.01908613,0.01821461,0.01773257,0.01785884,0.01855691,0.01945594,1
206183_2493,33,41,2493,0.141562,0.1223616,0.1281803,0.1058676,0.1212319,0.08019321,0.1924799,0.01993559,0.01893825,0.01810554,0.0176032,0.01765788,0.01828331,0.01911986,1
206183_2494,34,41,2494,0.1288868,0.1347196,0.10101,0.1075595,0.1308234,0.1622838,0.1297957,0.01994394,0.01903423,0.01834105,0.01803398,0.01835509,0.01921289,0.02026215,1
206183_2495,35,41,2495,0.2148958,0.1420101,0.1284526,0.129679,0.124123,0.1725918,0.1683906,0.02073294,0.01958123,0.01869876,0.01823277,0.0184089,0.01916983,0.02014366,1
206183_2496,36,41,2496,0.1670109,0.1498196,0.1136348,0.1328976,0.08712719,0.1282316,0.1682007,0.02070615,0.01948882,0.01853343,0.01796133,0.01798899,0.01862101,0.01948301,1
206183_2497,37,41,2497,0.186291,0.14981,0.1647514,0.1479201,0.1432945,0.1444873,0.1587763,0.0209659,0.01971337,0.01872673,0.01810039,0.01805439,0.01863673,0.01946565,1
206183_2498,38,41,2498,0.1611332,0.1224135,0.11708,0.094191,0.08808094,0.1061124,0.1473243,0.02004877,0.01889631,0.01800087,0.01741792,0.01736005,0.01790109,0.01868152,1
206183_2499,39,41,2499,0.2122741,0.22286,0.1019297,0.1367744,0.1063343,0.1676324,0.1674707,0.02202413,0.02059049,0.01946589,0.01864888,0.01836702,0.01880633,0.01953832,1
206183_2500,40,41,2500,0.2146113,0.1668524,0.1367385,0.1865513,0.1054044,0.1254173,0.1202463,0.02256636,0.02099043,0.01973632,0.01872489,0.01817949,0.01842362,0.01899212,1
206183_2501,41,41,2501,0.2112385,0.1680696,0.1356206,0.1256219,0.12703,0.1395264,0.1402458,0.02260521,0.02089186,0.01959697,0.01855912,0.01799407,0.01824688,0.01882493,1
206183_2502,42,41,2502,0.246121,0.1790543,0.1608429,0.1358938,0.1254165,0.1367641,0.1406699,0.02302294,0.02127347,0.02000549,0.01897488,0.01841299,0.01871344,0.01934926,1
206183_2503,43,41,2503,0.3120818,0.2609003,0.2072078,0.1824153,0.1282826,0.1527266,0.1573563,0.02522892,0.0231564,0.02164116,0.02030793,0.01941322,0.01954601,0.02007717,1
206183_2504,44,41,2504,0.2722748,0.2315264,0.2091469,0.1122353,0.115208,0.1098749,0.1341453,0.02384874,0.02179703,0.02033493,0.01903409,0.01812568,0.01820209,0.01865149,1
206183_2505,45,41,2505,0.1902793,0.160004,0.152544,0.1276331,0.104684,0.1469408,0.1726225,0.02311056,0.02123281,0.01996108,0.0188406,0.01811086,0.01832966,0.0189004,1
206183_2506,46,41,2506,0.2738274,0.20042,0.1714914,0.1738795,0.1521293,0.1249007,0.1861358,0.02348863,0.02165677,0.02043884,0.01934494,0.01863391,0.01889861,0.01952615,1
206183_2507,47,41,2507,0.319227,0.2657805,0.2277114,0.1655669,0.1188055,0.1449224,0.1165821,0.02570045,0.02342012,0.02180108,0.02026946,0.01908871,0.01903568,0.01941297,1
206183_2508,48,41,2508,0.2930497,0.1836183,0.187819,0.1867878,0.1185645,0.1396616,0.1292197,0.02401572,0.02193502,0.02051319,0.01925658,0.01840561,0.0185557,0.019086,1
206183_2509,49,41,2509,0.2620823,0.1770547,0.1913538,0.1298052,0.1364351,0.1092848,0.1152505,0.02301881,0.02115235,0.01986928,0.01875805,0.01805229,0.0182626,0.01883162,1
206183_2510,50,41,2510,0.2242909,0.1983893,0.1556881,0.1466908,0.09530272,0.1136777,0.1211954,0.02405234,0.02206016,0.02058107,0.01924167,0.01827583,0.0182709,0.0186647,1
206183_2511,51,41,2511,0.0140841,0.01696296,0.0255385,-0.02589977,-0.0006799716,0.01003697,0.01171453,0.02136643,0.01988747,0.01861234,0.01769003,0.01730274,0.01751083,0.01805212,0
206183_2512,52,41,2512,-0.04053925,0.01587684,0.04121625,0.02580066,-0.003208857,0.01255719,0.01052789,0.02079328,0.0195475,0.01849444,0.0177999,0.01767257,0.01808494,0.01880897,0
206183_2513,53,41,2513,0.02780192,0.01173525,0.02492096,-0.01910311,0.02307289,-0.0366269,0.003430264,0.02342348,0.02167333,0.0201628,0.01905178,0.01853357,0.01870008,0.0192475,0
206183_2514,54,41,2514,0.0192998,0.0189262,-0.00598333,-0.03444414,0.00353576,-0.0126888,-0.03078372,0.02135836,0.01996763,0.0187743,0.01793815,0.0176574,0.01795633,0.01858584,0
206183_2515,55,41,2515,0.01828679,0.001856359,-0.002809917,-0.008929222,0.00926441,-0.006690207,-0.004587908,0.02371787,0.02192342,0.02036946,0.0192162,0.01865653,0.0187964,0.01932558,0
206183_2516,56,41,2516,0.03625581,-0.004904181,-0.005631045,-0.001231746,0.02350765,0.02044739,-0.04676953,0.0223948,0.02082858,0.01945676,0.01843724,0.01796246,0.01812681,0.01865268,0
206183_2517,57,41,2517,0.03104462,0.04845121,0.02123371,-0.01549164,0.003058194,-0.003846216,-0.001430567,0.02165439,0.02020513,0.01894661,0.01803644,0.01766881,0.01790137,0.01847553,0
206183_2518,58,41,2518,0.009964777,-0.0258153,-0.02174007,0.00101064,-0.0003943025,0.007361661,-0.01311717,0.02148849,0.02006551,0.01885339,0.01801171,0.01773804,0.01804812,0.01869017,0
206183_2519,59,41,2519,-0.03150931,-0.02942031,-3.927195e-05,0.01173324,0.02521707,0.0418314,0.03692901,0.02101721,0.01957162,0.01835247,0.01750773,0.01721918,0.01750105,0.01810319,0
206183_2520,0,42,2520,0.001324299,-0.009596809,0.04994639,-0.004676894,0.003370067,-0.03716775,-0.0001735613,0.02082246,0.01934763,0.01810512,0.01723534,0.01690971,0.01715315,0.01771348,0
206183_2521,1,42,2521,0.008399674,0.03260943,0.01472709,-0.01096142,0.03288182,-0.009197099,-0.009217982,0.02153628,0.02007374,0.01879613,0.0178561,0.01744068,0.01762667,0.01815411,0
206183_2522,2,42,2522,0.01434654,0.02180344,0.008442771,0.01586784,0.0238544,0.009959795,0.02052447,0.02204996,0.02038429,0.01894888,0.01788458,0.0173602,0.01747255,0.01793726,0
206183_2523,3,42,2523,0.001708195,-0.003812125,-0.02494623,0.009627293,0.005271548,-0.01757853,-0.04421888,0.02181724,0.02024484,0.01884779,0.01776805,0.01717502,0.01721232,0.01760399,0
206183_2524,4,42,2524,-0.0299229,0.01397048,-0.01350047,0.002375849,-0.02343211,-0.03330957,0.02321062,0.02261719,0.02101066,0.01962187,0.01861069,0.01817226,0.01837829,0.01894721,0
206183_2525,5,42,2525,0.08214907,-0.01378905,-0.004131622,-0.02665785,0.03951179,0.006886863,-0.01991982,0.02356664,0.02161804,0.01993869,0.01866653,0.01796308,0.01797357,0.01837286,0
206183_2526,6,42,2526,0.004470446,0.005626807,-0.006850187,-0.03900262,-0.0140855,-0.01566492,0.002426752,0.02128417,0.01982556,0.01858133,0.01770244,0.01737433,0.01763046,0.01821582,0
206183_2527,7,42,2527,0.01670632,0.0106019,-0.02734781,-0.02111402,-0.01446142,0.003061062,-0.02808949,0.02060995,0.01924838,0.01805621,0.01717829,0.01679243,0.01697123,0.01747126,0
206183_2528,8,42,2528,-0.0006411852,0.0087344,-0.01737479,0.006271647,0.0195274,-0.008129801,0.026444,0.02161218,0.02007149,0.01878652,0.01790747,0.01761837,0.01792202,0.01855552,0
206183_2529,9,42,2529,0.02835076,0.0134247,0.02224151,0.007218278,-0.01206678,0.002401515,-0.005449282,0.02148639,0.01988349,0.01850282,0.0174809,0.0169815,0.01709604,0.01754998,0
206183_2530,10,42,2530,0.0182947,0.03031653,-0.007798448,-0.004268851,-0.006522712,-0.00170754,0.03171777,0.02119383,0.01980985,0.01864744,0.01786572,0.01766232,0.018024,0.01870625,0
206183_2531,11,42,2531,-0.01160853,-0.01073596,0.00717282,-0.01681031,0.01344089,-0.002893321,0.0126721,0.02196108,0.02047444,0.01920001,0.01829915,0.01797092,0.01825096,0.0188747,0
206183_2532,12,42,2532,0.01448767,-0.01869388,-0.01440282,-0.006989091,-0.006903753,-0.01387847,0.01749504,0.01964995,0.01847692,0.01752851,0.01695708,0.01695354,0.01743285,0.01818792,0
206183_2533,13,42,2533,0.01016839,0.05022347,0.003113736,-0.01218243,-0.00662768,0.009265969,-0.02798449,0.01983269,0.01873844,0.01786085,0.01736473,0.01745892,0.01802833,0.01887373,0
206183_2534,14,42,2534,0.1917671,0.1690885,0.148306,0.1202641,0.1029252,0.1211683,0.1248153,0.02092789,0.01961234,0.01848758,0.01771341,0.01748924,0.01782445,0.01847677,1
206183_2535,15,42,2535,0.1883932,0.1762769,0.1330316,0.124756,0.120829,0.134663,0.1767671,0.02123274,0.02004139,0.01906803,0.01849515,0.01855469,0.01914653,0.02004521,1
206183_2536,16,42,2536,0.2441067,0.1971874,0.1569126,0.1781778,0.1549161,0.1769393,0.1837517,0.02338409,0.02186281,0.02058859,0.01975072,0.01958594,0.02006394,0.0209009,1
206183_2537,17,42,2537,0.1697252,0.1584866,0.1362142,0.1074009,0.1151615,0.08351208,0.1652157,0.02031773,0.01924559,0.01836949,0.01786591,0.0179606,0.0185537,0.01943131,1
206183_2538,18,42,2538,0.1860197,0.1700942,0.1865083,0.09597121,0.1251466,0.1317959,0.1704828,0.02094176,0.01982122,0.01889366,0.0183425,0.01840259,0.01899102,0.01987721,1
206183_2539,19,42,2539,0.1912154,0.1595625,0.1985739,0.1225248,0.136936,0.1565582,0.162242,0.02148745,0.02029205,0.01933266,0.01879698,0.01892365,0.01959213,0.02055773,1
206183_2540,20,42,2540,0.2180796,0.1527288,0.1026959,0.1705559,0.1231329,0.1198073,0.164057,0.02175591,0.02055017,0.01947927,0.0187271,0.01852898,0.01892618,0.0196502,1
206183_2541,21,42,2541,0.2159889,0.2120486,0.1744012,0.1483216,0.1519401,0.1479162,0.1707132,0.02302213,0.02160955,0.02038158,0.01952809,0.01928852,0.01970324,0.02046315,1
206183_2542,22,42,2542,0.2083597,0.1532636,0.1369664,0.1194226,0.1589533,0.1376247,0.1468779,0.02139928,0.02018616,0.01917685,0.01855401,0.01854994,0.0191168,0.01997686,1
206183_2543,23,42,2543,0.2330595,0.2286271,0.1776823,0.1217269,0.1367174,0.1440603,0.1593018,0.02290322,0.02145584,0.02019751,0.01931175,0.0190286,0.01941204,0.02012927,1
206183_2544,24,42,2544,0.1674218,0.1684098,0.1494408,0.1409924,0.1187335,0.1118163,0.1624229,0.02118016,0.01997291,0.01893068,0.01822929,0.01809226,0.01854489,0.01928718,1
206183_2545,25,42,2545,0.201185,0.1538739,0.1479261,0.09918495,0.1638022,0.129103,0.1707609,0.02130719,0.0200753,0.01901514,0.01830279,0.01816162,0.01862134,0.01936734,1
206183_2546,26,42,2546,0.1810112,0.1619154,0.1031336,0.0866817,0.1423215,0.1556685,0.1683423,0.0214133,0.02025266,0.01928709,0.01870503,0.01874771,0.01937872,0.02028039,1
206183_2547,27,42,2547,0.1940136,0.2124493,0.1696527,0.1020878,0.1275364,0.1356239,0.1072222,0.02184117,0.0204663,0.01927072,0.01842432,0.01813942,0.01850322,0.01916012,1
206183_2548,28,42,2548,0.1627655,0.164542,0.1260582,0.1255406,0.1053263,0.133437,0.1333758,0.02022017,0.01909909,0.01818132,0.01763618,0.0176787,0.01827276,0.01910474,1
206183_2549,29,42,2549,0.1931796,0.153992,0.141236,0.1186656,0.1400542,0.1201063,0.1434743,0.02064887,0.01944415,0.01847041,0.01789699,0.01793756,0.01854986,0.01940145,1
206183_2550,30,42,2550,0.194615,0.1918782,0.1245082,0.1398636,0.1071985,0.1710038,0.1530341,0.02134401,0.02019401,0.01927872,0.01878752,0.01896238,0.01972148,0.02072185,1
206183_2551,31,42,2551,0.2221831,0.147214,0.1323492,0.1277632,0.1220869,0.1334416,0.1699249,0.02146883,0.02019819,0.01912192,0.01841598,0.01830374,0.01881813,0.01959721,1
206183_2552,32,42,2552,0.1680833,0.153374,0.1741469,0.1514374,0.1272576,0.1722943,0.1682341,0.02147293,0.02028965,0.01931503,0.01873547,0.01879071,0.01945259,0.02036799,1
206183_2553,33,42,2553,0.1864724,0.187698,0.1458349,0.1354928,0.1060782,0.1030551,0.1662334,0.02170699,0.02035209,0.0192234,0.01849162,0.01837447,0.01889356,0.01968011,1
206183_2554,34,42,2554,0.1542406,0.128549,0.08888777,0.08363765,0.09104337,0.09757129,0.1348912,0.01943924,0.01844928,0.01771398,0.01739572,0.01770668,0.0185032,0.0194973,1
206183_2555,35,42,2555,0.2262675,0.1351601,0.1136964,0.1381271,0.1128327,0.08911624,0.1385847,0.02060575,0.01936423,0.01837389,0.01779038,0.01782085,0.01842098,0.01926244,1
206183_2556,36,42,2556,0.1461366,0.1807009,0.1180621,0.1112619,0.08237256,0.1458709,0.1367528,0.02066278,0.01941089,0.0183728,0.01769605,0.01758694,0.01806629,0.01880543,1
206183_2557,37,42,2557,0.2045483,0.1936885,0.1627403,0.1030697,0.1112259,0.1489069,0.1452013,0.02189947,0.02046164,0.01929392,0.01853696,0.01840337,0.01890931,0.01969865,1
206183_2558,38,42,2558,0.1748627,0.1709743,0.1257799,0.09308989,0.1001804,0.09946297,0.1218515,0.02042273,0.01923414,0.01826328,0.01763373,0.01755747,0.01805637,0.0188187,1
206183_2559,39,42,2559,0.3000138,0.2005193,0.1823293,0.1502622,0.1647367,0.1507526,0.1571708,0.02307601,0.02143468,0.02005116,0.01901655,0.01854092,0.01879608,0.01938919,1
206183_2560,40,42,2560,0.180794,0.1650741,0.1193757,0.1094535,0.1302404,0.1325969,0.1148522,0.02191214,0.02040035,0.01919501,0.01835446,0.01808594,0.01848737,0.01919386,1
206183_2561,41,42,2561,0.1809983,0.1438624,0.1351529,0.1245946,0.1254939,0.1303792,0.1425992,0.02110491,0.01972871,0.01867794,0.01797525,0.01783023,0.01831765,0.01909059,1
206183_2562,42,42,2562,0.1898475,0.1877542,0.1374242,0.1018016,0.121632,0.1372901,0.1596144,0.02096367,0.01956888,0.01854338,0.01785968,0.01772391,0.01822705,0.0190125,1
206183_2563,43,42,2563,0.2600682,0.1662184,0.1687034,0.1215708,0.1188244,0.122459,0.1518426,0.02303013,0.02122554,0.01979739,0.01862912,0.01792521,0.01803201,0.0184982,1
206183_2564,44,42,2564,0.195857,0.1537416,0.1470561,0.09738649,0.1102102,0.1011998,0.1476886,0.02265352,0.02100347,0.0197485,0.01872688,0.01816425,0.01840185,0.01898793,1
206183_2565,45,42,2565,0.2495457,0.2184804,0.1716759,0.1600197,0.1257092,0.1344312,0.1443115,0.02369884,0.02181278,0.02038572,0.01917309,0.01840162,0.0185193,0.01901542,1
206183_2566,46,42,2566,0.2962419,0.2108262,0.1708336,0.1657321,0.1067998,0.1701602,0.1325259,0.02441137,0.02237779,0.02082552,0.01943777,0.01844253,0.0184061,0.01877377,1
206183_2567,47,42,2567,0.2204525,0.1728755,0.1582062,0.1404127,0.09746314,0.1135116,0.1334305,0.02304721,0.02124098,0.01995174,0.01886462,0.01821118,0.01843475,0.0190179,1
206183_2568,48,42,2568,0.282798,0.2008789,0.1985193,0.1355139,0.09229438,0.1112746,0.148339,0.02342315,0.02143876,0.0200017,0.01876299,0.01794239,0.01803806,0.0185079,1
206183_2569,49,42,2569,0.2846555,0.2525713,0.1668633,0.1279559,0.1418805,0.119733,0.09784008,0.02516473,0.02301107,0.02136239,0.0198329,0.01865663,0.01850176,0.01877678,1
206183_2570,50,42,2570,0.0231938,-0.05661514,0.009306623,0.007996626,0.005115169,-0.01680688,0.02720016,0.02192127,0.02037853,0.01903045,0.01802808,0.01755502,0.0177063,0.01820696,0
206183_2571,51,42,2571,-0.002607739,-0.0163604,0.02657039,-0.0002977618,0.01236125,-0.03227491,-0.001390677,0.02236907,0.02085347,0.0195564,0.01864461,0.01832413,0.01862569,0.01927871,0
206183_2572,52,42,2572,0.03742585,0.005674843,-0.009387729,-0.01536612,-0.03416318,-0.0263497,0.001735269,0.02171781,0.02021107,0.01895175,0.01809614,0.0178367,0.01816971,0.01883406,0
206183_2573,53,42,2573,0.007058373,-0.0116965,0.007271836,-0.03455254,0.02120238,0.01646014,0.002587167,0.02146686,0.02010386,0.01893862,0.01813672,0.01790479,0.01824989,0.0189259,0
206183_2574,54,42,2574,-0.02296632,0.015198,0.003556696,-0.01362333,-0.006815292,-0.02195004,0.02418566,0.02168565,0.02022674,0.01895915,0.01803995,0.0176624,0.01788765,0.01845528,0
206183_2575,55,42,2575,0.01472232,-0.02038146,0.0153109,0.03142892,0.01323398,-0.01230776,0.01438111,0.02139455,0.02000955,0.01880968,0.01795497,0.01764394,0.0179166,0.01852345,0
206183_2576,56,42,2576,-0.007931736,-0.01602909,0.005704842,0.0101044,-0.004160582,-0.03490508,0.0368366,0.02160045,0.02022569,0.01903142,0.01818271,0.01788524,0.01817632,0.01880626,0
206183_2577,57,42,2577,-0.02884508,0.005430546,0.0110059,-0.003773809,0.004918776,-0.004106765,0.002223913,0.02062585,0.01933582,0.01827404,0.01759957,0.01751108,0.0179511,0.0186935,0
206183_2578,58,42,2578,0.02904416,0.03343608,-0.02970507,0.02380604,0.01970099,0.0124856,-0.009209174,0.02379452,0.021909,0.02025751,0.018988,0.0182745,0.01827986,0.0186823,0
206183_2579,59,42,2579,0.002240664,0.01800623,0.02628263,0.008958129,0.0004988759,-0.005535151,0.02428201,0.02121639,0.01980643,0.01862766,0.01783702,0.01762891,0.01798714,0.01866601,0
206183_2580,0,43,2580,-0.0318221,-0.01851611,0.006431616,-0.02085764,-0.01616505,0.0280581,0.001801716,0.02089764,0.01947365,0.01822926,0.0173082,0.0168858,0.01704324,0.01752873,0
206183_2581,1,43,2581,0.01725598,0.0001164555,0.008695664,0.02845709,0.004151995,-0.01759821,0.0337258,0.02303188,0.02136778,0.02003532,0.0192016,0.01907237,0.01956297,0.02039799,0
206183_2582,2,43,2582,-0.0195117,0.0022865,-0.0321034,0.01566492,0.04308883,0.0267506,0.005425927,0.02088757,0.01954576,0.01842814,0.01769278,0.01753645,0.01792741,0.01863027,0
206183_2583,3,43,2583,-0.0111098,-0.003404376,0.03436429,0.008399036,0.01332862,-0.002614934,0.00460224,0.02263511,0.02092549,0.0194636,0.0183987,0.01791077,0.0180767,0.01860479,0
206183_2584,4,43,2584,-0.004410563,0.004123936,0.002364157,-0.011079,-0.02438701,-0.01139416,0.01324468,0.02200872,0.0203865,0.01896876,0.01789855,0.01734729,0.01743186,0.01787124,0
206183_2585,5,43,2585,-0.01031163,0.04436958,0.008932091,-0.01908379,0.01192911,-0.01685343,-0.01806345,0.02103576,0.01953761,0.01828128,0.01740934,0.01709596,0.01735789,0.01793978,0
206183_2586,6,43,2586,0.07974296,0.01814446,-0.03525468,-0.009618819,-0.01793932,0.0265469,0.0115074,0.02402616,0.02218865,0.02054057,0.01923527,0.01845219,0.01839691,0.01874908,0
206183_2587,7,43,2587,0.02221452,-0.01030394,-0.008016008,0.02395976,0.00752987,0.006687638,-0.005463985,0.02201909,0.02045836,0.01905738,0.01796165,0.01734492,0.0173658,0.01774738,0
206183_2588,8,43,2588,-0.005359814,0.02058461,0.0231646,-0.009604269,-0.01437615,0.00276259,-0.01008286,0.02170959,0.02013782,0.01875773,0.01771138,0.01716926,0.01725033,0.01768029,0
206183_2589,9,43,2589,0.03646275,0.01172097,0.003131443,0.0061091,0.007688648,-0.01478273,-0.004951655,0.02216355,0.0206366,0.01932405,0.01838646,0.01802116,0.01827538,0.01887971,0
206183_2590,10,43,2590,0.01421558,-0.01802242,-0.007940364,-0.01534635,0.002753202,-0.004305797,0.01820218,0.0206478,0.01928695,0.01809824,0.01722777,0.01685513,0.01704733,0.01756063,0
206183_2591,11,43,2591,0.01519704,-0.001839449,0.009359714,0.00393505,0.01886325,0.04008155,0.01005712,0.02184313,0.02041346,0.01917231,0.01828357,0.01795039,0.01821983,0.01883352,0
206183_2592,12,43,2592,-0.02002549,-0.05801586,-0.02710431,-0.001854391,0.01982316,0.01016029,-0.002253939,0.02294681,0.02132732,0.0198601,0.01870075,0.01803531,0.018044,0.01843503,0
206183_2593,13,43,2593,-0.01244101,0.01169637,0.01432264,-0.006914717,0.005746067,0.01339023,0.01397636,0.02268342,0.02107063,0.01966155,0.01861501,0.01812408,0.01828634,0.01881499,0
206183_2594,14,43,2594,0.01752164,0.007689622,-0.004634425,-0.0116439,0.01696315,0.01462858,0.00676645,0.02324194,0.02151903,0.02003211,0.01894049,0.01843709,0.01861139,0.01916108,0
206183_2595,15,43,2595,0.2248477,0.1729044,0.1589049,0.1258352,0.09323157,0.1297562,0.1416501,0.02187506,0.02045204,0.01922779,0.0183688,0.018082,0.018396,0.01904986,1
206183_2596,16,43,2596,0.1384255,0.1354439,0.09950832,0.1105134,0.1103265,0.1350451,0.1470837,0.01943749,0.01839743,0.01752497,0.01698098,0.01697071,0.01743827,0.01818307,1
206183_2597,17,43,2597,0.1944265,0.1456495,0.1201141,0.1285192,0.1245679,0.1433237,0.1843129,0.01981921,0.01890892,0.01823771,0.01798891,0.01839831,0.01923598,0.02032832,1
206183_2598,18,43,2598,0.1871336,0.124377,0.1421996,0.1181696,0.1236203,0.1406399,0.206329,0.02145423,0.02031425,0.01937616,0.01883192,0.01892776,0.01956148,0.02050491,1
206183_2599,19,43,2599,0.1648931,0.1454409,0.1656387,0.1228497,0.1182913,0.116188,0.1595318,0.02127167,0.02016211,0.01924325,0.01870618,0.01879671,0.01942161,0.02035186,1
206183_2600,20,43,2600,0.2044861,0.123283,0.147436,0.09307287,0.1026038,0.1655614,0.1252129,0.02134037,0.02010609,0.0190644,0.01839356,0.01831968,0.01880826,0.01960805,1
206183_2601,21,43,2601,0.2563389,0.2353765,0.2283622,0.1886619,0.1239833,0.16916,0.1926862,0.02434211,0.0226248,0.02113793,0.02006438,0.01962907,0.01991485,0.02058445,1
206183_2602,22,43,2602,0.2184028,0.1965634,0.1817779,0.1414992,0.1341369,0.149899,0.143001,0.02344923,0.0219295,0.02059618,0.0196344,0.01927507,0.01959591,0.02027957,1
206183_2603,23,43,2603,0.1751522,0.1419192,0.1384144,0.1253611,0.06404448,0.1407536,0.175453,0.02102858,0.01984219,0.01884839,0.01822476,0.01819716,0.0187248,0.01954524,1
206183_2604,24,43,2604,0.1842357,0.1360165,0.1013294,0.09011641,0.1044778,0.1185692,0.1050537,0.02026271,0.01905686,0.01808237,0.01750065,0.01751439,0.01805366,0.01885868,1
206183_2605,25,43,2605,0.2154815,0.1827609,0.1266751,0.1017526,0.1227741,0.09596931,0.1512327,0.02131261,0.02000296,0.01891206,0.01821038,0.01811188,0.0185971,0.01937371,0
206183_2606,26,43,2606,0.149687,0.1404149,0.1294104,0.1037701,0.1187099,0.1151387,0.147909,0.02055621,0.01935715,0.01834142,0.0176749,0.01756718,0.01801916,0.01874842,1
206183_2607,27,43,2607,0.2569011,0.2062966,0.1756297,0.1351438,0.09803111,0.1827227,0.1600017,0.02377034,0.02207454,0.02055902,0.01939081,0.01877159,0.01889166,0.01937285,1
206183_2608,28,43,2608,0.2054137,0.1346056,0.1182601,0.09909449,0.09869359,0.1289018,0.1239322,0.0214348,0.0200199,0.0188045,0.01794702,0.01764355,0.01796378,0.01858068,1
206183_2609,29,43,2609,0.1811765,0.1384312,0.1386914,0.1063988,0.1404151,0.124106,0.1563295,0.02100849,0.01976216,0.01872083,0.01805544,0.01798159,0.01848968,0.01927119,1
206183_2610,30,43,2610,0.1783692,0.1397686,0.1014154,0.1210426,0.1092316,0.1517101,0.1582762,0.01924778,0.01830456,0.01762566,0.01737781,0.01777294,0.01861478,0.01965803,1
206183_2611,31,43,2611,0.1877448,0.1496052,0.1323884,0.09709111,0.09850453,0.1138526,0.1748983,0.02004442,0.01896697,0.01812247,0.01768181,0.01786212,0.01855527,0.01948241,1
206183_2612,32,43,2612,0.1998567,0.1404088,0.1349786,0.09817804,0.08643113,0.136279,0.1335691,0.02080632,0.01956851,0.01850494,0.01778074,0.01760437,0.0180166,0.0187049,1
206183_2613,33,43,2613,0.1695751,0.1544751,0.1247923,0.1249736,0.1303616,0.1459192,0.1258732,0.02028262,0.01911842,0.01815706,0.01756361,0.01754754,0.01808009,0.01886747,1
206183_2614,34,43,2614,0.1559245,0.1483016,0.1326725,0.09886753,0.128502,0.1356748,0.1343547,0.02115697,0.01972441,0.01850175,0.01763898,0.01732234,0.01762385,0.01821418,1
206183_2615,35,43,2615,0.1782323,0.1509102,0.1140724,0.09157839,0.1311372,0.1109758,0.1393353,0.02067995,0.0193959,0.01835918,0.01772879,0.01770658,0.01824532,0.01904528,1
206183_2616,36,43,2616,0.08356373,0.1176475,0.1135529,0.1033946,0.07534421,0.1472875,0.1219898,0.01869261,0.0176921,0.01692042,0.0165252,0.01669798,0.01732583,0.01816913,1
206183_2617,37,43,2617,0.2309245,0.1631418,0.137539,0.1323643,0.09839019,0.08944241,0.1163046,0.02197818,0.02039782,0.01902034,0.01798493,0.01747076,0.01762084,0.01809432,1
206183_2618,38,43,2618,0.2090693,0.1727743,0.1362191,0.1062871,0.09380614,0.1433618,0.1310185,0.02154911,0.02016756,0.01896488,0.01808892,0.01774243,0.01802217,0.01861517,1
206183_2619,39,43,2619,0.1769161,0.1475561,0.1458039,0.1248134,0.1044483,0.1061158,0.1253336,0.02169175,0.02016884,0.0188798,0.017953,0.0175767,0.017839,0.01841712,1
206183_2620,40,43,2620,0.1668839,0.1616594,0.1012501,0.1095028,0.09988808,0.1009497,0.1094392,0.02065256,0.0192654,0.01810078,0.01727008,0.01695672,0.01723647,0.01781256,1
206183_2621,41,43,2621,0.1664437,0.138493,0.09256422,0.07973659,0.08824571,0.1264004,0.1245998,0.02014016,0.01884078,0.01776745,0.01701541,0.01677075,0.01709495,0.01770476,1
206183_2622,42,43,2622,0.211789,0.1206363,0.142586,0.1353558,0.1303806,0.1136779,0.123797,0.02142068,0.02006907,0.01896817,0.01820377,0.01799178,0.01839952,0.01911972,1
206183_2623,43,43,2623,0.2176454,0.1913505,0.1469178,0.1162092,0.1146631,0.1100459,0.1722329,0.02228891,0.02070237,0.01936366,0.01830802,0.01773322,0.01786228,0.01834178,1
206183_2624,44,43,2624,0.1557498,0.1675099,0.1711077,0.1218697,0.1093597,0.1322166,0.1362547,0.02223139,0.02060308,0.01931482,0.01836528,0.01795681,0.01824796,0.01887539,1
206183_2625,45,43,2625,0.2536149,0.1887019,0.1801453,0.1393007,0.1319696,0.1018674,0.1507219,0.02294845,0.02131429,0.01999224,0.0189394,0.0183764,0.01857161,0.01913194,1
206183_2626,46,43,2626,0.2033524,0.2002729,0.1277351,0.1387903,0.1127267,0.1103024,0.1078386,0.02293529,0.02109323,0.01961908,0.01840609,0.01764731,0.01768437,0.01809127,1
206183_2627,47,43,2627,0.2020177,0.1564607,0.146396,0.1282832,0.1358094,0.1371749,0.1379133,0.02212592,0.020527,0.01931306,0.01836311,0.01789305,0.018168,0.01878376,1
206183_2628,48,43,2628,0.2329143,0.1740333,0.1273498,0.1299485,0.1223132,0.1693284,0.1621211,0.02272936,0.02106652,0.01982608,0.01885101,0.0183682,0.01866928,0.01932323,1
206183_2629,49,43,2629,0.01007811,-0.02474453,0.003413795,-0.02877151,-0.006101211,-0.004727413,-0.03326818,0.02303254,0.02136028,0.01988793,0.01877296,0.01820527,0.01831186,0.01879501,0
206183_2630,50,43,2630,-0.006541749,-0.01806159,0.004011714,0.0029281,0.02062458,0.02819473,-0.003376164,0.02212087,0.02062494,0.01939294,0.01859177,0.01842827,0.01885861,0.0196223,0
206183_2631,51,43,2631,0.003579122,0.00523782,0.0149809,0.03203149,0.01251381,0.01119122,-0.01860264,0.02018825,0.01896959,0.01794952,0.0172851,0.01717341,0.01757831,0.01828,0
206183_2632,52,43,2632,0.001564853,0.02171437,0.01146773,-0.006109076,0.002035526,0.01768626,0.002829834,0.0215979,0.02007485,0.01881024,0.01795634,0.01770017,0.01803206,0.01869132,0
206183_2633,53,43,2633,-0.01269207,-0.01283268,-0.003489448,0.01579248,0.00588312,-0.001768649,0.02998872,0.02148094,0.02005252,0.01890755,0.01820781,0.01815394,0.01865411,0.01946631,0
206183_2634,54,43,2634,0.009380183,0.02112426,0.01790402,-0.004450492,0.02821216,-0.003593187,-0.02356261,0.01920665,0.01809933,0.01716607,0.01655558,0.01645525,0.01683422,0.0174913,0
206183_2635,55,43,2635,-0.007641709,0.006313072,-0.006363171,-0.02822362,-0.01237233,0.02475677,0.0003589056,0.02123832,0.01982686,0.01862506,0.01778863,0.01751007,0.01780731,0.0184312,0
206183_2636,56,43,2636,0.006009117,0.007080535,0.02365391,0.0662567,-0.006726185,-0.0273148,-0.0033097,0.02168537,0.02013911,0.0187985,0.01781042,0.01735301,0.01750939,0.01800989,0
206183_2637,57,43,2637,0.006849007,0.005984018,-0.001815987,0.02821531,-0.02366719,0.01234372,0.0107637,0.02005653,0.01885389,0.01785808,0.01722582,0.01715384,0.01758758,0.01831309,0
206183_2638,58,43,2638,0.02974566,-0.003430664,0.01272884,-0.02825564,0.02365817,0.006568116,0.006242687,0.0220147,0.02057043,0.01931022,0.01839907,0.01804138,0.01829428,0.01889723,0
206183_2639,59,43,2639,0.01269072,-0.03340452,0.03077415,-0.005660029,0.01224176,-0.0192132,-0.002594272,0.02045098,0.0190959,0.01797735,0.01724324,0.01707652,0.01744379,0.01811202,0
206183_2640,0,44,2640,-0.01362973,0.01540835,0.02309205,-0.01890985,0.01829716,0.01356365,0.02705242,0.02090544,0.01948174,0.01823894,0.01732115,0.01690424,0.0170669,0.01755746,0
206183_2641,1,44,2641,0.04265348,0.0003126836,0.005662665,-0.0004478517,0.02772051,0.0256466,0.01606575,0.02153963,0.02009477,0.0188163,0.01785695,0.01740354,0.01755418,0.01804947,0
206183_2642,2,44,2642,-0.01006892,0.03319705,-0.02672562,0.0304453,0.007882167,0.004008146,0.01614979,0.02227487,0.0206712,0.01929399,0.0182971,0.01786784,0.01807084,0.01862791,0
206183_2643,3,44,2643,0.02147403,0.01209665,-0.01503624,0.0286,-0.0123763,0.006679185,-0.001181598,0.02226485,0.02072557,0.01937017,0.01835612,0.01787547,0.01802888,0.0185423,0
206183_2644,4,44,2644,0.02937629,-0.02270098,-0.02198681,-0.003981448,0.02890262,-0.01583342,0.03468869,0.02325874,0.02150414,0.0199793,0.01883882,0.01826828,0.01838145,0.01887546,0
206183_2645,5,44,2645,0.0136073,-0.00638342,0.01342812,0.01728793,0.0004797687,0.01268203,-0.04186423,0.02259784,0.02093004,0.0194944,0.01844355,0.01796221,0.0181313,0.01866303,0
206183_2646,6,44,2646,0.0220366,0.0139709,-0.05159225,-0.02121902,-0.003728753,0.00452834,0.0004319513,0.02274214,0.02104658,0.01953969,0.01836764,0.01770351,0.01771083,0.01809404,0
206183_2647,7,44,2647,-0.0006811551,0.02704093,0.01514709,0.02558131,-0.005795591,-0.03745772,-0.007055733,0.0224687,0.02080545,0.01934945,0.01824826,0.0176787,0.01776322,0.01821307,0
206183_2648,8,44,2648,0.01600244,-0.009572304,0.0122582,-0.007097505,-0.0133138,0.005298601,0.0108601,0.01988308,0.01857224,0.01744516,0.01663979,0.01632569,0.01654357,0.01706236,0
206183_2649,9,44,2649,-0.01922338,0.03519031,0.002946896,0.01183411,0.02666502,0.0160632,0.02117755,0.02285388,0.02110187,0.01961804,0.01855235,0.01808584,0.01827966,0.01883732,0
206183_2650,10,44,2650,-0.02406241,-0.003413534,0.01171627,0.003156212,0.01791787,0.03717249,-0.01559578,0.02032741,0.01901661,0.01792225,0.01719413,0.01701818,0.01737283,0.01802845,0
206183_2651,11,44,2651,-0.00743758,0.008459564,0.02413056,0.01596085,0.0132628,0.0254377,-0.02272149,0.02216529,0.02066286,0.01935676,0.01840892,0.01801857,0.01824959,0.01883355,0
206183_2652,12,44,2652,-0.01032787,-0.006083788,-0.005096773,0.01372399,-0.002484547,0.0001729147,-0.0008043943,0.02244521,0.02077996,0.01927886,0.01808196,0.01735279,0.01728813,0.01759562,0
206183_2653,13,44,2653,0.02545211,0.001283512,-0.01177463,-0.00132453,-0.008850432,-0.01837435,0.03523875,0.02180813,0.02031286,0.01900853,0.01804985,0.01762617,0.0178157,0.01835157,0
206183_2654,14,44,2654,-0.02410453,-0.02912795,0.02343664,-0.002172162,0.01934558,-0.02007204,0.0278154,0.02227982,0.02088732,0.019683,0.01884447,0.01859452,0.01895211,0.01965987,0
206183_2655,15,44,2655,0.02738369,0.01086359,-0.02554512,0.002797985,-0.004199895,0.003846232,0.0221121,0.0231387,0.02154956,0.020143,0.01908793,0.01859112,0.01876197,0.01931106,0
206183_2656,16,44,2656,-0.03229952,0.0001105109,-0.03180076,-0.00481509,0.01997574,-0.009428708,-0.007811986,0.02227108,0.02089445,0.01976142,0.0190554,0.01900697,0.01954173,0.02040949,0
206183_2657,17,44,2657,0.2127086,0.1708176,0.1682226,0.1332083,0.1135539,0.08467495,0.1089467,0.02112376,0.01983867,0.0187253,0.01794942,0.01771916,0.01805497,0.01871433,1
206183_2658,18,44,2658,0.2236968,0.2106843,0.1571454,0.1403151,0.1562254,0.1691455,0.1645346,0.0220799,0.02079991,0.01971924,0.01902618,0.01895996,0.01947382,0.02032112,1
206183_2659,19,44,2659,0.297925,0.197303,0.1543844,0.1264777,0.1448185,0.1718044,0.1871511,0.0232953,0.02178177,0.02046617,0.01953267,0.01921099,0.01954718,0.02025272,1
206183_2660,20,44,2660,0.2836688,0.2003591,0.2211329,0.1823487,0.1630352,0.1362366,0.1659091,0.02378837,0.02224231,0.02092154,0.02001898,0.01977604,0.02020181,0.02099951,1
206183_2661,21,44,2661,0.1851121,0.1402282,0.1313425,0.1126493,0.1200778,0.1130196,0.1852571,0.0204031,0.0193532,0.01850542,0.01804064,0.01819079,0.01883615,0.01976281,1
206183_2662,22,44,2662,0.1888955,0.1494876,0.1602325,0.1531288,0.1453333,0.1336542,0.1851871,0.02079694,0.0196836,0.01878559,0.01828514,0.01841491,0.01905933,0.01999046,1
206183_2663,23,44,2663,0.2375604,0.1927225,0.1826919,0.09516255,0.1333124,0.1703464,0.1417174,0.02284271,0.02124396,0.01987531,0.01890369,0.01853425,0.01882423,0.01946376,1
206183_2664,24,44,2664,0.2240939,0.1599627,0.1262738,0.1249152,0.1075753,0.09025405,0.1149384,0.02141068,0.02003173,0.01880052,0.01787332,0.01744282,0.01762319,0.01813094,0
206183_2665,25,44,2665,0.2600567,0.1495331,0.1823377,0.09783787,0.1143593,0.1109682,0.1582363,0.02311507,0.02151973,0.02012836,0.01911129,0.01867782,0.01892467,0.01952699,0
206183_2666,26,44,2666,0.2342291,0.1845737,0.1494845,0.1509361,0.1228337,0.092943,0.1427499,0.02219372,0.02069999,0.01938241,0.01840212,0.01795699,0.01816048,0.01870086,0
206183_2667,27,44,2667,0.1525503,0.1109127,0.1065755,0.1139034,0.127958,0.09042526,0.1354312,0.02068467,0.01936783,0.01827726,0.01756996,0.01744152,0.01787324,0.01858833,1
206183_2668,28,44,2668,0.1741576,0.1555536,0.1256073,0.1107452,0.09792066,0.1285684,0.109494,0.02061703,0.019386,0.01833622,0.01763075,0.01747481,0.01788075,0.01857357,1
206183_2669,29,44,2669,0.2311441,0.1745156,0.1415476,0.1322387,0.09870515,0.1113522,0.08870339,0.02197504,0.02050907,0.01925672,0.01838243,0.01808984,0.01842936,0.01908479,1
206183_2670,30,44,2670,0.2221957,0.1702084,0.1280034,0.11627,0.07067225,0.1154202,0.1599358,0.02131809,0.01984813,0.01863078,0.01781875,0.01760021,0.01798293,0.01865887,1
206183_2671,31,44,2671,0.1862465,0.167721,0.1310602,0.1091558,0.093108,0.148086,0.1323113,0.02164961,0.02023504,0.01904698,0.01825055,0.01805111,0.01846258,0.01917541,1
206183_2672,32,44,2672,0.2187707,0.1212192,0.1694831,0.1305971,0.1062781,0.1093855,0.1294014,0.02075076,0.01944681,0.01839921,0.01776857,0.01775533,0.01829448,0.01910283,1
206183_2673,33,44,2673,0.1339589,0.1198028,0.1183305,0.1303529,0.1357194,0.1591289,0.1633073,0.02078787,0.01953241,0.01855466,0.01802108,0.01814019,0.01879253,0.0197049,1
206183_2674,34,44,2674,0.1692221,0.1935255,0.1385828,0.1301223,0.1211276,0.1139485,0.1369653,0.02127805,0.01991437,0.01878657,0.01805852,0.01793486,0.01839702,0.01914943,1
206183_2675,35,44,2675,0.1485099,0.1456292,0.1028764,0.07615497,0.1192115,0.1012484,0.1190452,0.02039639,0.01911383,0.01807852,0.01744557,0.01740903,0.01791198,0.01868239,1
206183_2676,36,44,2676,0.2274244,0.1497137,0.1451488,0.07986077,0.1096514,0.1025231,0.1304431,0.02175013,0.0202231,0.01890898,0.01795826,0.01755619,0.01778839,0.01834031,1
206183_2677,37,44,2677,0.1667744,0.1260563,0.132637,0.09623159,0.105961,0.1312743,0.1285834,0.0206076,0.01937534,0.01834863,0.01768989,0.01760612,0.01807212,0.01882206,1
206183_2678,38,44,2678,0.2043297,0.1621052,0.1252068,0.09089119,0.119927,0.1265393,0.1285903,0.02073697,0.01930812,0.01811585,0.01730121,0.01704233,0.01736065,0.01797288,1
206183_2679,39,44,2679,0.1916011,0.1721779,0.1548051,0.1300177,0.1000043,0.08746126,0.1121596,0.0222456,0.02054723,0.01907982,0.0179766,0.01740558,0.01750255,0.01794216,1
206183_2680,40,44,2680,0.2504412,0.1781884,0.1503679,0.1309803,0.07984084,0.1354496,0.1213228,0.02286562,0.02118353,0.0197478,0.01870331,0.01824244,0.01845938,0.01902847,1
206183_2681,41,44,2681,0.1899249,0.1507001,0.1400539,0.1023632,0.08174019,0.1161529,0.1404755,0.02108154,0.01959862,0.01836289,0.0175016,0.01719451,0.01748199,0.0180791,1
206183_2682,42,44,2682,0.1836092,0.1916694,0.1300378,0.1228691,0.1025848,0.1424996,0.1260698,0.02215488,0.02052038,0.01909874,0.0180036,0.01741026,0.01748317,0.01790636,1
206183_2683,43,44,2683,0.2759991,0.2454407,0.1798784,0.1860652,0.167222,0.1327913,0.1693692,0.02374616,0.02198918,0.02046729,0.01929354,0.01866911,0.01877717,0.01927138,1
206183_2684,44,44,2684,0.1952735,0.1494143,0.1433966,0.1191788,0.1257866,0.08936141,0.1357262,0.02135319,0.01989454,0.01862617,0.01763268,0.01709805,0.01719966,0.01763834,1
206183_2685,45,44,2685,0.2512102,0.2155479,0.1399186,0.1509952,0.1326266,0.1320528,0.139024,0.0235744,0.02171404,0.02015006,0.01893722,0.01826406,0.01834122,0.01880158,1
206183_2686,46,44,2686,0.2140707,0.1562795,0.1379653,0.148902,0.1057582,0.1169797,0.123694,0.0215061,0.0200092,0.01879998,0.01792042,0.0175685,0.01785944,0.01847779,1
206183_2687,47,44,2687,0.3006062,0.2022588,0.1780624,0.1375329,0.136156,0.1134967,0.1577922,0.02411604,0.02213249,0.02051986,0.0192685,0.01857351,0.01867645,0.01917228,1
206183_2688,48,44,2688,-0.002066035,-0.004812738,-0.01451055,0.00213577,-0.02128878,-0.003856428,-0.007461982,0.02111094,0.01963336,0.0183521,0.01741008,0.01698107,0.0171435,0.01763553,0
206183_2689,49,44,2689,0.01309172,0.02690839,0.01294679,-0.03333643,0.01517398,0.004848368,0.01808975,0.02250832,0.02090702,0.01952018,0.01850571,0.01805606,0.01824963,0.01880311,0
206183_2690,50,44,2690,-0.01096247,-0.01683075,0.007465642,0.01379171,-0.02089868,0.001790921,-0.009176582,0.02169066,0.02022049,0.01898115,0.01813196,0.0178697,0.0181987,0.01886043,0
206183_2691,51,44,2691,-0.02279069,0.03546608,0.02398034,-0.02811317,0.01993044,-0.002671542,0.004947824,0.02209578,0.02041512,0.0190101,0.01802423,0.01763137,0.01786379,0.01843877,0
206183_2692,52,44,2692,-0.02866494,0.0003592159,0.01127414,-0.006042687,0.002888194,-0.005846334,0.01779864,0.02160078,0.02005221,0.01868513,0.01764116,0.01709012,0.01715859,0.01757446,0
206183_2693,53,44,2693,-0.01598298,-0.01939096,0.01056124,-0.02277318,0.009284631,-0.007064877,-0.04838002,0.02257844,0.02088925,0.01943396,0.01836203,0.01785356,0.01799864,0.01850655,0
206183_2694,54,44,2694,-0.01347043,-0.02468575,-0.007437789,-0.01601608,-0.007236728,-0.01401999,-0.02067239,0.01971748,0.01842097,0.01734031,0.01661424,0.01641403,0.01672659,0.01732771,0
206183_2695,55,44,2695,-0.01644223,0.01819714,-0.0297177,-0.04368564,0.013266,0.01129216,-0.01134873,0.02158118,0.02007669,0.01874076,0.01771896,0.017187,0.01726981,0.0177004,0
206183_2696,56,44,2696,-0.03264601,0.006147745,-0.001323875,0.01417756,0.02208102,-0.008035266,0.008563848,0.02054603,0.01927397,0.01819087,0.01745394,0.01725969,0.01760463,0.01825985,0
206183_2697,57,44,2697,-0.004466979,-0.02502514,0.02987688,0.02492128,0.0136958,0.001774127,0.02699872,0.02285772,0.02121865,0.0198183,0.01881938,0.01842088,0.01867169,0.01928692,0
206183_2698,58,44,2698,0.01724866,-0.02692029,-0.03242196,0.001135645,0.001031456,-0.01238908,0.009962467,0.02235534,0.02066046,0.0192195,0.01817818,0.0177123,0.01788835,0.01841881,0
206183_2699,59,44,2699,0.03230903,-0.006029706,-0.02905118,-0.01104909,0.01706984,0.01153245,0.02273296,0.02135511,0.01984114,0.01860494,0.0177954,0.01759538,0.01796673,0.01865551,0
206183_2700,0,45,2700,0.02288963,0.009444778,0.002965102,-0.01418021,0.005924662,-0.02326736,0.01457456,0.0205827,0.01927212,0.01817758,0.01745421,0.01729514,0.01767285,0.0183568,0
206183_2701,1,45,2701,-0.03654046,0.02308474,-0.02240423,-0.01515562,0.01702162,-0.01519219,-0.01788166,0.02330932,0.02153747,0.02000229,0.01885784,0.01828901,0.01840612,0.01890448,0
206183_2702,2,45,2702,0.007609466,0.01781107,0.01641005,-0.006521632,-0.01721004,-0.01801958,-0.01542548,0.02137187,0.01988882,0.01861539,0.01770072,0.01732732,0.01754664,0.01809957,0
206183_2703,3,45,2703,-0.01558365,-0.004116662,-0.01848133,-0.02950993,0.02029533,0.0240326,0.0127781,0.02032106,0.01906579,0.01801116,0.01731267,0.01716474,0.01754234,0.01822182,0
206183_2704,4,45,2704,0.00936572,-0.01920171,0.005897557,-0.002439957,0.008732899,-0.0144364,0.02264626,0.02291934,0.02130809,0.01985335,0.0187121,0.01807278,0.01810374,0.01851638,0
206183_2705,5,45,2705,0.0179166,-0.004049322,0.03234062,-0.01370476,-0.004629242,-0.002779286,0.02658923,0.02180602,0.02013056,0.01870662,0.0176704,0.01718527,0.01732544,0.01780894,0
206183_2706,6,45,2706,0.03049228,0.04488549,0.0210828,0.03931295,0.002242636,0.01427838,-0.01323277,0.02245523,0.02089003,0.01951363,0.01848462,0.01799622,0.01814988,0.01866756,0
206183_2707,7,45,2707,0.03206055,0.0106101,0.02673398,-0.006587549,0.0009230306,-0.01090324,0.001892232,0.02239804,0.02073196,0.01931116,0.01828547,0.01783632,0.01802776,0.01857477,0
206183_2708,8,45,2708,-0.005794243,0.007817416,0.0004688929,0.0002412446,-0.008970897,0.03760052,-0.003527082,0.02117417,0.01960901,0.01829292,0.0173631,0.01698589,0.01719791,0.01773492,0
206183_2709,9,45,2709,-0.02722769,0.009024246,-0.002152465,0.02149604,-0.01121472,0.02798299,0.01392935,0.02227459,0.02062066,0.01916782,0.01805991,0.01746855,0.0175264,0.01794649,0
206183_2710,10,45,2710,-0.001700037,0.01902731,-0.01382018,-0.002334324,-0.01482987,0.03068969,-0.03022274,0.02402303,0.02224593,0.02066365,0.01943925,0.01876772,0.01881344,0.01926309,0
206183_2711,11,45,2711,-0.01020765,-0.007838929,-0.006536411,-0.006159746,-0.01876784,0.02565418,0.01545191,0.02194106,0.02039281,0.01904515,0.01804953,0.01759018,0.01775326,0.01826656,0
206183_2712,12,45,2712,-0.02718833,0.009542398,0.007442562,-0.0203796,-0.01181798,0.01693018,0.02361026,0.02221217,0.02064931,0.0193018,0.01832654,0.01791533,0.01813139,0.01870022,0
206183_2713,13,45,2713,0.004921293,0.0251477,0.03700642,-0.002415383,-0.00506005,0.0140592,0.008196013,0.02157927,0.02020531,0.01903751,0.01824308,0.0180308,0.0183973,0.01909536,0
206183_2714,14,45,2714,0.009084733,-0.02518666,0.01635301,0.00898239,0.01489962,0.000136736,-0.0001303552,0.02374361,0.02195034,0.02034605,0.01908441,0.01834649,0.0183229,0.01869864,0
206183_2715,15,45,2715,0.001897716,-0.02540765,-0.005106185,-0.007882048,0.01134615,0.04516794,-0.0267161,0.02262022,0.02117605,0.01988432,0.01891835,0.01849344,0.01870573,0.01928601,0
206183_2716,16,45,2716,0.004747798,0.01032236,-0.001198696,-0.004147143,-0.007769001,-0.01931913,0.004149725,0.02240637,0.02091743,0.01961891,0.01867886,0.01830512,0.01855965,0.01917129,0
206183_2717,17,45,2717,0.01746215,-0.003632471,0.01857984,-0.006261096,0.0388427,-0.01378235,-0.002065581,0.02072104,0.01950753,0.01848456,0.01782017,0.01772663,0.0181666,0.01891443,0
206183_2718,18,45,2718,0.2778588,0.1926979,0.1431321,0.1467692,0.1324463,0.1522987,0.1207398,0.02346046,0.02193609,0.02059927,0.0196349,0.01927348,0.01957622,0.02025791,1
206183_2719,19,45,2719,0.2317921,0.1840977,0.163047,0.1142646,0.1323194,0.1483034,0.178118,0.02207399,0.02059365,0.01932966,0.01844693,0.01814952,0.01846347,0.01911907,1
206183_2720,20,45,2720,0.2503855,0.2172006,0.1629579,0.1210633,0.110864,0.1377363,0.1692624,0.02293658,0.02141142,0.02005064,0.01902497,0.01854461,0.01872412,0.01927548,1
206183_2721,21,45,2721,0.1897977,0.1545758,0.1174452,0.1056121,0.1083962,0.1197229,0.1334066,0.02141446,0.02002113,0.01880784,0.01793338,0.01759433,0.01784865,0.01843364,1
206183_2722,22,45,2722,0.2395379,0.1865081,0.1590891,0.1383128,0.1310122,0.1140095,0.1588083,0.023032,0.02135176,0.01989979,0.01883595,0.01835435,0.01854565,0.01910208,1
206183_2723,23,45,2723,0.209229,0.1438784,0.1496556,0.1263252,0.1312976,0.132599,0.1791186,0.02210657,0.0206484,0.01939891,0.01852586,0.01823744,0.01856537,0.01923092,0
206183_2724,24,45,2724,0.241573,0.2020862,0.149371,0.1655874,0.1272464,0.1527973,0.1489976,0.0233328,0.02178737,0.02042439,0.01942272,0.01900389,0.01926007,0.01988666,0
206183_2725,25,45,2725,0.1719417,0.1395053,0.1359725,0.122653,0.1054467,0.1063474,0.1343204,0.02047552,0.01925584,0.01822451,0.01754365,0.01741734,0.01783065,0.01853842,0
206183_2726,26,45,2726,0.1998952,0.1467143,0.1296869,0.1149659,0.1173835,0.1243125,0.1411775,0.0213114,0.01991115,0.01873399,0.01793956,0.01772598,0.01809675,0.01877805,0
206183_2727,27,45,2727,0.2096143,0.1877224,0.1032553,0.1357508,0.1001307,0.1217293,0.1160792,0.02164459,0.0201959,0.01890507,0.01792525,0.01744351,0.01758689,0.01806431,0
206183_2728,28,45,2728,0.2047543,0.2053058,0.1494519,0.148236,0.1207121,0.1236798,0.1208635,0.02274545,0.0210508,0.01960483,0.01856126,0.01810645,0.01832283,0.01888548,1
206183_2729,29,45,2729,0.1684159,0.1349915,0.1421517,0.1174216,0.1152065,0.1017984,0.1241533,0.02180681,0.02029421,0.01898267,0.0180257,0.01761099,0.01782658,0.01837063,1
206183_2730,30,45,2730,0.2485854,0.1811375,0.1604957,0.1287113,0.1077182,0.1185547,0.1373933,0.02168465,0.02031384,0.01913228,0.01830823,0.01805187,0.01840209,0.01907173,1
206183_2731,31,45,2731,0.1560078,0.1462335,0.1121733,0.09252034,0.09288356,0.1329232,0.1007408,0.02062438,0.01927651,0.01812766,0.01732792,0.01706305,0.01736892,0.01797081,1
206183_2732,32,45,2732,0.2097344,0.1331097,0.09222638,0.1126133,0.1058785,0.1085268,0.1049186,0.02060368,0.01926416,0.01810641,0.01727952,0.01696777,0.01723081,0.01779332,1
206183_2733,33,45,2733,0.1561177,0.1266561,0.1140024,0.07960465,0.1122904,0.1114088,0.08789337,0.01946016,0.01833717,0.01745016,0.01695319,0.01703979,0.0176061,0.01842159,1
206183_2734,34,45,2734,0.1884716,0.1644121,0.1433446,0.1010559,0.09981913,0.07883274,0.1378429,0.02189239,0.02040225,0.0190921,0.0181177,0.01766968,0.0178574,0.01837824,1
206183_2735,35,45,2735,0.172133,0.1301669,0.1253318,0.1265995,0.09461649,0.1158141,0.1157101,0.02080353,0.01948568,0.01835378,0.01756419,0.01731172,0.01763226,0.01825519,1
206183_2736,36,45,2736,0.2573053,0.1874782,0.1376839,0.111219,0.1252628,0.1199305,0.1330787,0.02251305,0.02090597,0.01949842,0.01844559,0.01793589,0.01809072,0.01859455,1
206183_2737,37,45,2737,0.1746713,0.1864936,0.1163103,0.127663,0.09608174,0.1228993,0.1700628,0.02114087,0.01973393,0.01859082,0.01786804,0.01776014,0.01821763,0.01897081,1
206183_2738,38,45,2738,0.192412,0.1156693,0.08535419,0.09210421,0.06972443,0.07961599,0.1413159,0.02047218,0.01919018,0.01812338,0.01742721,0.01729671,0.01770847,0.01841056,1
206183_2739,39,45,2739,0.1742486,0.1649824,0.1128678,0.1069867,0.132525,0.1006717,0.1302379,0.02156033,0.02012384,0.01890378,0.01805822,0.01778499,0.01811064,0.01875811,1
206183_2740,40,45,2740,0.1908574,0.09671169,0.1309593,0.1077942,0.09033635,0.108943,0.1080736,0.02027316,0.01898925,0.01794234,0.01728233,0.01719956,0.01764298,0.01837043,1
206183_2741,41,45,2741,0.2311576,0.1938654,0.1528191,0.1074806,0.1051004,0.1123482,0.1117483,0.02293688,0.02124283,0.01971678,0.01849974,0.01776465,0.01772171,0.01805448,1
206183_2742,42,45,2742,0.1831898,0.126804,0.1156375,0.1386339,0.1003098,0.1151444,0.1311494,0.02122931,0.01977608,0.01856312,0.01773386,0.01747649,0.01780318,0.01844579,1
206183_2743,43,45,2743,0.2510098,0.1894251,0.1875272,0.1265017,0.1093238,0.131067,0.0682093,0.02293554,0.02114072,0.01954358,0.0182647,0.01746221,0.01736288,0.01764184,1
206183_2744,44,45,2744,0.1889542,0.2103628,0.134116,0.1019518,0.1030193,0.115216,0.113391,0.02234806,0.02071444,0.01926887,0.01813348,0.01748311,0.01750068,0.0178816,1
206183_2745,45,45,2745,0.2327207,0.171954,0.138852,0.1121472,0.09795996,0.08086884,0.09851681,0.0224531,0.02083632,0.01940571,0.018276,0.01762829,0.01765428,0.01804718,1
206183_2746,46,45,2746,0.1868932,0.1455193,0.1191026,0.1196948,0.09129276,0.1086983,0.08781045,0.02049181,0.01914787,0.01802774,0.01723751,0.01696446,0.01725907,0.01786127,1
206183_2747,47,45,2747,-0.01198911,0.01707787,0.01659838,0.01151102,0.02070053,-0.02034039,-0.01364482,0.02030552,0.01898835,0.0179182,0.01724477,0.01715378,0.01758248,0.01830223,0
206183_2748,48,45,2748,-0.002342164,-0.004404825,-0.01414072,-0.005793353,0.009592883,0.01140393,0.02980168,0.02212964,0.02057085,0.0192345,0.01827698,0.01788966,0.0181253,0.01870921,0
206183_2749,49,45,2749,-0.01389761,-0.02071993,-0.03791367,0.01271045,-0.01313813,-0.003648442,-0.02888272,0.02248777,0.02075264,0.01929199,0.01825054,0.01780288,0.0180017,0.018554,0
206183_2750,50,45,2750,0.03985937,0.03676519,0.02129844,0.004779856,0.02529431,0.005467625,-0.01451648,0.02050903,0.01926285,0.01821238,0.01751775,0.01737987,0.01777306,0.01847195,0
206183_2751,51,45,2751,0.01832195,0.02720625,-0.01191329,0.01584009,-0.004013491,0.002669573,-0.002813358,0.0223345,0.0205386,0.01897845,0.01778294,0.01710242,0.01708745,0.01743575,0
206183_2752,52,45,2752,-0.0004461291,0.00838345,0.02609659,-0.02361496,0.02370096,-0.004027796,0.007860845,0.02041235,0.01916564,0.01808782,0.01733461,0.01710088,0.01740588,0.01802197,0
206183_2753,53,45,2753,-0.01025408,0.01807538,-0.003036541,0.01956371,0.003013951,-0.008457307,0.01669003,0.02173891,0.02020178,0.01891353,0.01802714,0.01773025,0.01803121,0.01866606,0
206183_2754,54,45,2754,0.01471772,-0.05026638,0.007681571,0.01672603,-0.001627077,-0.01335566,0.01392386,0.02248343,0.02080921,0.01932885,0.01818677,0.01755451,0.01758223,0.01797866,0
206183_2755,55,45,2755,-0.01767928,0.01532448,-0.003840488,0.01033009,0.001256977,0.01062909,0.02067412,0.02234143,0.02073905,0.01933207,0.01827233,0.01774331,0.017858,0.01833488,0
206183_2756,56,45,2756,-0.001594715,0.009490581,0.03875739,0.04517875,0.02707307,0.01715525,-0.01528064,0.02286585,0.02118484,0.01971455,0.01860907,0.01805396,0.01816526,0.01864989,0
206183_2757,57,45,2757,0.005840416,-0.003743278,0.05000381,-0.01611384,0.04561336,-0.006298348,-0.006494598,0.02018537,0.01899014,0.0179958,0.01736228,0.01729086,0.01772939,0.01846341,0
206183_2758,58,45,2758,-0.005741813,-0.02427983,-0.002366465,0.00522722,-0.005940912,0.04604009,0.002795935,0.02099273,0.01954718,0.01833224,0.01749562,0.01721886,0.01751027,0.01812041,0
206183_2759,59,45,2759,-0.03599843,0.007146532,0.003625947,0.0185548,0.03368526,0.0007154312,0.005610047,0.02179877,0.0202855,0.01898986,0.01806678,0.01770631,0.01795219,0.01853977,0
206183_2760,0,46,2760,0.0200684,-0.00136465,0.04171438,0.01495979,0.03002707,0.02555627,0.0005932318,0.02085819,0.01941708,0.01814989,0.01719643,0.01672603,0.01683919,0.01728172,0
206183_2761,1,46,2761,-0.028719,0.008416817,0.0275704,0.001357368,-0.008873744,0.02511821,0.0275429,0.0211378,0.01967223,0.01841334,0.01750733,0.01713297,0.01734319,0.01788217,0
206183_2762,2,46,2762,0.0141027,0.01024176,0.02917566,0.01810131,0.03915058,0.006268202,-0.00818687,0.02197847,0.02032311,0.01894199,0.01797934,0.01761025,0.01785837,0.01844617,0
206183_2763,3,46,2763,-0.01637798,0.01268258,-0.005568743,-0.0308106,-0.02695762,-0.01906641,-0.003892382,0.02062918,0.01928613,0.01811823,0.01727393,0.01693642,0.01715866,0.01770033,0
206183_2764,4,46,2764,0.002318567,0.009299815,-0.001331369,0.0004666889,-0.005438039,0.005284422,-0.001482406,0.02277103,0.0209783,0.01943757,0.01828981,0.0177027,0.01778673,0.01823937,0
206183_2765,5,46,2765,0.02623219,0.05967048,-0.02205143,0.009479508,-0.002563219,0.01360333,-0.0002097084,0.02254368,0.02087354,0.01943769,0.01838751,0.01790605,0.01807334,0.01860188,0
206183_2766,6,46,2766,0.04814801,0.02374986,-0.02253644,0.0281002,0.0001759779,-0.01262779,-0.004417568,0.02218162,0.02069425,0.01943579,0.01857356,0.01831484,0.01866276,0.01935538,0
206183_2767,7,46,2767,-0.01106254,-0.02609148,0.02389856,-0.03212076,0.009135611,0.01335836,0.03480483,0.02139475,0.01992941,0.01870134,0.01786464,0.01760927,0.01793332,0.01858333,0
206183_2768,8,46,2768,0.0001643754,-0.001681544,0.02091023,0.02663427,0.007616701,0.002103751,0.02217336,0.02144662,0.01997212,0.01869794,0.01777499,0.01738811,0.0175975,0.01814365,0
206183_2769,9,46,2769,0.01339948,-0.00652822,0.01223746,0.005184846,0.004371896,-0.005917962,0.006559607,0.02229657,0.02060704,0.01912919,0.01800366,0.01739744,0.01744407,0.01785304,0
206183_2770,10,46,2770,0.004822003,0.004954403,0.04108106,0.006347997,-0.03636668,0.00864285,-0.002982893,0.02050794,0.01921853,0.01808813,0.01726781,0.01694509,0.01717468,0.01772211,0
206183_2771,11,46,2771,-0.004822546,0.005319241,-0.03389298,0.003682586,0.03174103,-0.02627598,-0.02583932,0.02088051,0.01949482,0.01829101,0.01741787,0.0170585,0.01727098,0.01780845,0
206183_2772,12,46,2772,0.0197031,-0.02963497,0.002452922,0.01386597,0.01157864,0.02051232,-0.004990347,0.02060316,0.01932352,0.0182109,0.01742055,0.01714609,0.01742196,0.01801502,0
206183_2773,13,46,2773,-0.004506664,0.01791615,0.02726737,0.02905672,0.004247282,0.02118807,0.01935748,0.02157266,0.0200201,0.01871726,0.01781161,0.01748331,0.01775163,0.01835131,0
206183_2774,14,46,2774,0.01429478,-0.005019233,-0.004144876,0.02541842,0.01161371,-0.003966082,0.009734747,0.02144743,0.02007924,0.01896721,0.01827911,0.01822429,0.01872258,0.01953594,0
206183_2775,15,46,2775,-0.02834321,-0.009968596,0.002007529,0.02393029,0.009589518,0.0168481,0.008747426,0.02152704,0.02019728,0.01908965,0.0183768,0.0182754,0.01873632,0.01952069,0
206183_2776,16,46,2776,0.005549195,-0.01107203,0.0003348683,-0.00659712,-0.003894082,-0.0233584,-0.007079761,0.0233234,0.02188318,0.02064124,0.01979158,0.01957889,0.02000518,0.02080257,0
206183_2777,17,46,2777,-0.002142861,0.006613837,-0.023089,0.02493805,0.01597436,0.009604735,0.02693386,0.02204069,0.02060178,0.0193706,0.0185159,0.01824753,0.01858236,0.01926037,0
206183_2778,18,46,2778,0.01094002,-0.007378565,0.005773701,-0.005835841,0.003396387,0.01395359,0.03115995,0.0208809,0.01970947,0.0187184,0.01808319,0.01802721,0.01850424,0.0192929,0
206183_2779,19,46,2779,-0.007395066,0.01999527,-0.0159233,0.0003155333,-0.02694068,-0.03507284,-0.03027697,0.01956789,0.01862746,0.01786892,0.01746763,0.01764993,0.01828548,0.01919238,0
206183_2780,20,46,2780,0.1921334,0.1839668,0.1246309,0.1474313,0.1292029,0.1180605,0.1244874,0.02176141,0.02034638,0.01907636,0.01810958,0.0176406,0.01778534,0.01827929,1
206183_2781,21,46,2781,0.2417992,0.1482024,0.1177095,0.1453728,0.1149022,0.1176334,0.1241521,0.02176184,0.02032264,0.01908715,0.0182179,0.0179162,0.01821473,0.01884966,1
206183_2782,22,46,2782,0.2565412,0.2510198,0.1658671,0.1652408,0.1477879,0.09748094,0.1769526,0.02350184,0.02180144,0.02029834,0.01915577,0.01857078,0.01868083,0.01917574,1
206183_2783,23,46,2783,0.1709519,0.1615987,0.148174,0.1375666,0.1127332,0.114999,0.142853,0.02123482,0.01992591,0.01880079,0.01802572,0.01780915,0.01816392,0.01884051,1
206183_2784,24,46,2784,0.2112314,0.167981,0.1461199,0.1167873,0.1223013,0.1156586,0.1025787,0.02208509,0.02052663,0.01918198,0.01820577,0.01778675,0.01799791,0.01855336,0
206183_2785,25,46,2785,0.2173742,0.1993678,0.1530058,0.1133038,0.1015063,0.1088494,0.1190375,0.02251582,0.02090606,0.01950196,0.01845941,0.01796764,0.0181302,0.01864898,0
206183_2786,26,46,2786,0.1273188,0.1421234,0.1288124,0.0919946,0.1091951,0.161761,0.1514931,0.0204246,0.01919275,0.01821014,0.01763875,0.01768156,0.01823516,0.01906902,0
206183_2787,27,46,2787,0.2037096,0.138403,0.09874155,0.1069818,0.1081326,0.1001335,0.1309811,0.02201267,0.02040156,0.01903,0.01804641,0.0176311,0.01784819,0.01840211,1
206183_2788,28,46,2788,0.2155058,0.1313054,0.128282,0.1273909,0.08550017,0.08806437,0.136283,0.02056085,0.01930285,0.01823603,0.01751981,0.01735395,0.01773471,0.01841457,1
206183_2789,29,46,2789,0.1620284,0.1908738,0.1386701,0.1354761,0.09838522,0.1269027,0.1602585,0.02117885,0.01990899,0.01884556,0.01816029,0.01806953,0.01853851,0.01931391,1
206183_2790,30,46,2790,0.2472843,0.1844178,0.1479932,0.1149043,0.1111113,0.1607343,0.1630171,0.022146,0.02062761,0.019365,0.01852252,0.01830325,0.01869819,0.01941962,1
206183_2791,31,46,2791,0.2228643,0.1843795,0.1414496,0.1450402,0.123103,0.1456438,0.1619842,0.02139841,0.01995267,0.01875766,0.01797072,0.01778638,0.01818492,0.01889243,1
206183_2792,32,46,2792,0.1829132,0.1622031,0.1175103,0.07495454,0.1296755,0.1395107,0.1163615,0.02044952,0.01918032,0.01810099,0.01736715,0.01717324,0.01752747,0.01817812,1
206183_2793,33,46,2793,0.1743788,0.1498396,0.1142833,0.1284678,0.1415755,0.124588,0.1136823,0.02115035,0.01981482,0.01872013,0.01803129,0.01795439,0.01843595,0.01921719,1
206183_2794,34,46,2794,0.1713051,0.1692195,0.1076275,0.09893245,0.13243,0.1375216,0.1818042,0.02148282,0.02001281,0.01875754,0.0178707,0.01754126,0.01781514,0.01841125,1
206183_2795,35,46,2795,0.1999263,0.1560267,0.1221591,0.1261604,0.09815999,0.1115954,0.1064177,0.02032652,0.01901464,0.01795693,0.01730423,0.01724382,0.01770879,0.01845389,1
206183_2796,36,46,2796,0.2733686,0.1830373,0.1654851,0.1255716,0.1129375,0.1556548,0.110548,0.02320241,0.02139509,0.01984505,0.0187012,0.01814186,0.01827672,0.01877749,1
206183_2797,37,46,2797,0.2022358,0.169749,0.1077662,0.11465,0.1183034,0.1167168,0.1430117,0.02161488,0.02012176,0.01883697,0.01791325,0.0175379,0.01777351,0.0183391,1
206183_2798,38,46,2798,0.1693979,0.1410615,0.1385873,0.09845012,0.104599,0.1019465,0.08946554,0.02080828,0.01942735,0.01828272,0.01752645,0.017347,0.01772449,0.01840345,1
206183_2799,39,46,2799,0.2258405,0.1825304,0.128851,0.1117177,0.1190978,0.1165781,0.1294111,0.02115161,0.01970892,0.01847932,0.01761261,0.01729332,0.01755994,0.01814563,1
206183_2800,40,46,2800,0.2299243,0.1875678,0.1091073,0.08123997,0.1369697,0.1174007,0.1529145,0.02089124,0.01956285,0.01848658,0.01782251,0.01777103,0.01825908,0.01904423,1
206183_2801,41,46,2801,0.20024,0.1905761,0.1679563,0.1205374,0.09489097,0.1022104,0.1211609,0.02247029,0.02086365,0.01946608,0.01843194,0.01795048,0.01811898,0.01864428,1
206183_2802,42,46,2802,0.2010649,0.1577079,0.1380027,0.1129493,0.08588308,0.1259288,0.1289289,0.02165829,0.02015212,0.01884021,0.01787061,0.01742677,0.01759814,0.01810957,1
206183_2803,43,46,2803,0.2661674,0.1840444,0.1526829,0.1046959,0.137043,0.1359682,0.1146063,0.02257297,0.02092927,0.019514,0.01847784,0.01800915,0.01819328,0.01873596,1
206183_2804,44,46,2804,0.2015307,0.1473719,0.1385686,0.1063213,0.1281329,0.09870188,0.1594874,0.02056879,0.01928407,0.01826374,0.01766074,0.01767392,0.0182036,0.01902208,1
206183_2805,45,46,2805,0.008872765,0.02958502,-0.01837499,0.0373876,0.007462055,0.009481142,0.01728429,0.02160746,0.02006812,0.01873094,0.01774165,0.01727689,0.01742586,0.01791586,0
206183_2806,46,46,2806,-0.003331628,0.02244127,-0.02751621,0.03151883,-0.0008187224,-0.003311123,-0.03341608,0.02007143,0.01870731,0.01754745,0.01672863,0.01641844,0.01664912,0.01718109,0
206183_2807,47,46,2807,0.03494026,0.01359002,0.00149927,-0.02120302,-0.01521882,0.01662685,-0.004712418,0.02228289,0.02058977,0.01914786,0.01810131,0.01762375,0.01778816,0.01830496,0
206183_2808,48,46,2808,0.03014304,-0.03526902,-0.0007934169,-0.005492689,0.005905152,0.02028521,0.009741162,0.02217741,0.02050445,0.01908004,0.01804856,0.01758422,0.01775596,0.01827783,0
206183_2809,49,46,2809,-0.009557977,-0.02581922,0.04297692,-0.02345826,0.02064481,-0.03249444,-0.01403205,0.0232878,0.0214545,0.01984254,0.01859461,0.01787786,0.01786188,0.01823227,0
206183_2810,50,46,2810,0.01405821,0.01062036,0.0304895,0.005215069,-0.006442786,0.0007565506,-0.006094212,0.02122401,0.01978623,0.0185601,0.01769778,0.01738662,0.01765555,0.01825165,0
206183_2811,51,46,2811,0.03046269,0.02653521,0.02241259,0.01817231,0.02153514,0.03327172,-0.00509968,0.0212276,0.01968618,0.01831601,0.01725009,0.01664592,0.01665268,0.01700111,0
206183_2812,52,46,2812,-0.03164809,0.01161013,-0.004218941,0.01463731,-0.01347748,-0.00666352,-0.00955922,0.02289612,0.0212819,0.01986421,0.01880526,0.01830256,0.01845976,0.01899033,0
206183_2813,53,46,2813,0.05941859,0.04366955,-0.029447,0.001276416,0.005905453,0.01651075,0.02056598,0.02215462,0.0205983,0.01926763,0.01832016,0.01794892,0.0181984,0.01879691,0
206183_2814,54,46,2814,0.01100103,0.0163284,0.009217677,-0.01331312,-0.009812256,0.01427886,0.00704407,0.02147177,0.02001721,0.0188356,0.01808538,0.01796256,0.01840364,0.01916163,0
206183_2815,55,46,2815,-0.02284088,0.01135836,0.04318656,0.008509827,-0.02718106,-0.01604402,-0.01571434,0.0224875,0.02090006,0.01954691,0.0185893,0.018225,0.0184925,0.01911525,0
206183_2816,56,46,2816,0.0330747,-0.0219251,-0.01267517,0.02253916,-0.002095242,-0.01892441,-0.01060079,0.01970517,0.01846638,0.01743218,0.01674756,0.01659289,0.01694354,0.01758199,0
206183_2817,57,46,2817,0.0163306,0.03409547,0.01488324,-0.01370915,0.008053567,0.008005721,-0.00618829,0.02223556,0.02066797,0.01930075,0.01828895,0.01782132,0.01798698,0.01850994,0
206183_2818,58,46,2818,-0.008802242,-0.04811415,0.01658552,-0.007924984,0.009129959,0.007885515,-0.02430292,0.02261439,0.02097471,0.01957507,0.01857302,0.01816063,0.01839108,0.01898099,0
206183_2819,59,46,2819,-0.01449841,0.02771234,0.01165993,0.01258205,-0.0008006468,0.004721467,-0.0002382376,0.01971165,0.01860511,0.01771352,0.01719787,0.01726157,0.01779878,0.01861279,0
206183_2820,0,47,2820,-0.01454055,-0.01254993,0.004918043,0.0005447501,-6.406223e-05,0.02794775,0.01573863,0.02211393,0.02051211,0.01914411,0.01816131,0.01774787,0.01795973,0.01852066,0
206183_2821,1,47,2821,0.01108408,0.007232595,-0.004384063,-0.0128094,0.02256744,-0.01107475,0.007175743,0.02175635,0.02018732,0.01884973,0.01789146,0.01749247,0.01770441,0.01825717,0
206183_2822,2,47,2822,-0.03257506,-0.004115702,0.000121316,0.005119447,0.002874317,0.005795786,0.02536561,0.02156262,0.02007437,0.01883379,0.01799625,0.01775317,0.01809403,0.01876279,0
206183_2823,3,47,2823,-0.005725236,-0.02700671,-0.03513843,0.02441649,0.000716279,0.001029965,-0.01374465,0.0207376,0.01939378,0.01826363,0.01750124,0.01729793,0.0176429,0.0182998,0
206183_2824,4,47,2824,0.03068786,-0.0179833,0.003645669,-0.02432351,0.005933866,0.03797162,-0.03326566,0.02145244,0.01999572,0.01871606,0.01776415,0.01732414,0.01748482,0.01798674,0
206183_2825,5,47,2825,0.0253694,-0.0389203,-0.002600618,-0.00314571,0.02301334,0.02444034,-0.0556006,0.02197911,0.02045359,0.01911616,0.01812069,0.01765467,0.01781166,0.0183214,0
206183_2826,6,47,2826,0.01038641,0.004273466,0.04004977,-0.00671522,-0.0144003,-0.01489928,-0.04958622,0.02047161,0.01913024,0.018004,0.0172418,0.01702804,0.01735489,0.017988,0
206183_2827,7,47,2827,0.02835344,-0.03672791,-0.02513902,-0.009978777,0.01222817,0.02730911,0.02236854,0.02112431,0.01974835,0.01855333,0.01769435,0.01736329,0.01760865,0.0181836,0
206183_2828,8,47,2828,-0.01875967,-0.01123151,0.001969065,0.006571384,-0.003937305,-0.007407941,0.01204835,0.02210133,0.02046791,0.01912017,0.01820833,0.01791587,0.01823453,0.0188907,0
206183_2829,9,47,2829,0.03548919,-0.009063014,-0.02912665,0.04924749,0.01065474,-0.03161707,-0.007941701,0.02143915,0.01986822,0.01854982,0.01762632,0.01727095,0.01751116,0.01808092,0
206183_2830,10,47,2830,0.02346768,0.01083503,0.02693819,-0.00259808,0.006937189,-0.00152977,0.01066567,0.0219435,0.02038032,0.01902906,0.01804047,0.01759791,0.0177767,0.01830418,0
206183_2831,11,47,2831,-0.02221164,0.001377059,0.02765928,-0.00400815,0.001028684,0.008854213,-0.0008574689,0.0216621,0.02024942,0.01901148,0.01810898,0.01774079,0.01797159,0.0185459,0
206183_2832,12,47,2832,0.00673582,0.05612229,-0.02788162,0.000851347,0.02589091,0.04387268,-0.03765377,0.02075665,0.01936919,0.01822149,0.01746406,0.01728297,0.0176488,0.01832258,0
206183_2833,13,47,2833,0.01483965,-0.01327145,-0.009093635,-0.006845534,0.05333018,0.04218482,0.002159229,0.0219189,0.02043289,0.01916545,0.01827772,0.01796856,0.01826337,0.01890017,0
206183_2834,14,47,2834,0.001034184,-7.42462e-05,0.0004682876,0.002848904,0.002764451,0.01585412,-0.0316262,0.02216927,0.02069096,0.01945503,0.01863053,0.01842735,0.01882359,0.01955991,0
206183_2835,15,47,2835,0.02154909,-0.01728694,-0.01854652,-0.01832003,0.0005542011,0.004464685,0.02503389,0.02071409,0.01944084,0.01838178,0.01769917,0.01759627,0.01802705,0.01876441,0
206183_2836,16,47,2836,0.0001807594,0.02795431,-0.008757907,-0.0143008,-0.01389392,-0.02800908,0.01164922,0.02193236,0.02036074,0.01905112,0.01815694,0.01786621,0.01818017,0.0188301,0
206183_2837,17,47,2837,-0.01715276,0.0132994,0.003658922,-0.0047864,-0.0339284,0.01202054,0.01027901,0.02226389,0.02085641,0.01966673,0.01887295,0.01869822,0.01912166,0.01988869,0
206183_2838,18,47,2838,-0.04558389,0.003097238,0.02783626,0.01119796,-0.001833169,0.008471775,-0.0006863267,0.02174001,0.02037934,0.01919118,0.0183444,0.01805007,0.01834896,0.01898968,0
206183_2839,19,47,2839,0.01527307,-0.003913402,0.02762741,0.01526096,-0.008408201,-0.0043758,0.00673898,0.02419121,0.02247719,0.02093077,0.01972328,0.01906131,0.01911885,0.01958465,0
206183_2840,20,47,2840,-0.005928354,0.01886118,-0.007918139,-0.01512689,0.0145868,-0.01580873,0.0005730488,0.02089672,0.01956898,0.01842629,0.01762572,0.0173627,0.01766161,0.01828025,0
206183_2841,21,47,2841,-0.005294744,-0.002610643,-0.01878117,0.03727354,0.001149005,-0.007375227,0.02657405,0.02065589,0.01946342,0.01846869,0.01784138,0.01779618,0.01827581,0.01905866,0
206183_2842,22,47,2842,0.22012,0.1703356,0.1163261,0.06492486,0.1407477,0.1088467,0.142519,0.02070952,0.01949501,0.01850249,0.01790129,0.017905,0.01842934,0.01925199,1
206183_2843,23,47,2843,0.2155429,0.1439738,0.1154485,0.09209703,0.07605914,0.1467099,0.145057,0.02165966,0.02031134,0.0191617,0.01838221,0.01818779,0.01857515,0.01929315,1
206183_2844,24,47,2844,0.2108328,0.1552055,0.0964106,0.1150934,0.1300126,0.1078462,0.1568871,0.02119734,0.01983876,0.01871344,0.01798433,0.01785454,0.01828352,0.01902499,1
206183_2845,25,47,2845,0.1574714,0.1276369,0.125726,0.1348567,0.1379958,0.1395325,0.1237936,0.0208967,0.01954345,0.01843004,0.01771404,0.01759141,0.01801679,0.01874613,0
206183_2846,26,47,2846,0.1784348,0.1828285,0.129402,0.1048612,0.09621522,0.1283511,0.1353504,0.02146751,0.02007078,0.01888878,0.01808424,0.01785951,0.01821697,0.01889814,1
206183_2847,27,47,2847,0.2129525,0.1938101,0.1795313,0.1352233,0.1083498,0.1425398,0.1343405,0.02294151,0.02124461,0.01975981,0.01864079,0.01807223,0.01818065,0.0186584,1
206183_2848,28,47,2848,0.1926663,0.1472275,0.143616,0.1081214,0.08083241,0.08961503,0.1371685,0.02221407,0.02059847,0.01919549,0.01815458,0.01765633,0.01780226,0.0182985,1
206183_2849,29,47,2849,0.2101828,0.1688626,0.1525399,0.1079862,0.1128874,0.09409561,0.1184499,0.02138089,0.01993757,0.01869714,0.01781355,0.0174763,0.01773406,0.01831812,1
206183_2850,30,47,2850,0.2578106,0.1994352,0.1626697,0.1525956,0.1305793,0.145827,0.1222673,0.02300051,0.02135756,0.01994669,0.0189325,0.01851633,0.01876434,0.01937357,1
206183_2851,31,47,2851,0.1762815,0.1885893,0.1156115,0.1439825,0.1203318,0.1003109,0.1371484,0.02073594,0.01943079,0.01827306,0.01741489,0.01704479,0.01724672,0.01776738,1
206183_2852,32,47,2852,0.2093964,0.1685544,0.1565965,0.1111874,0.08272474,0.1045161,0.1390096,0.02178932,0.02029859,0.01899333,0.01802779,0.01759063,0.01777416,0.01829792,1
206183_2853,33,47,2853,0.2426021,0.1710345,0.1541782,0.1161326,0.1158358,0.1316272,0.139329,0.02256327,0.02098007,0.01964832,0.01873276,0.01843615,0.01877429,0.0194565,1
206183_2854,34,47,2854,0.1669139,0.1124833,0.1529153,0.1226151,0.1552887,0.09116143,0.1380364,0.02112662,0.01968742,0.01845919,0.01759181,0.01726949,0.01753237,0.01811411,1
206183_2855,35,47,2855,0.1466701,0.1297678,0.1169232,0.08398683,0.1431857,0.07549287,0.08705637,0.02097614,0.01958499,0.01840281,0.01758236,0.01731244,0.0176151,0.01823163,1
206183_2856,36,47,2856,0.1322991,0.1082746,0.1119337,0.09931448,0.09480274,0.1190878,0.16715,0.01939708,0.01825833,0.01732951,0.01676136,0.01674315,0.01720612,0.01793715,1
206183_2857,37,47,2857,0.2004313,0.2188935,0.130669,0.1312497,0.1005683,0.1388595,0.1637705,0.02321603,0.02139594,0.01986318,0.01876776,0.01829049,0.01849515,0.01906397,1
206183_2858,38,47,2858,0.15871,0.1269072,0.1208726,0.07764156,0.1316111,0.07277359,0.0991791,0.02021067,0.01894659,0.01787134,0.01713614,0.0169295,0.0172574,0.01788367,1
206183_2859,39,47,2859,0.1875567,0.1506862,0.1432631,0.1050146,0.08181011,0.1156286,0.09660425,0.02073842,0.01935938,0.01817382,0.01732962,0.01700901,0.01725594,0.01781766,1
206183_2860,40,47,2860,0.2216792,0.160951,0.1140051,0.07893619,0.1070565,0.08723576,0.1101533,0.0218413,0.02027225,0.01888266,0.017816,0.01724424,0.01730591,0.01771767,1
206183_2861,41,47,2861,0.1506512,0.1479598,0.118603,0.1380772,0.1067151,0.1009088,0.1062565,0.02166353,0.02024591,0.01898639,0.01804256,0.01760875,0.01778357,0.01830259,1
206183_2862,42,47,2862,0.2120795,0.1813384,0.148659,0.1015351,0.1198,0.1416359,0.1272021,0.02188782,0.02037333,0.01904815,0.01806534,0.01761228,0.01778077,0.01829664,1
206183_2863,43,47,2863,-0.002366318,0.01158762,-0.009829454,0.02982858,-0.008595303,-0.02638623,0.02058226,0.02184857,0.02030929,0.0190104,0.01810635,0.01778661,0.01807342,0.01869645,0
206183_2864,44,47,2864,0.006187886,0.003518992,0.02775634,-0.001373587,-0.02607764,-0.01276656,0.01679494,0.02061153,0.01928822,0.01816126,0.0173834,0.01714431,0.01745495,0.01807661,0
206183_2865,45,47,2865,-0.01243546,0.0099886,0.02532455,0.01341529,-0.008285431,-0.001727797,0.02806985,0.02108976,0.01962099,0.01836854,0.01747807,0.01712777,0.0173594,0.01791538,0
206183_2866,46,47,2866,0.01555203,0.01753928,-0.02196615,0.007067154,0.007547402,0.02185296,-0.02406278,0.02105347,0.01958401,0.01833744,0.01745913,0.01712697,0.0173732,0.0179418,0
206183_2867,47,47,2867,-0.003302538,0.01035987,-0.009091687,-0.02530701,0.005113977,-0.004616521,0.03785644,0.01996191,0.01873707,0.01767814,0.01693404,0.01669061,0.01697195,0.01755459,0
206183_2868,48,47,2868,-0.01503378,0.004446347,-0.02066198,-0.03262087,-0.02518841,0.01025672,-0.01273866,0.02143589,0.01996151,0.01867853,0.01773667,0.01731886,0.01750054,0.0180203,0
206183_2869,49,47,2869,-0.008125402,0.0007079354,0.002748531,-0.001586686,-0.03519994,-0.01293966,-0.02967924,0.02152207,0.02001063,0.01868751,0.01769879,0.0172216,0.01735352,0.01782803,0
206183_2870,50,47,2870,0.004937049,0.004842609,0.02843284,-0.0001903805,-0.01626326,0.003781942,-0.001964507,0.02215565,0.02044082,0.01899566,0.01796004,0.01750231,0.01767995,0.01820533,0
206183_2871,51,47,2871,0.01651214,0.03429913,0.006737427,-0.0114209,0.001529335,-0.02033747,0.01089549,0.02365635,0.02175805,0.02009251,0.01880255,0.01805473,0.01802469,0.01838965,0
206183_2872,52,47,2872,0.01508979,0.01318761,0.01454861,0.002731721,0.01994235,-0.004098218,0.002771168,0.0206289,0.01925163,0.01803826,0.01713119,0.01670435,0.01684711,0.01731351,0
206183_2873,53,47,2873,-0.02397556,-0.0045381,-0.02267096,-0.03411846,0.02994832,0.009973866,0.0302506,0.02242383,0.02070647,0.01917548,0.0179664,0.01723673,0.01717387,0.01748166,0
206183_2874,54,47,2874,0.007079434,0.01559719,0.01264295,0.0188688,-0.002931664,-0.0167597,-0.02076487,0.02264696,0.02091833,0.01940212,0.01824106,0.01760418,0.01763568,0.01803821,0
206183_2875,55,47,2875,-0.03291306,-0.007459207,0.007049522,0.003793824,0.02885532,0.02569134,-0.00807033,0.02066392,0.01916336,0.01791862,0.01706468,0.01676601,0.01702839,0.01760014,0
206183_2876,56,47,2876,0.0122663,0.01546754,-0.02563597,0.01036569,0.00260181,-0.002374098,-0.003401291,0.02015568,0.01889771,0.01781828,0.01706736,0.01683175,0.01712673,0.01772624,0
206183_2877,57,47,2877,0.02252828,-0.01703918,0.00226051,0.008029896,-0.01927376,-0.0103511,-0.01116619,0.02036366,0.01912589,0.01808536,0.01740037,0.01726938,0.01766286,0.0183589,0
206183_2878,58,47,2878,0.02813351,-0.0210658,-0.01246882,0.04588099,-0.01298328,-0.01578759,-0.01196084,0.02296818,0.02129944,0.01985779,0.01880314,0.0183299,0.01851831,0.01907779,0
206183_2879,59,47,2879,-0.02245258,-0.01966907,-0.02950902,0.006937789,-0.01522969,-0.001622845,-0.01169867,0.02126489,0.01984501,0.01856315,0.01756525,0.0170281,0.01709111,0.01749767,0
206183_2880,0,48,2880,0.01904798,0.02744297,-0.01432968,0.03615507,-0.0408326,0.02855334,0.0277898,0.0244782,0.02251138,0.02074107,0.01931205,0.01838855,0.01822243,0.01847639,0
206183_2881,1,48,2881,0.009409407,0.02214415,0.03898039,0.003049076,0.01270126,-0.014584,0.0088855,0.02186459,0.02032752,0.01899536,0.01801997,0.01758647,0.01776979,0.01830047,0
206183_2882,2,48,2882,0.001417795,-0.004924673,0.02526409,-0.01631597,0.03318886,0.01739864,0.02570902,0.02517348,0.02306422,0.02119867,0.01972323,0.01880483,0.018675,0.01897785,0
206183_2883,3,48,2883,0.03297762,0.0005903731,0.01003244,0.01901853,-0.009420879,-0.01155411,-0.006631913,0.02054114,0.0191794,0.01808991,0.01742232,0.0173618,0.0178228,0.01857688,0
206183_2884,4,48,2884,-0.02204195,0.02549111,0.007620507,0.02893349,0.005139832,0.01477033,-0.01348694,0.0214771,0.01998909,0.0186924,0.01773576,0.01730047,0.01746762,0.01797499,0
206183_2885,5,48,2885,-0.004391344,0.04218811,-0.02912039,-0.02872623,0.009273405,-0.004209345,0.03312392,0.02270744,0.02099029,0.01946564,0.01827629,0.01759039,0.0175775,0.01794009,0
206183_2886,6,48,2886,-0.003460311,0.003042925,-0.0006603808,-0.003224204,0.004161549,0.007471204,0.002539053,0.02087167,0.01948164,0.01831175,0.01751354,0.01727428,0.01759327,0.01822794,0
206183_2887,7,48,2887,-0.01976943,0.02509284,-0.005812772,0.01853336,-0.01992222,-0.02556224,0.02032928,0.02049863,0.01915633,0.01799774,0.01716962,0.016853,0.01708973,0.01764125,0
206183_2888,8,48,2888,-0.0004741457,0.01719894,0.01289613,0.0270391,-0.02857632,0.01810894,0.01665319,0.02128068,0.01985548,0.01861649,0.0177162,0.01734204,0.01755558,0.01810323,0
206183_2889,9,48,2889,-0.002831076,0.009402328,0.003217299,0.030015,0.003180155,-0.001932264,0.03072829,0.02165703,0.02014683,0.0188269,0.01784662,0.01738773,0.01754021,0.01803782,0
206183_2890,10,48,2890,0.001782278,-0.03287879,0.003504123,0.01461361,0.02707824,-0.02125346,0.003041793,0.02243886,0.02076898,0.01935925,0.01836107,0.01795837,0.01819259,0.01877973,0
206183_2891,11,48,2891,0.01869238,-0.003995106,0.02926351,0.005920127,0.0387365,0.005962798,-0.01158531,0.02104991,0.01956084,0.01832666,0.01749208,0.01723447,0.01754541,0.01817254,0
206183_2892,12,48,2892,0.01618499,-0.01120016,0.02679308,0.01482776,0.006170209,-0.02076495,0.02889474,0.01956177,0.01832981,0.01732647,0.01669552,0.01661571,0.01702589,0.01771401,0
206183_2893,13,48,2893,-0.0132159,0.004307166,0.01453987,-0.002750988,0.01914318,-0.01679112,0.01300529,0.02151996,0.02007746,0.01883197,0.01793987,0.01759389,0.01784128,0.01842577,0
206183_2894,14,48,2894,0.0148283,-0.02706195,-0.01094094,0.03486276,-0.01914565,-0.01355465,-0.0307694,0.02056172,0.0192492,0.01816987,0.01747896,0.01736973,0.01779,0.01851139,0
206183_2895,15,48,2895,-0.002385673,-0.000968513,-0.01169832,-0.01350263,0.01268095,-0.004631817,-0.02107327,0.02191451,0.02029182,0.01888737,0.01784376,0.01733246,0.01745072,0.0179188,0
206183_2896,16,48,2896,0.008451635,0.03663325,0.02310694,-0.01526156,0.005581568,-0.02295034,-0.01374182,0.02158652,0.02025547,0.01915882,0.01847088,0.01841045,0.01890838,0.019728,0
206183_2897,17,48,2897,0.02535331,0.02268398,0.01195292,0.01768953,-0.001134393,-0.01941457,0.009790933,0.02059214,0.01938934,0.0183752,0.01771628,0.01762297,0.01805686,0.01879758,0
206183_2898,18,48,2898,0.0330014,-0.0230643,0.002937989,0.01641325,-0.002837596,-0.003805647,-0.02628199,0.02170443,0.02030577,0.0191309,0.01834788,0.01816625,0.01856446,0.01929344,0
206183_2899,19,48,2899,0.00237457,0.005367676,0.01640012,0.002453388,-0.03870002,-0.001537909,0.01547853,0.02084518,0.01958296,0.01851908,0.01781881,0.01768983,0.01810262,0.01882777,0
206183_2900,20,48,2900,0.00337591,0.002942996,-0.02932371,0.001717565,-0.01742541,0.001385702,0.03127573,0.02194023,0.02051914,0.01925478,0.01831012,0.0178865,0.01807709,0.01862016,0
206183_2901,21,48,2901,0.01234783,-0.006677503,-0.01926398,0.002388221,0.02199096,0.02445256,-0.02368326,0.0211863,0.0197971,0.01863638,0.01786288,0.01767365,0.01804829,0.01874114,0
206183_2902,22,48,2902,-0.002841931,0.03127386,-0.01267515,-0.03338207,0.001052157,-0.01656078,0.02477623,0.02378876,0.02207544,0.02053936,0.01934495,0.01868964,0.018741,0.01919046,0
206183_2903,23,48,2903,-0.006538859,-0.01342846,0.01948926,-0.02127982,0.003262257,0.007452992,-0.01369932,0.02325384,0.02157327,0.02010509,0.019012,0.01849142,0.01864879,0.01918468,0
206183_2904,24,48,2904,0.03917013,0.01773353,0.01600635,0.009431444,0.007966024,0.01157116,-0.02321389,0.02131514,0.0198241,0.0185036,0.01749572,0.0169717,0.01705488,0.01747742,0
206183_2905,25,48,2905,0.1853779,0.1325418,0.1455941,0.1193969,0.1357063,0.1276406,0.1468033,0.02144205,0.02003516,0.01884216,0.01802395,0.01778015,0.0181175,0.01878147,1
206183_2906,26,48,2906,0.2159021,0.1426817,0.1142894,0.09848914,0.08972285,0.1330613,0.1089332,0.02087487,0.01954436,0.01839962,0.01759697,0.0173308,0.0176277,0.01824253,1
206183_2907,27,48,2907,0.1010805,0.1598426,0.09806344,0.08657348,0.1151747,0.1166896,0.1303596,0.02013539,0.01886888,0.01778855,0.01704359,0.01681958,0.01712787,0.01773559,1
206183_2908,28,48,2908,0.2868153,0.1751699,0.1340867,0.1208559,0.1071398,0.1093119,0.1438919,0.02328214,0.02148592,0.01989732,0.01866239,0.01795284,0.01794473,0.01832039,1
206183_2909,29,48,2909,0.212787,0.1356891,0.0909262,0.09640649,0.114222,0.1174138,0.09272045,0.02091994,0.01947476,0.01822878,0.01732554,0.01694037,0.01713716,0.01765518,1
206183_2910,30,48,2910,0.1914178,0.1481238,0.1380063,0.06878175,0.09188518,0.1185024,0.1128858,0.02161563,0.01997442,0.0185936,0.01761054,0.01719109,0.01738685,0.01791381,1
206183_2911,31,48,2911,0.1698414,0.1588203,0.1275105,0.1239822,0.1188947,0.1115093,0.1092382,0.02206502,0.02042873,0.01900835,0.01794758,0.01741896,0.01753133,0.01799345,1
206183_2912,32,48,2912,0.1664051,0.1866422,0.1234919,0.1186097,0.1001063,0.1014389,0.07679246,0.02134754,0.0199254,0.01869624,0.01781508,0.01747306,0.01772236,0.01830074,1
206183_2913,33,48,2913,0.1717976,0.1350831,0.1421528,0.1014883,0.09251983,0.09666177,0.1427076,0.0211631,0.0196993,0.01838584,0.01736225,0.01679585,0.0168354,0.01721178,1
206183_2914,34,48,2914,0.1567889,0.1552598,0.1240477,0.09773487,0.0933464,0.09835889,0.1106096,0.02020797,0.01894894,0.01788099,0.01715615,0.01696403,0.01730368,0.01794152,1
206183_2915,35,48,2915,0.2206525,0.1479043,0.1418571,0.1238832,0.1093481,0.140784,0.09529246,0.02240019,0.02068919,0.01918021,0.01801167,0.01734641,0.01734703,0.01771081,1
206183_2916,36,48,2916,0.2294521,0.1508621,0.1570981,0.1318043,0.1217631,0.1499032,0.1286633,0.02221525,0.02066528,0.01934288,0.01840789,0.01805659,0.01832984,0.01894841,1
206183_2917,37,48,2917,0.1817277,0.1778871,0.12259,0.1649052,0.106311,0.118493,0.1040589,0.02139669,0.01987757,0.01861236,0.01774935,0.01747021,0.01777845,0.01840813,1
206183_2918,38,48,2918,0.2084951,0.1198351,0.1064975,0.08541263,0.08056687,0.1040863,0.1130123,0.02072861,0.01930949,0.01806872,0.01714696,0.01671535,0.01686194,0.01733024,1
206183_2919,39,48,2919,0.2039073,0.1671023,0.123406,0.1206109,0.1046912,0.08757856,0.1143236,0.02170681,0.02019797,0.01889472,0.01794944,0.0175485,0.01775799,0.01830714,1
206183_2920,40,48,2920,0.1645794,0.1626619,0.1468237,0.1257965,0.1333087,0.1439608,0.1302702,0.02195697,0.02047543,0.01916993,0.01819828,0.01775395,0.01793062,0.01845746,1
206183_2921,41,48,2921,-0.001639125,0.01505593,0.02068782,-0.005933615,0.01319163,-0.01193504,-0.003173011,0.02224841,0.02070235,0.019298,0.01818475,0.01754116,0.01754504,0.01791473,0
206183_2922,42,48,2922,-0.003290669,0.02548344,0.01234975,0.02691452,0.03500593,-0.01036058,0.005226158,0.02226634,0.02060541,0.01912919,0.01797792,0.01731705,0.01731209,0.01767099,0
206183_2923,43,48,2923,-0.007798954,0.01067454,0.01236032,-0.003136637,0.0003685711,0.01755624,0.02208197,0.02223422,0.02061087,0.01919975,0.01814962,0.01763995,0.01777126,0.01825879,0
206183_2924,44,48,2924,-0.0486636,-0.04300593,0.03103503,-0.01712284,-0.01437987,-0.01528674,-0.04753937,0.02266542,0.02083126,0.01927484,0.01813135,0.0175614,0.01766031,0.01812125,0
206183_2925,45,48,2925,-0.02803665,-0.0007170517,-0.02052387,0.0009336812,0.01551938,0.01879858,-0.01440678,0.02075548,0.01926821,0.0180149,0.01713298,0.01678984,0.01701678,0.01755887,0
206183_2926,46,48,2926,-0.01094898,-0.007446299,-0.01217327,0.03599368,0.005543284,0.02712647,0.01164558,0.0227038,0.02094295,0.01939007,0.01818373,0.01748624,0.01746564,0.01781892,0
206183_2927,47,48,2927,-0.0105295,-0.01536959,0.04197051,0.0120351,0.008123416,0.0498564,-0.008407769,0.02211904,0.02052105,0.01915783,0.01818146,0.01777715,0.01799772,0.0185665,0
206183_2928,48,48,2928,0.04130365,0.0155468,0.02963653,0.02666305,-0.008879578,-0.005416982,-0.02441259,0.02142019,0.01994735,0.01868006,0.01776945,0.01740077,0.01762593,0.01818567,0
206183_2929,49,48,2929,-0.03841263,-0.01240175,0.01425284,-0.0001229158,0.01179559,0.004748929,-0.0007232727,0.02135636,0.0198638,0.01858396,0.0176647,0.01728667,0.01750195,0.01805009,0
206183_2930,50,48,2930,-0.01062183,0.02367353,0.02433008,-0.01548173,0.02089465,-0.004771861,-0.02316464,0.02157201,0.02012291,0.01886034,0.01793973,0.01755218,0.01776419,0.01831707,0
206183_2931,51,48,2931,-0.01096767,-0.0260374,0.01254706,0.007413114,-0.005025053,0.00823618,0.05117109,0.02472578,0.02262213,0.02073783,0.01920561,0.01817094,0.01791543,0.01808596,0
206183_2932,52,48,2932,-0.0383481,-0.02733456,0.009162974,0.01077975,-0.03078268,-0.005750722,-0.01862005,0.02202439,0.02041901,0.01911707,0.01827103,0.01806785,0.0184604,0.01918211,0
206183_2933,53,48,2933,0.009201578,0.01841368,0.01057862,0.01191285,0.0281665,0.004593341,0.009740327,0.02179629,0.02030941,0.01899114,0.01799412,0.01750428,0.01763179,0.01811059,0
206183_2934,54,48,2934,-0.02096377,0.02262418,-0.007409742,-0.03170967,-0.01648023,0.003718689,0.01817655,0.02081473,0.01940547,0.0182337,0.01744833,0.01723307,0.0175715,0.0182211,0
206183_2935,55,48,2935,-0.04193629,0.0009036424,0.01388961,-0.004559769,0.01074031,0.04394426,-0.003508236,0.02016906,0.01895461,0.01791503,0.01720569,0.01702151,0.01736126,0.01800423,0
206183_2936,56,48,2936,0.02004395,0.02177398,-0.03797681,0.01414174,-0.01754391,0.008476498,-0.005850161,0.02124238,0.0197269,0.01843536,0.01751114,0.0171288,0.017337,0.01787474,0
206183_2937,57,48,2937,-0.008589459,-0.01331378,-0.007320704,0.002490082,0.04618325,0.007486822,-0.006832578,0.02374949,0.0219026,0.02028064,0.01903502,0.01834474,0.01836809,0.01878757,0
206183_2938,58,48,2938,0.01559844,0.02368498,0.006330149,0.05000109,0.01022523,0.001977674,0.005294463,0.02324115,0.02150162,0.01997915,0.0188285,0.01823518,0.01832623,0.01879969,0
206183_2939,59,48,2939,0.00771204,0.01969281,0.001027182,0.008232524,-0.02440803,-0.0452486,-0.02773261,0.02167216,0.02020424,0.01897838,0.01815451,0.01793035,0.01829102,0.01898189,0
206183_2940,0,49,2940,0.01423971,0.004534666,-0.02931102,-0.01206989,0.004274029,-0.01602456,0.02143841,0.0212486,0.01987215,0.01872381,0.01796517,0.01779727,0.01819097,0.01890468,0
206183_2941,1,49,2941,-0.004843426,0.02408997,-0.02010476,-0.009856218,0.005389121,0.006226638,0.009773115,0.0206687,0.01925588,0.01806167,0.01723027,0.01693884,0.01720572,0.01778619,0
206183_2942,2,49,2942,-0.006339825,-0.009005353,0.03631289,-0.005287679,0.01351434,-0.01249315,-0.0007955975,0.02208897,0.02050899,0.01917361,0.01823746,0.01788965,0.01815831,0.01877156,0
206183_2943,3,49,2943,0.005677716,-0.005201172,0.04623784,-0.01500204,0.00315023,0.03256508,0.01582064,0.02090346,0.01955315,0.0183809,0.01754025,0.01722134,0.01746948,0.01804214,0
206183_2944,4,49,2944,-0.008725747,0.01493145,-0.003363544,0.006651361,0.01472997,-0.01159942,0.0196904,0.02107986,0.01959192,0.01830796,0.01736966,0.01694916,0.01711687,0.01761414,0
206183_2945,5,49,2945,-0.01516385,-0.01888493,0.02717266,0.008711106,0.02148959,-0.01075812,-0.0005278998,0.02614061,0.02393889,0.02195777,0.02034702,0.01927315,0.01903145,0.01924834,0
206183_2946,6,49,2946,-0.002246622,0.04101994,-0.001554394,0.01153202,0.01333362,0.002151415,-0.02106728,0.02071327,0.01932929,0.01813497,0.01727669,0.0169344,0.0171566,0.01769872,0
206183_2947,7,49,2947,0.005409299,-0.02349338,-0.02867122,-0.02226737,0.0005065437,0.001895748,-0.01580707,0.02141934,0.01997799,0.01872916,0.01782679,0.01746019,0.01768564,0.01824734,0
206183_2948,8,49,2948,0.01312521,0.01799755,0.01945395,0.0283797,0.008404261,0.01579819,0.008664649,0.02135925,0.01993187,0.01873006,0.01791122,0.01767011,0.01800463,0.01866514,0
206183_2949,9,49,2949,0.01794949,0.005085968,0.001408684,0.002724815,0.006576847,0.004463955,0.01530615,0.02153332,0.02000648,0.0186863,0.01771916,0.01728295,0.01745271,0.0179624,0
206183_2950,10,49,2950,-0.009193555,0.01351489,0.003623403,0.01042877,-0.01476774,-0.04645213,-0.003819335,0.02168049,0.02017625,0.01889131,0.01797945,0.01762932,0.01788025,0.01846963,0
206183_2951,11,49,2951,0.02184351,-0.03128457,0.03072988,0.008213521,-0.02420479,0.02410113,0.01139255,0.02193058,0.02039721,0.01907921,0.01813144,0.01774345,0.01796973,0.01854197,0
206183_2952,12,49,2952,0.01301462,-0.01495881,0.004272581,0.008255607,-0.01559407,-0.004579193,-0.008863362,0.02139245,0.01992665,0.01863183,0.01765532,0.01717624,0.01729971,0.01776495,0
206183_2953,13,49,2953,0.01251032,0.02098703,-0.002793098,0.01995634,0.03500282,0.03987588,0.01042998,0.02176896,0.02020142,0.01885585,0.01787973,0.01745221,0.01763904,0.01816906,0
206183_2954,14,49,2954,0.01687022,-0.002438551,0.01769722,2.582236e-05,-0.01586648,0.02357071,-0.009076941,0.02130799,0.01989473,0.01864205,0.01770128,0.01725784,0.01740875,0.01789932,0
206183_2955,15,49,2955,0.02955211,0.009966865,0.02855838,0.01445096,-0.002763127,0.004642555,-0.02017727,0.02203812,0.02046474,0.01911468,0.01814055,0.01772831,0.01793791,0.01849585,0
206183_2956,16,49,2956,0.01778238,0.03989314,0.003754374,0.01114143,0.004785595,-0.003154381,-0.004004101,0.02056307,0.01930166,0.01821295,0.01745429,0.01722259,0.01753471,0.01816085,0
206183_2957,17,49,2957,0.01253434,0.02937672,0.01068161,-0.02161839,0.02606131,0.02665625,-0.001786101,0.02314602,0.02151201,0.02007708,0.01900634,0.01850102,0.0186648,0.01920729,0
206183_2958,18,49,2958,-0.003588963,-0.001872927,0.05253537,0.03730696,-0.009668467,-0.0201226,0.01570728,0.02073142,0.0193475,0.01816964,0.01734614,0.01705985,0.01733291,0.01792187,0
206183_2959,19,49,2959,-0.006223209,-0.004489846,0.007590386,0.01577554,0.004592228,-0.004594411,0.01693299,0.02098545,0.01962472,0.01853201,0.01786643,0.01782577,0.01831976,0.01911607,0
206183_2960,20,49,2960,-0.03071856,-0.00714268,-0.01570006,0.005133645,-0.004974137,0.02959932,0.02748747,0.02142825,0.02010305,0.01895547,0.01815307,0.01790579,0.01823491,0.018897,0
206183_2961,21,49,2961,0.005081672,-0.009392191,-0.02092364,0.005782818,-0.005853096,0.01326047,0.00444405,0.02132809,0.01985373,0.01857884,0.01765176,0.01725376,0.01745002,0.01798023,0
206183_2962,22,49,2962,-0.01901231,-0.02394701,-0.008861981,0.001126262,0.02376509,-0.01078693,0.01890838,0.02100892,0.0196012,0.01838571,0.01751217,0.01716474,0.01739375,0.01794829,0
206183_2963,23,49,2963,-0.00994104,-0.0143861,0.01501577,-0.01978418,-0.007163002,0.02177905,0.0253264,0.02318375,0.02154393,0.02015811,0.01919708,0.01887094,0.01919796,0.01989068,0
206183_2964,24,49,2964,0.009847804,-0.02857243,0.006841399,0.006695343,-0.03471772,-0.008993288,0.0185042,0.02301625,0.02133849,0.01987058,0.01877018,0.01822779,0.0183568,0.01886076,0
206183_2965,25,49,2965,-0.002136916,0.01493533,-0.02178383,-0.0154151,0.01782196,0.006403164,0.00951198,0.02029826,0.0189275,0.01780637,0.01707805,0.01691913,0.0172896,0.01795404,0
206183_2966,26,49,2966,-0.0134686,0.000791652,-0.005890612,-0.002469454,0.03441389,-0.0104993,-0.002101843,0.02337019,0.02161475,0.02006443,0.01887285,0.01822296,0.01826873,0.01870072,0
206183_2967,27,49,2967,0.01094665,-0.03442976,0.01166375,0.0276088,0.004894619,0.003800476,0.005352749,0.02226483,0.0206627,0.01930016,0.01833224,0.01794825,0.0181935,0.01878724,0
206183_2968,28,49,2968,0.02389597,0.01056055,-0.01913494,-0.003274022,-0.01192438,-0.02140576,0.02012958,0.02216418,0.0204477,0.01898209,0.01790561,0.01738368,0.01750626,0.01797943,0
206183_2969,29,49,2969,0.04309164,-0.006404868,0.003959343,-0.0124639,-0.03655138,0.005900634,-0.006036815,0.02072574,0.0194484,0.01834138,0.01756313,0.01731172,0.01761444,0.01823366,0
206183_2970,30,49,2970,0.1932668,0.1408271,0.120914,0.1264785,0.107216,0.1107927,0.1439706,0.02140326,0.01997997,0.01882554,0.01810063,0.01800444,0.01846845,0.01924453,1
206183_2971,31,49,2971,0.2354129,0.1532431,0.1205511,0.1181603,0.1214002,0.1310423,0.09620709,0.02200982,0.02046104,0.01910899,0.01810606,0.01763757,0.01779717,0.01830676,1
206183_2972,32,49,2972,0.2403477,0.1741475,0.1663543,0.1137747,0.1003454,0.0925669,0.1403448,0.02186608,0.0204032,0.01912997,0.0182065,0.01783017,0.0180651,0.0186441,1
206183_2973,33,49,2973,0.1768144,0.1692594,0.1062966,0.1070716,0.1083525,0.114201,0.09386492,0.02176756,0.0201233,0.01873176,0.01773267,0.01729464,0.01747734,0.0179978,1
206183_2974,34,49,2974,0.2098716,0.1411258,0.131082,0.1081939,0.08799394,0.09602448,0.1603483,0.02040465,0.01909322,0.01802253,0.0173449,0.01724964,0.01767905,0.01840193,1
206183_2975,35,49,2975,0.1611187,0.1688861,0.1521322,0.1203151,0.140363,0.1239311,0.1157844,0.02278553,0.0210755,0.01960537,0.01852682,0.01802279,0.01818189,0.01870527,1
206183_2976,36,49,2976,0.003921296,-0.01041874,-0.01890259,0.04466529,-0.01227281,-0.014946,0.01649907,0.02097711,0.01959173,0.01843641,0.01766605,0.01747264,0.01783763,0.01851505,0
206183_2977,37,49,2977,0.008144184,0.03960931,-0.02266904,-0.01065617,-0.006401352,0.005940344,0.002663936,0.02238833,0.02078944,0.01941072,0.01840845,0.01797311,0.01817655,0.0187352,0
206183_2978,38,49,2978,-0.01219337,0.0119712,0.03795965,0.02452064,0.002908361,0.02323075,-0.008570913,0.02325554,0.02137362,0.01975731,0.01854693,0.01790834,0.01796713,0.01840386,0
206183_2979,39,49,2979,-0.01330952,-0.0273531,0.0166728,0.002215371,-0.01110716,-0.03138939,0.00310413,0.02243662,0.02080734,0.01939355,0.01834789,0.01785519,0.01800908,0.01852237,0
206183_2980,40,49,2980,-0.01254503,0.01102853,0.01944172,-0.0004379401,0.007763791,-0.04283139,-0.004291871,0.01984686,0.01859994,0.01759022,0.01696586,0.01691124,0.01735435,0.01807808,0
206183_2981,41,49,2981,0.01360756,0.03365871,0.0166595,0.02156607,-0.01060368,-0.001234326,0.003117477,0.02086451,0.019458,0.01832183,0.01760724,0.01750118,0.01793641,0.01867324,0
206183_2982,42,49,2982,0.03099172,0.02516195,-0.004347312,0.01275526,-0.01183205,0.005494152,0.03207365,0.02208668,0.02058604,0.01929688,0.01838131,0.01803917,0.01831156,0.01893091,0
206183_2983,43,49,2983,-0.0006585306,-0.001541824,0.002790359,0.0207095,-0.01124356,-0.01907658,0.001628774,0.02181926,0.02025904,0.01894035,0.01801439,0.01766598,0.01792557,0.01852325,0
206183_2984,44,49,2984,0.02526985,0.03653116,-0.008283432,0.001404961,-0.0009720255,-0.00205165,-0.01205771,0.02149263,0.0200542,0.01880584,0.01790314,0.01753769,0.01776717,0.01833406,0
206183_2985,45,49,2985,0.01170714,-0.05107125,-0.01302374,0.02143634,-0.005875962,0.02382049,0.01957025,0.02085967,0.01941649,0.01820265,0.01736325,0.01707638,0.01735494,0.01794935,0
206183_2986,46,49,2986,0.05476449,0.01233818,-0.01103327,0.01270466,0.02920902,0.01473347,-0.03828699,0.02250959,0.0208482,0.01937931,0.01824957,0.01763382,0.0176773,0.0180894,0
206183_2987,47,49,2987,-0.0446613,0.01581685,-0.006539821,0.0298299,-0.00491642,-0.01992717,-0.0144618,0.02091906,0.01939776,0.01809836,0.01715629,0.01673535,0.01689896,0.01738644,0
206183_2988,48,49,2988,-0.01525833,0.001325453,0.006417698,-0.003715537,0.01727315,0.0215382,0.01382142,0.02122203,0.01982132,0.01864924,0.01786387,0.01766122,0.01802444,0.0187083,0
206183_2989,49,49,2989,-0.03855179,0.01477746,0.009110854,-0.01224444,-0.005828636,-0.008832492,-0.009053778,0.02238877,0.02073053,0.01928793,0.01820858,0.01766987,0.01777993,0.0182516,0
206183_2990,50,49,2990,0.02466199,0.01203374,-0.03280853,-0.01317402,-0.004025061,-0.007904573,-5.982528e-05,0.02178461,0.02015062,0.01879855,0.01787156,0.01754381,0.01782122,0.0184311,0
206183_2991,51,49,2991,-0.03530417,0.008779818,0.01898962,0.003422639,-0.01880932,0.01613269,0.01294146,0.02158995,0.02014082,0.01891763,0.01807993,0.01782502,0.01815572,0.01881803,0
206183_2992,52,49,2992,-0.001204653,-0.04483757,0.01928406,-0.006671815,0.004353891,0.005742887,0.01896117,0.02140071,0.01995537,0.01871675,0.01783932,0.01751333,0.01777473,0.01836876,0
206183_2993,53,49,2993,0.0288051,0.003762559,-0.01151317,0.02361086,0.01564976,-0.02786752,0.04073953,0.02207879,0.02044374,0.01904091,0.01801624,0.01754601,0.01770702,0.01821873,0
206183_2994,54,49,2994,0.05430859,0.02274751,-0.001252748,0.006891697,-0.02905449,-0.006638898,0.03153044,0.02098598,0.01955217,0.01836382,0.01757081,0.01735784,0.01770445,0.01836496,0
206183_2995,55,49,2995,-0.01389238,0.01407562,0.03370369,-0.01548284,0.006640625,0.01370159,0.003294711,0.0219374,0.0203891,0.01905206,0.01807884,0.01765554,0.01785087,0.01839413,0
206183_2996,56,49,2996,-0.00947213,-0.02351626,0.01172989,-0.009313008,0.009771837,-0.01423139,0.01206525,0.02351294,0.02170115,0.02012636,0.01894145,0.01832889,0.01841446,0.01888732,0
206183_2997,57,49,2997,0.01330672,0.00721126,-0.006768516,0.04281661,0.01702098,0.003102021,0.01114675,0.02303866,0.02133549,0.01986816,0.01879434,0.01830502,0.01848256,0.01903247,0
206183_2998,58,49,2998,0.01873753,0.02281885,0.02522158,0.01559401,-0.007519615,0.02814281,-0.005939263,0.02150603,0.0200432,0.01876861,0.01783466,0.01742806,0.01762109,0.01815422,0
206183_2999,59,49,2999,0.009700753,0.004904098,-0.03346011,0.006399629,0.02151841,0.0105118,0.009142495,0.02225053,0.02077375,0.01948385,0.01854684,0.01816784,0.01841042,0.01900881,0
206183_3000,0,50,3000,0.03429718,0.01873792,0.001379325,0.02695736,0.004462027,-0.01070951,-0.04519783,0.02061364,0.01919362,0.01797914,0.01711123,0.01676237,0.01697669,0.01750723,0
206183_3001,1,50,3001,-0.01714487,0.02227323,0.02713789,0.03199381,0.009486733,0.005125511,0.02305076,0.02126662,0.01988504,0.01868754,0.01783179,0.01751316,0.01777452,0.01836781,0
206183_3002,2,50,3002,0.0147779,-0.01055944,-0.001008966,0.003812979,0.004139447,0.003171911,-0.01118512,0.02120529,0.01979238,0.0186018,0.01778933,0.01754771,0.0178763,0.01852786,0
206183_3003,3,50,3003,0.04325307,0.002159804,0.03113523,0.003844895,-0.0102508,0.007601116,-0.001545615,0.02233225,0.02074882,0.01937187,0.01835708,0.01789395,0.01806747,0.01859967,0
206183_3004,4,50,3004,-0.02792894,-0.0266527,0.01269869,0.003905489,-0.007658558,-0.0005463163,-0.0303987,0.01946647,0.01827247,0.01729835,0.01669015,0.01663008,0.01705353,0.01775314,0
206183_3005,5,50,3005,-0.0009946796,0.03797823,-0.02271595,0.007996591,-0.01471633,-0.004464677,-0.01764069,0.02343478,0.02152081,0.01989824,0.01870926,0.018123,0.01823406,0.01872455,0
206183_3006,6,50,3006,-0.005329344,-0.002233756,0.02373336,-0.003619495,-0.00302767,0.007007777,0.005349698,0.01961313,0.01847353,0.01756994,0.01705778,0.01713223,0.01767477,0.01848818,0
206183_3007,7,50,3007,-0.01970886,0.004177458,0.02825105,0.01007141,-0.01200203,0.005554362,-0.01214801,0.02127477,0.01986428,0.0187224,0.01800854,0.01792045,0.01838396,0.01915897,0
206183_3008,8,50,3008,0.05210943,-0.004358894,-0.01495055,-0.01977642,0.007143444,-0.01465639,-0.02229157,0.02137985,0.0199289,0.01871322,0.01788832,0.01764615,0.01798093,0.01864101,0
206183_3009,9,50,3009,-0.0004540637,-0.003466974,0.003509752,-0.01324972,-0.02284947,-0.02225434,-0.005317954,0.02110019,0.01970006,0.01852319,0.01772482,0.01749716,0.01783419,0.01849112,0
206183_3010,10,50,3010,0.03873226,0.01018985,-0.01244062,-0.002273807,-0.03750297,0.0008431701,0.009153152,0.02282499,0.0210624,0.01956023,0.01846571,0.01795577,0.01811004,0.01863026,0
206183_3011,11,50,3011,-0.007838079,-0.02509956,0.007874934,-0.001576043,-0.02889527,-0.002411901,-0.01275319,0.0224129,0.02074589,0.01933177,0.0183212,0.01789695,0.01811109,0.01867932,0
206183_3012,12,50,3012,0.001946663,-0.004672512,-0.02087233,-0.03249849,0.008245923,-0.02723652,0.01790679,0.02225068,0.02059849,0.0191383,0.0180124,0.01738976,0.01741771,0.01780919,0
206183_3013,13,50,3013,0.05195451,0.005694146,0.006463921,0.002862766,0.000305797,-0.02435184,-0.003262362,0.02275727,0.02105576,0.0195493,0.01838449,0.01773527,0.01775732,0.01815467,0
206183_3014,14,50,3014,0.03587401,-0.02900292,0.02067464,-0.002647556,0.01033074,-0.01956352,-0.005879524,0.02213659,0.02047559,0.01901866,0.01790602,0.01730433,0.01734856,0.01775211,0
206183_3015,15,50,3015,-0.02136829,-0.02003018,-0.001618953,0.01600783,-0.03330851,-0.004513796,-0.007821652,0.02024406,0.01896539,0.01789235,0.01717633,0.0170058,0.01736158,0.01801777,0
206183_3016,16,50,3016,0.01459158,-0.03231137,-0.01881914,-0.05274942,-8.760193e-07,-0.004733008,0.03502305,0.02239033,0.02086601,0.01952687,0.01853524,0.01809023,0.01827958,0.01883029,0
206183_3017,17,50,3017,0.01525246,0.007021163,-0.01347607,0.00468242,-0.01232618,0.01935656,0.00332747,0.02103939,0.01966868,0.0184831,0.01763713,0.01732195,0.01757874,0.01816203,0
206183_3018,18,50,3018,-0.026671,0.01372215,0.01325809,0.01680535,0.008586214,-0.03516672,0.007547622,0.02102136,0.01959552,0.01838197,0.01753023,0.01722423,0.01749045,0.01807926,0
206183_3019,19,50,3019,0.0117532,0.008759892,0.0009399518,-0.03567348,-0.01262825,-0.005470345,0.03549539,0.02101878,0.01968045,0.01863836,0.01805437,0.0181299,0.01872218,0.01960787,0
206183_3020,20,50,3020,0.01155169,-0.005740755,-0.002317035,0.03310129,0.008605862,-0.01339568,-0.0005070707,0.02200795,0.02048053,0.01911907,0.01807462,0.01752986,0.01761578,0.01805938,0
206183_3021,21,50,3021,0.0158519,-0.01089387,-0.02347662,-0.004397528,0.00161173,-0.00533583,-0.00347877,0.02118939,0.01985069,0.01868867,0.01786414,0.01757747,0.01786383,0.01847963,0
206183_3022,22,50,3022,0.02335979,0.03361997,0.02345543,0.009412352,0.02621304,0.00612581,-0.009147409,0.02190908,0.0203544,0.01899718,0.01798694,0.01750499,0.01764708,0.01813951,0
206183_3023,23,50,3023,0.004037299,0.02577372,0.01211271,0.01208484,0.002842435,-7.937432e-05,-0.02576891,0.02150216,0.02007815,0.01883328,0.01792396,0.01754297,0.01775807,0.01831259,0
206183_3024,24,50,3024,-0.01315035,-0.001298086,-0.02892731,0.005815226,0.02634467,-0.009638513,-0.00971983,0.02095708,0.01956897,0.01834465,0.01743195,0.0170121,0.01717286,0.01766373,0
206183_3025,25,50,3025,-0.009989714,0.02067664,0.03301841,0.01102876,-0.03535744,-0.00490811,0.0219985,0.02119509,0.01971206,0.01847635,0.01763619,0.01737354,0.01768577,0.01831775,0
206183_3026,26,50,3026,0.01594273,-0.02085252,-0.0190213,-0.00458197,0.02885511,0.01835708,0.00996441,0.02251301,0.02085336,0.01935805,0.0181695,0.01745476,0.01740602,0.01773014,0
206183_3027,27,50,3027,-0.001953316,0.03856102,0.008420389,-0.01509552,0.000565766,0.009045236,0.01849323,0.02073344,0.01941672,0.01832175,0.01760633,0.01746715,0.01786857,0.01857685,0
206183_3028,28,50,3028,-0.01756907,0.04216327,0.009388323,0.007043909,0.01160136,0.0005723037,0.006928099,0.02007503,0.01886868,0.01787485,0.01725048,0.01719244,0.01764014,0.01837742,0
206183_3029,29,50,3029,-0.02291697,-0.0007566644,0.01924886,0.0309436,-0.01393793,0.008109576,-0.01835361,0.02208656,0.02045234,0.01905494,0.01804103,0.01758803,0.01776616,0.01829265,0
206183_3030,30,50,3030,-0.004633614,-0.02544652,0.001394307,0.002480454,-0.01262321,-0.020303,0.01185875,0.02173628,0.02023576,0.01893431,0.01798535,0.0175766,0.01777821,0.01832253,0
206183_3031,31,50,3031,-0.001403061,0.003698839,-0.0002034834,-0.013654,0.004729866,-0.02217693,0.02218901,0.02222051,0.0206254,0.01925365,0.01825882,0.01782781,0.01802882,0.0185815,0
206183_3032,32,50,3032,-0.01675811,-0.0005626909,-0.0213867,0.001965242,0.0235334,0.003353973,0.01324455,0.02212934,0.02047147,0.01902605,0.01793469,0.01736648,0.01744268,0.01787469,0
206183_3033,33,50,3033,-0.05645003,-0.02101536,0.02637054,0.006986816,0.01115402,0.01664375,0.0160426,0.02131368,0.01984241,0.01853282,0.01752845,0.01700258,0.01708218,0.01750265,0
206183_3034,34,50,3034,-0.01257007,-0.0001743396,-0.003659563,0.01645031,0.0006834848,-0.007150229,-0.0138753,0.02084675,0.01948631,0.01832334,0.01751083,0.01723825,0.01752783,0.01813514,0
206183_3035,35,50,3035,-0.04662441,-0.003692329,0.02517831,0.01225943,-0.0005617841,-0.02317489,-0.009968943,0.02180963,0.020212,0.0188234,0.0177866,0.01727336,0.01738665,0.01784717,0
206183_3036,36,50,3036,0.0329594,-0.001251357,0.02050797,0.03329654,0.02047921,-0.01013878,0.02307517,0.02289972,0.02133111,0.01999043,0.01904956,0.01872076,0.01903435,0.01971016,0
206183_3037,37,50,3037,-0.04846273,0.03548393,-0.01588625,0.02460182,0.03337122,0.0211588,0.03202051,0.0223997,0.0208166,0.01946119,0.01849289,0.01810682,0.01835326,0.01895333,0
206183_3038,38,50,3038,0.01231846,0.01354463,-0.0310584,0.001178819,-0.009269491,0.003141928,-9.62054e-05,0.02129341,0.01985811,0.01864484,0.01780837,0.01753976,0.01784932,0.01848385,0
206183_3039,39,50,3039,0.002560674,-0.02859822,-0.009791463,-0.04455898,0.0006944823,0.005122146,0.002417581,0.02035572,0.01907225,0.01799942,0.0172906,0.01713698,0.01751235,0.01818833,0
206183_3040,40,50,3040,-0.02032766,-0.008404327,0.0197153,0.01594981,0.00602409,-0.01319065,0.003734763,0.02055241,0.01922565,0.01808829,0.01729079,0.01701958,0.01729897,0.01789107,0
206183_3041,41,50,3041,0.0121248,-0.01161545,0.00731761,-0.01191025,-0.01143043,-0.01385433,-0.01538142,0.02216549,0.02061296,0.01922323,0.01814666,0.01756416,0.01762185,0.01804164,0
206183_3042,42,50,3042,0.02277308,-0.01596096,-0.01296086,-0.001099246,-0.02016621,-0.01858984,-0.007071261,0.0214805,0.02003918,0.01880722,0.01794152,0.01763576,0.01791827,0.01853348,0
206183_3043,43,50,3043,0.01682378,0.02140199,-0.02285537,-0.01424223,0.02153511,-0.01550758,0.01407187,0.01989971,0.01849677,0.01735069,0.01659236,0.01638196,0.01669372,0.01729309,0
206183_3044,44,50,3044,0.004022456,-0.01350487,0.02628354,0.01940387,-0.006266133,-0.00839491,-0.007105039,0.02077061,0.01938783,0.01821481,0.01740111,0.01713139,0.01742044,0.01802507,0
206183_3045,45,50,3045,-0.008524409,-0.02059776,-0.02098047,0.01687327,0.004037487,0.01776566,-0.02998057,0.02289574,0.02118196,0.01970598,0.0186211,0.01811237,0.01826853,0.0187941,0
206183_3046,46,50,3046,0.002646835,0.0431688,-0.01008055,0.01766285,0.004241207,0.01088457,0.004890265,0.0218188,0.02027536,0.01893543,0.01794885,0.01749784,0.01766437,0.01817778,0
206183_3047,47,50,3047,0.01678786,0.01132975,0.00574988,-0.03106321,-0.009764853,-0.01022823,0.01344317,0.02256318,0.02100117,0.01965191,0.01867957,0.01828578,0.0185287,0.01913196,0
206183_3048,48,50,3048,-0.001465273,-0.02297686,-0.0007399629,-0.00139725,-0.003780032,0.0393627,-0.01553869,0.0239875,0.0219439,0.02018162,0.01883531,0.01806095,0.01802439,0.01838726,0
206183_3049,49,50,3049,-0.009937384,-0.01617612,0.005908745,0.007250806,-0.01147093,0.0301019,-0.01333822,0.02073085,0.01934469,0.0181663,0.01734384,0.01705992,0.01733487,0.01792565,0
206183_3050,50,50,3050,-0.003262315,0.03991388,0.0252804,0.03225324,0.0145509,0.03486502,-0.006581262,0.02287133,0.0211745,0.01971628,0.01865187,0.01816919,0.01834711,0.01889308,0
206183_3051,51,50,3051,0.01058483,-0.005262512,-0.03321002,-0.01850862,0.0209721,-0.01255418,0.005613428,0.02194232,0.02035756,0.01896592,0.01791285,0.01737326,0.01746462,0.01790992,0
206183_3052,52,50,3052,0.008049719,0.02868998,-0.00152491,-0.01707631,-0.003629595,0.0006588145,0.01876066,0.02078838,0.01932397,0.01806533,0.01715129,0.0167506,0.01692581,0.01742313,0
206183_3053,53,50,3053,0.00444272,-0.006054968,-0.01095042,-0.01883952,0.01456752,0.0001113138,-0.04434066,0.02230777,0.02075295,0.01940735,0.01843033,0.01801699,0.01823357,0.01880612,0
206183_3054,54,50,3054,0.03340722,-0.007778139,0.003828856,-0.0001804713,0.01142063,-0.02988438,-0.009698169,0.02128495,0.01975425,0.01843668,0.01747343,0.01703557,0.01719595,0.01769015,0
206183_3055,55,50,3055,0.0204093,0.01882173,-0.03565167,0.01380963,-0.04643437,0.0130745,-0.009016246,0.02244156,0.02073955,0.01928544,0.01822533,0.01773514,0.01789246,0.01840772,0
206183_3056,56,50,3056,0.021922,0.008062757,0.002416282,-0.03695495,-0.02159208,0.005237481,0.00573197,0.02195052,0.02038244,0.01902589,0.01803106,0.01758044,0.01775234,0.01827347,0
206183_3057,57,50,3057,0.05429871,-0.005849765,-0.01619785,0.02562374,0.01966928,-0.001027809,0.003556697,0.02187142,0.02030571,0.0189759,0.01803315,0.017662,0.0179024,0.01848452,0
206183_3058,58,50,3058,0.013195,-0.01937324,0.01088173,-0.00616694,-0.01480021,0.02184321,0.004096457,0.01922901,0.01804631,0.01704517,0.0163661,0.01618414,0.01649376,0.01708463,0
206183_3059,59,50,3059,0.03895355,-0.04891027,-0.01667486,0.0434281,-0.007066725,0.02448394,-0.009045154,0.02138506,0.01982938,0.01848152,0.01748083,0.01699513,0.01711648,0.01757621,0
206183_3060,0,51,3060,-0.004789432,0.01664927,-0.0183242,0.03465816,0.02383714,0.01335966,-0.01713078,0.0202013,0.01895974,0.01792551,0.0172537,0.01713832,0.01753993,0.01823846,0
206183_3061,1,51,3061,-0.02383901,-0.002987514,0.002175101,-5.189841e-05,0.000318824,0.004790102,0.01987702,0.02201585,0.02042482,0.01903996,0.0180091,0.01751085,0.01764261,0.01812734,0
206183_3062,2,51,3062,0.01640472,-0.006951292,0.03210458,-0.01594954,0.01297276,-0.02061214,0.008059199,0.0215932,0.0201251,0.01894051,0.01819894,0.01809773,0.01856137,0.01934226,0
206183_3063,3,51,3063,-0.01417098,-0.01603495,-0.00866194,-0.01225769,-0.005504356,0.01105169,0.02157425,0.02381709,0.02187017,0.02015416,0.01880781,0.01799075,0.01790362,0.01821734,0
206183_3064,4,51,3064,0.0160865,0.0004087798,-0.02010209,0.01242518,0.01361901,-0.02283087,-0.03386707,0.02104169,0.01968085,0.01853041,0.01774841,0.01753132,0.01787478,0.01853797,0
206183_3065,5,51,3065,0.01203385,0.02861412,0.0116778,0.01330671,0.01596753,-0.002637696,-0.02130561,0.02066625,0.01929552,0.01817103,0.01744364,0.01730013,0.01769492,0.01839317,0
206183_3066,6,51,3066,0.0265757,0.001921552,0.002561054,-0.008581409,0.002123161,0.0179291,0.02052329,0.02330199,0.02142969,0.01976125,0.01843096,0.01759187,0.01746292,0.01772565,0
206183_3067,7,51,3067,0.01062706,-4.900892e-05,-0.02343412,0.008097285,0.01513139,-0.007452129,-0.003154562,0.02037429,0.01900786,0.01784539,0.01702973,0.01673663,0.01699101,0.01755419,0
206183_3068,8,51,3068,-0.01085256,0.04500214,-0.01853952,-0.02576116,0.004060618,0.01222251,0.001925579,0.01996384,0.01869003,0.0176307,0.0169325,0.01677758,0.01713731,0.01778941,0
206183_3069,9,51,3069,0.01057556,-0.007729131,-0.01474049,-0.05002403,-0.02707105,0.001365104,0.04346606,0.02236005,0.02061533,0.01909448,0.01793306,0.01729071,0.01730878,0.01769082,0
206183_3070,10,51,3070,0.01004196,-0.01839772,0.001557265,-0.0135135,0.008557506,-0.004077111,0.02939523,0.02155312,0.02002839,0.01873072,0.01780917,0.01744585,0.01768149,0.01825244,0
206183_3071,11,51,3071,-0.002177303,-0.01864458,0.004675234,0.01281428,-0.01374674,0.007762846,-0.01312795,0.02280818,0.02111175,0.0196372,0.0185366,0.01799291,0.01811347,0.01860468,0
206183_3072,12,51,3072,0.02140247,-0.003859327,-0.00737454,-0.0210288,-0.005126993,-0.01378501,-0.01473667,0.02116398,0.01970576,0.01839332,0.01736625,0.01679182,0.01681912,0.01718811,0
206183_3073,13,51,3073,-0.009970248,-0.007151903,-0.009950374,0.02966823,0.003754482,0.00961946,0.01715244,0.02105897,0.01968463,0.01848276,0.0176063,0.01724404,0.01745909,0.01800433,0
206183_3074,14,51,3074,0.02421712,0.0008321761,-0.01071182,-0.01363677,-0.002120057,0.0001154349,-0.005104149,0.02133898,0.01990597,0.01867419,0.01779787,0.01746708,0.01772174,0.01830849,0
206183_3075,15,51,3075,0.03522431,0.03245171,0.0196875,-0.00152726,-0.01840701,-0.005275611,0.002418524,0.02125357,0.01986829,0.01869783,0.01790193,0.017679,0.018025,0.01869516,0
206183_3076,16,51,3076,0.001518364,-0.02979654,0.02221051,0.04834154,0.007560408,-0.003427416,0.007708126,0.02223067,0.02066982,0.01931027,0.01830801,0.01785322,0.01803012,0.01856362,0
206183_3077,17,51,3077,0.01373605,-0.001041055,-0.005870207,0.002380172,0.003282559,-0.02636226,-0.02207589,0.02132158,0.01979046,0.0184906,0.01756559,0.01719027,0.01740788,0.01795562,0
206183_3078,18,51,3078,0.01120354,0.03496262,-0.0008616245,0.0360037,0.02704454,0.02206171,0.01146574,0.02081011,0.01950979,0.01841681,0.0176917,0.01753513,0.01792262,0.01862239,0
206183_3079,19,51,3079,0.05713615,-0.02237878,0.04252494,0.003320032,-0.02544662,0.002112716,-0.01364785,0.02191676,0.02041667,0.01912769,0.01820838,0.01785377,0.01810843,0.01870777,0
206183_3080,20,51,3080,0.006735006,0.01441494,0.01172994,0.01921216,0.002179899,0.01268809,0.03490492,0.02041392,0.0191081,0.01801025,0.01727207,0.01708211,0.01742729,0.01807713,0
206183_3081,21,51,3081,0.04871232,0.007272243,0.006298223,0.004302159,-0.003796821,-0.01208214,-0.003264717,0.02005957,0.01881142,0.01775009,0.01702554,0.01682473,0.01714724,0.01776954,0
206183_3082,22,51,3082,0.04611394,-0.001571946,0.00859905,0.001006789,0.03027142,-0.004757615,0.004907231,0.02275214,0.02113511,0.01977242,0.01882866,0.01850598,0.01882011,0.01949108,0
206183_3083,23,51,3083,0.009346045,-0.008823549,-0.002556305,0.01108845,0.006863567,-0.005779743,0.02724219,0.02098131,0.01967123,0.01855596,0.01779745,0.01759811,0.01795429,0.01862971,0
206183_3084,24,51,3084,0.01248438,-0.007217741,0.03139346,-0.002309761,-0.03505468,-0.01664014,-0.02335676,0.02241966,0.02068713,0.01917985,0.01803665,0.01742197,0.01746724,0.01787634,0
206183_3085,25,51,3085,-0.008538959,0.004963755,0.02948102,0.0155148,0.002575094,0.0372192,-0.01051361,0.02200033,0.02037208,0.01897357,0.01794972,0.01747547,0.01763053,0.01813451,0
206183_3086,26,51,3086,-0.004088649,-0.01698677,0.01061893,0.007342153,0.02076881,0.0142955,0.02963841,0.02101066,0.01962535,0.01848112,0.01773411,0.01757799,0.01797451,0.01868292,0
206183_3087,27,51,3087,0.001121576,-0.01680733,-0.02874785,0.005395904,-0.004525358,0.002271577,-0.01596114,0.0212193,0.01967564,0.01836246,0.01741943,0.01701587,0.01720593,0.01772459,0
206183_3088,28,51,3088,0.0003101701,-0.00847037,0.009185138,0.01772208,-0.02533484,0.03171907,0.007082997,0.02124487,0.01972713,0.01842606,0.01748414,0.01707444,0.01725904,0.01777444,0
206183_3089,29,51,3089,0.01873446,0.008061641,0.004841862,-0.002014342,-0.001340785,-0.007223523,0.008844419,0.02086548,0.01941386,0.01818207,0.01731356,0.01698386,0.01722525,0.01778536,0
206183_3090,30,51,3090,-0.004027786,0.03787858,0.0101964,0.01699136,-0.01209537,-0.01802849,0.03276555,0.02147149,0.02003871,0.01880954,0.01794126,0.01762813,0.01790371,0.01851256,0
206183_3091,31,51,3091,0.02341229,-0.02947879,-0.01636765,0.01459047,-0.02019883,0.0004711866,-0.01245408,0.01992652,0.01873392,0.01779358,0.01726144,0.0173327,0.01788424,0.01871062,0
206183_3092,32,51,3092,0.03785446,-0.00458408,-0.0001938217,-0.02454004,0.01741131,7.450245e-05,-0.0180206,0.02183121,0.02027781,0.01897465,0.01807468,0.01776529,0.01805947,0.0186893,0
206183_3093,33,51,3093,0.006142505,0.03038329,-0.03991492,0.001387165,-0.0001263426,-0.006783987,0.02353424,0.02239274,0.02068973,0.01921447,0.01810974,0.01754609,0.0176363,0.01808726,0
206183_3094,34,51,3094,0.01384254,-0.0156985,0.009467808,0.02521718,-0.007525159,0.02504194,0.002068558,0.02091396,0.01952206,0.0183272,0.01747967,0.01716477,0.01741918,0.01799524,0
206183_3095,35,51,3095,-0.03362509,0.0001010836,0.02074285,-0.01730765,0.007349748,-0.009282955,0.04200549,0.02242986,0.02080995,0.01935475,0.01821083,0.01755221,0.0175511,0.0179198,0
206183_3096,36,51,3096,0.04045077,0.01719159,-0.006791137,0.005359154,0.002596367,0.007260629,0.05021201,0.02098691,0.01968336,0.01855086,0.01774995,0.01748117,0.0177761,0.01839554,0
206183_3097,37,51,3097,0.005572597,-0.001789367,0.01145161,0.001986585,0.008305102,0.007670893,0.0004557866,0.02288074,0.02111017,0.01957523,0.01842067,0.01781876,0.01789264,0.01833885,0
206183_3098,38,51,3098,-0.02326733,0.003312775,0.03066403,0.01393203,0.03068344,-0.009238975,0.02863529,0.0220385,0.02053574,0.01922266,0.01825768,0.01783505,0.0180331,0.01858286,0
206183_3099,39,51,3099,0.0381582,-0.01728054,-0.03067693,0.01293461,0.01440305,-0.001056954,0.005993247,0.02290646,0.02122479,0.01975547,0.01865359,0.01810612,0.01822633,0.01871978,0
206183_3100,40,51,3100,0.003889611,-0.01383236,0.01147825,0.03311497,0.03710056,-0.002816907,0.001232211,0.02024997,0.01891337,0.01783354,0.01715685,0.01706443,0.01748871,0.01820274,0
206183_3101,41,51,3101,0.006875652,0.04001149,0.01111149,0.01688433,-0.006804496,-0.02105077,0.006637972,0.02275979,0.02107348,0.0195853,0.01844455,0.0178295,0.01788292,0.01831,0
206183_3102,42,51,3102,0.04728924,-0.01384634,0.004312771,0.02562045,0.008050649,-0.02686947,0.0002700538,0.02314039,0.02146814,0.02002727,0.01898135,0.0185298,0.01874388,0.01933119,0
206183_3103,43,51,3103,-0.008768302,0.002340697,0.002304768,-0.003012533,-0.00616362,-0.01951648,0.005819546,0.0200222,0.01868875,0.01759985,0.01689725,0.01675594,0.01713037,0.01779363,0
206183_3104,44,51,3104,0.009122895,-0.03480993,-0.01225153,-0.05628158,-0.01859578,-0.01081295,0.003274489,0.021166,0.01979655,0.01865386,0.01789859,0.0177306,0.01812156,0.01883062,0
206183_3105,45,51,3105,0.04118947,-0.007294838,0.02649085,0.01944692,0.0193086,-0.001940343,-0.0001128177,0.02223273,0.02059921,0.01920586,0.0182029,0.01777264,0.01797462,0.01852811,0
206183_3106,46,51,3106,-0.02065894,0.001078197,0.0295618,0.06292544,0.005206253,0.01344114,0.01150228,0.02180824,0.0203292,0.01902287,0.01804382,0.01758095,0.0177333,0.01823585,0
206183_3107,47,51,3107,0.00226781,-0.004728874,-0.03318228,0.0251784,-0.005109347,-0.01832306,-0.01021724,0.02163065,0.02001655,0.01862019,0.01757915,0.01705824,0.01715812,0.01760207,0
206183_3108,48,51,3108,0.0416297,0.003488061,-0.009683848,-0.002360991,0.01116192,-0.01449625,-0.006576887,0.02278285,0.02105946,0.01956195,0.01843851,0.01786647,0.01796166,0.0184275,0
206183_3109,49,51,3109,-0.005957558,0.009426556,0.003220785,-0.002363875,0.03104785,0.0233084,0.02352359,0.02048762,0.01916332,0.01808674,0.01741056,0.01732445,0.01776192,0.01849588,0
206183_3110,50,51,3110,0.001683832,-0.009407095,-9.085807e-05,-0.003440636,-0.03610997,-0.02080573,-0.00112801,0.02224452,0.02056734,0.0191186,0.01804158,0.01750805,0.0176189,0.01808689,0
206183_3111,51,51,3111,0.04378536,0.009219938,-0.008165458,-0.005635201,0.001652852,0.008552028,0.003896571,0.02124519,0.01986563,0.01869613,0.0178966,0.01766576,0.0180044,0.01866792,0
206183_3112,52,51,3112,-0.003747188,0.01017543,0.0181247,0.0254404,-0.01948776,-0.03555238,0.01983197,0.02099327,0.01964335,0.01847252,0.01763636,0.01732783,0.01758821,0.0181746,0
206183_3113,53,51,3113,0.001077961,0.004515274,0.003096729,0.02349675,0.0185865,-0.01380468,0.008974907,0.02137431,0.01982468,0.01849652,0.01753122,0.01709999,0.01726995,0.0177746,0
206183_3114,54,51,3114,0.006842149,0.001602555,0.008088636,-0.001837421,-0.003630802,0.03716689,0.0008886248,0.02213027,0.02047724,0.0190766,0.01807474,0.01764897,0.01785201,0.018403,0
206183_3115,55,51,3115,-0.00756711,-0.01495909,-0.004355072,-0.008208581,-0.01552562,0.01643608,0.007386847,0.02071226,0.01928157,0.01813445,0.01741608,0.01730526,0.01772975,0.01845209,0
206183_3116,56,51,3116,0.01756517,0.01915965,-0.01009706,0.0186107,-0.001422848,-0.009342838,-0.01269019,0.02273665,0.02107501,0.0196574,0.01864141,0.01821891,0.01844505,0.01903335,0
206183_3117,57,51,3117,0.03033393,-0.006070552,0.02266726,0.0007956471,-0.02741306,0.01022247,-0.03828805,0.02230778,0.02070861,0.01928859,0.01819699,0.01761299,0.01767566,0.01810304,0
206183_3118,58,51,3118,0.01635428,-0.03059462,0.02096367,0.04447395,-0.02035078,-0.004583335,-0.03866201,0.02339982,0.02163458,0.02008458,0.01890409,0.01827733,0.01834397,0.01879781,0
206183_3119,59,51,3119,0.003219409,0.04419249,-0.01569459,0.0009001579,-0.01548614,-0.01355073,-0.008079885,0.02055725,0.01922186,0.01810732,0.01736541,0.01718453,0.01754283,0.01820714,0
206183_3120,0,52,3120,-0.01595805,-0.01487256,0.02676127,0.02461915,0.01382196,0.03254517,0.004621011,0.02165075,0.02008115,0.01867964,0.01758382,0.01695665,0.01695661,0.0173088,0
206183_3121,1,52,3121,0.03208971,0.02180245,0.0451564,0.01310784,-0.01846141,0.009388106,0.01682797,0.02211413,0.02054538,0.01921607,0.0182824,0.01793573,0.01820593,0.01882182,0
206183_3122,2,52,3122,0.001557637,0.004286303,-0.006760585,0.00396552,-0.001965071,-0.03202917,-0.006981723,0.02185479,0.02028915,0.01889727,0.01782266,0.01723697,0.01728188,0.01768193,0
206183_3123,3,52,3123,-0.001096431,0.03286744,0.02864438,0.01865332,-0.01265003,-0.03671318,0.00203071,0.02196466,0.02041177,0.01909414,0.01816656,0.0178186,0.01808227,0.01868883,0
206183_3124,4,52,3124,-0.007780148,-0.01139186,0.007528275,-0.008099817,0.02549243,0.03350389,-0.008724618,0.02149263,0.02011106,0.01887225,0.01793304,0.01748676,0.01763917,0.01813718,0
206183_3125,5,52,3125,0.00483422,0.01655093,0.016087,0.01161434,0.0005984101,0.01442084,0.01876833,0.02094546,0.01950793,0.01824401,0.01729581,0.01683592,0.01696132,0.01741771,0
206183_3126,6,52,3126,0.02370401,0.02749572,-0.01324967,-0.003722386,-0.005514618,0.00335551,-0.01323107,0.02123872,0.01977917,0.01848806,0.01750994,0.01702014,0.01712852,0.01757586,0
206183_3127,7,52,3127,0.004926676,0.009444771,-0.01010375,0.005753738,0.01054513,0.008646676,0.03161854,0.02160258,0.02007805,0.01880261,0.01792796,0.0176402,0.01794411,0.01857863,0
206183_3128,8,52,3128,0.02483325,0.009335401,-0.01257493,0.0162648,-0.003716868,0.02555189,0.01220686,0.0224799,0.02083341,0.01942969,0.01842273,0.01799983,0.01821669,0.01879017,0
206183_3129,9,52,3129,0.003310431,0.003482073,0.02324374,0.02107597,-0.0212432,0.01456768,0.02457306,0.02150803,0.01998386,0.01868201,0.01775025,0.01736884,0.01758686,0.01814045,0
206183_3130,10,52,3130,0.03008789,0.03477557,0.008532612,0.000642229,-0.02314668,0.01875198,0.01877773,0.02178389,0.02026539,0.01900531,0.01816047,0.01792392,0.01827847,0.01896423,0
206183_3131,11,52,3131,-0.01270836,-0.006610246,0.01715533,0.002735451,0.01030482,-0.03066647,-0.0004366102,0.02164143,0.02002255,0.0186356,0.01761923,0.01714022,0.01727847,0.01775814,0
206183_3132,12,52,3132,0.03575172,0.03126209,0.008552551,0.01846302,0.0003097993,-0.008894753,0.02453859,0.02199134,0.02050748,0.01920822,0.01825291,0.01783732,0.01803872,0.01859171,0
206183_3133,13,52,3133,0.004995499,-0.05098889,-0.003666278,-0.0239094,-0.01423717,0.005016126,0.01413054,0.02105553,0.01966938,0.01846567,0.01759689,0.01725117,0.0174815,0.01804027,0
206183_3134,14,52,3134,0.009041479,-0.01156638,0.004107109,-0.005163759,0.0175045,0.04557061,0.0127865,0.02038141,0.0190243,0.01788963,0.0171229,0.01690377,0.01722322,0.01784622,0
206183_3135,15,52,3135,0.002201529,0.01331656,-0.01198312,0.02185335,-0.003572262,-0.002494779,0.002174193,0.02077692,0.01944554,0.01830709,0.0175164,0.01726588,0.0175703,0.01819203,0
206183_3136,16,52,3136,0.01491762,-0.0007000354,-0.007628189,0.0122727,0.0380683,0.006883133,0.01089912,0.02302161,0.02130764,0.01982082,0.01871597,0.01817975,0.01831476,0.01882435,0
206183_3137,17,52,3137,-0.01446812,-0.004076079,-0.01531694,-0.008741586,-0.0374657,-0.01062198,-0.01435751,0.02130178,0.01989133,0.01865406,0.01774329,0.01734756,0.01754166,0.01807245,0
206183_3138,18,52,3138,-0.03443188,0.03123512,0.03166623,-0.006237144,-0.00655378,0.004704804,0.01849036,0.02022803,0.01890988,0.01783727,0.01715811,0.01705578,0.01747033,0.01817659,0
206183_3139,19,52,3139,-0.008004193,-0.01282665,0.007159008,0.0008842018,0.01684423,-0.02421595,-0.01810549,0.02056515,0.01911695,0.01791376,0.01709467,0.01682994,0.0171176,0.01771215,0
206183_3140,20,52,3140,-0.01515837,0.004470768,-0.01081369,0.003184654,-0.03529308,-0.02518954,0.01259575,0.02384271,0.02211289,0.02058922,0.01943933,0.0188661,0.0189944,0.01951867,0
206183_3141,21,52,3141,0.00226291,0.01346862,0.01342993,0.01310546,0.03321086,-0.01866035,-0.02323532,0.02085975,0.01945576,0.01827246,0.0174594,0.01720102,0.01750326,0.01812156,0
206183_3142,22,52,3142,-0.01198211,-0.01088161,0.031536,-0.0004416198,0.01631828,0.01981767,0.01896649,0.02039713,0.01915764,0.01814056,0.01750594,0.01745443,0.01791796,0.01867778,0
206183_3143,23,52,3143,-0.003623426,-0.0130854,0.02056982,0.01808906,-0.007579607,0.001835132,-0.0270486,0.01927306,0.01819128,0.01732334,0.01682395,0.01688833,0.01741079,0.01820003,0
206183_3144,24,52,3144,0.01387324,0.0361058,-0.004447944,0.0007648877,-0.008627911,-0.01811799,-0.004439545,0.02207366,0.02054657,0.0191929,0.01816627,0.01765327,0.01777052,0.01824535,0
206183_3145,25,52,3145,0.01445763,0.03135223,0.006258565,-0.0002928368,0.0001637616,0.04700616,0.02712406,0.02132202,0.01981441,0.01855651,0.01769623,0.01741487,0.01771487,0.01833863,0
206183_3146,26,52,3146,0.002261302,0.0009001963,0.007103294,-0.005602357,0.00840497,-0.02755042,-0.01463248,0.02064699,0.01921998,0.0180395,0.01724911,0.01702527,0.0173511,0.01798336,0
206183_3147,27,52,3147,-0.0004939653,0.006858477,0.02217492,-0.03102696,0.02911329,-0.01146111,0.003764081,0.02318473,0.02150059,0.01999436,0.01882181,0.01816896,0.01820044,0.01861785,0
206183_3148,28,52,3148,0.001107107,-0.01917425,-0.01484229,0.01572951,0.0150033,-0.0180687,0.01865074,0.02057401,0.01918952,0.01797922,0.01708473,0.01667901,0.01683984,0.01732112,0
206183_3149,29,52,3149,-0.02516583,-0.009867615,-0.004302049,0.02227956,0.01130024,0.02959071,0.003360451,0.02222034,0.02057176,0.01912351,0.01801893,0.017429,0.01748648,0.01790471,0
206183_3150,30,52,3150,-0.01102038,0.0002471717,0.008392695,0.01576534,0.01762299,0.006391846,0.004428957,0.02175041,0.02020036,0.01887461,0.01792282,0.01752746,0.01774227,0.01829796,0
206183_3151,31,52,3151,-0.0004973571,0.01048033,0.004999143,-0.01129819,-0.01286068,0.004772682,0.02383704,0.01961376,0.01843073,0.01743725,0.01678232,0.0166525,0.01702112,0.01767599,0
206183_3152,32,52,3152,-0.04595001,0.01963927,0.005269546,-0.01855684,-0.01205107,0.006453866,-0.0232087,0.02280416,0.02110277,0.01960353,0.01845514,0.01783482,0.01788565,0.01831089,0
206183_3153,33,52,3153,0.001570518,0.06669218,0.004686409,0.02206634,0.0007460489,-0.008589997,0.01903354,0.02343325,0.02160864,0.02001706,0.01880729,0.01815576,0.01820417,0.01863929,0
206183_3154,34,52,3154,-0.002254096,0.009599804,-0.01280966,0.02019536,0.02512535,-0.008036773,0.007916959,0.02195929,0.02036704,0.01893515,0.01780329,0.01713621,0.01711021,0.01744444,0
206183_3155,35,52,3155,0.02538099,-0.01182958,-0.01274809,0.01136462,-0.008127723,0.007294068,-0.0070155,0.0220528,0.02041847,0.01898449,0.01789262,0.01731198,0.017372,0.01778872,0
206183_3156,36,52,3156,-0.0308827,0.006714525,-0.01281728,-0.005134894,-0.03220254,-0.01454887,-0.00557349,0.02012345,0.01877947,0.0176261,0.01680265,0.01648015,0.01669984,0.01722504,0
206183_3157,37,52,3157,-0.01780591,0.02448312,-0.02519627,0.0108862,0.03448194,-0.03082621,0.005462331,0.02200104,0.02044236,0.01908337,0.01807528,0.01760172,0.01775445,0.01825917,0
206183_3158,38,52,3158,-0.005559764,0.02892976,0.007500006,-0.02949864,-0.002108449,-0.02125181,0.01054385,0.02150821,0.01996641,0.01861754,0.01760372,0.01709622,0.01720138,0.01764948,0
206183_3159,39,52,3159,0.0005083269,0.00135794,0.01070691,0.0006085883,-0.006225782,-0.01106815,0.02434408,0.02168065,0.02014852,0.01889298,0.01806761,0.01786123,0.01823886,0.01894133,0
206183_3160,40,52,3160,0.01662118,-0.00386548,0.01876059,0.0101725,-0.007335359,0.01339833,0.03678348,0.02261019,0.02092977,0.0194862,0.01843114,0.01794791,0.01811648,0.01864728,0
206183_3161,41,52,3161,-0.007688087,-0.001813969,-0.0201348,0.0008983508,-0.01151971,-0.03391054,-0.03016518,0.02132213,0.01994083,0.01875572,0.01792692,0.01765326,0.01795683,0.01859021,0
206183_3162,42,52,3162,0.02008489,0.00228964,0.05206248,0.01085423,0.01005761,0.01228922,0.01489563,0.02030414,0.01900682,0.01791428,0.01717677,0.016981,0.01731726,0.01795634,0
206183_3163,43,52,3163,-0.01925633,-0.008046102,0.009788714,0.02835874,-0.01924928,0.002847253,0.0009024596,0.02236013,0.02072914,0.01932163,0.01828927,0.0178158,0.017983,0.018508,0
206183_3164,44,52,3164,0.01090397,-0.007869895,0.02634525,-0.01104641,0.03729384,0.002489726,-0.01439076,0.01948606,0.0181927,0.01710939,0.01637005,0.0161395,0.01641769,0.01698136,0
206183_3165,45,52,3165,0.04130488,-0.01434207,0.01368342,-0.002780669,0.01070297,0.01678316,-0.01263128,0.02243241,0.02072671,0.01920619,0.01800812,0.01729271,0.01724285,0.01756354,0
206183_3166,46,52,3166,0.01166632,0.005941289,0.01511208,-0.00745431,0.02683158,0.00846504,0.0145497,0.02305032,0.02121831,0.01962689,0.01841622,0.0177514,0.01777527,0.01817761,0
206183_3167,47,52,3167,0.007640699,-0.02095166,0.04166533,-0.0302638,0.01029628,0.01559821,0.01487299,0.01960207,0.01844676,0.01751005,0.01694522,0.01694467,0.01742352,0.018179,0
206183_3168,48,52,3168,-0.0006775768,0.03133692,0.01029877,0.01983577,-0.002204213,0.007913318,-0.001348202,0.02029932,0.01897795,0.01778538,0.01685949,0.01636771,0.01643688,0.01682758,0
206183_3169,49,52,3169,-0.02200633,0.009409796,-0.01979575,-0.008510286,-0.02938916,0.01323937,0.01517653,0.02118336,0.01971623,0.0184382,0.01749434,0.01706127,0.01722012,0.01771277,0
206183_3170,50,52,3170,-0.03093199,0.01206614,-0.002546614,0.01972,0.01359953,-0.004151378,0.00740804,0.02103718,0.01964687,0.01845119,0.01760298,0.017291,0.01755115,0.01813667,0
206183_3171,51,52,3171,0.02350754,0.008060472,0.02308719,0.01605909,0.01802022,-0.001454732,0.02710651,0.02126038,0.0198202,0.01858907,0.01771938,0.01739871,0.01766003,0.01825042,0
206183_3172,52,52,3172,-0.01857594,-0.0318,0.02371735,0.02422952,0.02149615,-0.01117198,-0.03130222,0.02156362,0.02006061,0.01877596,0.01786104,0.01750128,0.01773975,0.01831457,0
206183_3173,53,52,3173,-0.02865328,0.0036934,0.0551825,0.02308205,0.001697338,0.01719165,0.02328958,0.02206955,0.02051793,0.01916065,0.01815069,0.01767402,0.0178254,0.01833131,0
206183_3174,54,52,3174,-0.01919172,0.04026609,0.008300362,-0.031386,0.004452003,-0.008605216,-0.006554789,0.02247943,0.02079868,0.01934405,0.01826316,0.01773348,0.0178555,0.01833999,0
206183_3175,55,52,3175,0.03200178,-0.002361932,-0.01674326,0.005700163,-0.0004044198,-0.01664653,0.02455733,0.02304635,0.0213173,0.01979357,0.01862559,0.01799252,0.0180402,0.01846828,0
206183_3176,56,52,3176,0.01314736,0.02386293,0.00155505,-0.0198432,0.01259782,0.01114481,0.0289356,0.02202558,0.02037544,0.01890899,0.01776259,0.01709654,0.01707673,0.01741736,0
206183_3177,57,52,3177,0.02179383,-0.02498678,-0.0155838,-0.002505171,-0.001229784,-0.01022674,-0.02424957,0.0211546,0.01979359,0.01867437,0.01795905,0.01784957,0.01829034,0.01904458,0
206183_3178,58,52,3178,0.005245986,0.02137323,0.004050172,-0.006095812,-0.01124843,-0.0001956064,0.04203684,0.0217724,0.02026982,0.01893792,0.01792692,0.01741916,0.01753017,0.01799237,0
206183_3179,59,52,3179,-0.02899655,0.008093591,0.01586031,0.01063748,-0.0310842,0.02656461,0.003194537,0.02076107,0.01933764,0.01815394,0.01735611,0.01712395,0.01744608,0.0180787,0
206183_3180,0,53,3180,-0.03361262,0.02323553,0.0008464295,-0.003299657,0.01338503,-0.01780754,-0.02543254,0.02260278,0.02093273,0.01944227,0.01827683,0.0176085,0.01760595,0.01797704,0
206183_3181,1,53,3181,-0.001707224,-0.01645745,-0.01202728,0.0301477,0.03473146,0.002773675,0.03151248,0.02382378,0.02199091,0.02038355,0.01915684,0.01849531,0.01854685,0.01899522,0
206183_3182,2,53,3182,0.02731391,0.005769424,0.04033476,0.02756216,-0.03116964,0.0007198501,0.007334107,0.02169558,0.02013371,0.01877562,0.01776602,0.01727975,0.01741084,0.01788759,0
206183_3183,3,53,3183,0.0006415558,0.01400838,0.005438806,-0.02177401,-0.000973861,-0.003842883,0.004806135,0.02200309,0.02038537,0.01897551,0.01791752,0.01738436,0.01748509,0.01793958,0
206183_3184,4,53,3184,0.001167099,0.03713028,0.01814904,-0.03083173,0.002569786,0.04125161,-0.01725752,0.02099159,0.01959711,0.01841162,0.01758777,0.01731418,0.01760703,0.01822103,0
206183_3185,5,53,3185,-0.004867944,0.007279926,-0.00719868,0.01938068,0.0223039,0.001669597,0.01430238,0.02008941,0.01879774,0.01767512,0.01686478,0.01654359,0.01676104,0.01728595,0
206183_3186,6,53,3186,0.007623706,0.004793095,0.008216823,0.002921244,-0.02672099,-0.01178104,-0.0151551,0.02284352,0.02109838,0.01956399,0.01838474,0.01773151,0.01775493,0.01815444,0
206183_3187,7,53,3187,0.002189106,-0.008609955,-0.007591104,0.00456362,0.002114852,-0.01846708,0.009178112,0.02111287,0.01973998,0.01854716,0.01768958,0.01735925,0.01760477,0.01817969,0
206183_3188,8,53,3188,-0.002859237,-0.020291,-0.004469072,0.02873969,-0.02216286,-0.01897437,0.02496747,0.02159943,0.02013427,0.01884382,0.01788041,0.01743021,0.01758667,0.01808821,0
206183_3189,9,53,3189,-0.02406882,0.0151834,0.00884727,0.006803597,-0.002539324,0.00518353,-0.008680982,0.02023882,0.01902319,0.01802135,0.01739253,0.01733668,0.01779066,0.0185389,0
206183_3190,10,53,3190,0.005274226,0.01906578,-0.03532916,-0.004695913,-0.004820403,-0.007870729,-0.01129243,0.02282238,0.02113808,0.01961948,0.01841232,0.01768776,0.01764,0.01797316,0
206183_3191,11,53,3191,0.0271169,0.007766577,-0.005758359,-0.01677569,-0.0140162,-0.001915304,-0.01787401,0.02123877,0.01973233,0.01844431,0.01751872,0.01713099,0.01733395,0.01786719,0
206183_3192,12,53,3192,0.01456633,-0.007566263,0.02423852,-0.004096953,-0.01612526,0.009557464,0.003133793,0.02333189,0.02149293,0.019889,0.0186648,0.01799102,0.0180159,0.01842632,0
206183_3193,13,53,3193,-0.03263419,-0.0373688,0.01513531,0.006327173,-0.00421707,0.007429241,0.01182707,0.02073996,0.01944954,0.01835343,0.01761097,0.01742137,0.01777724,0.01844695,0
206183_3194,14,53,3194,-0.02004518,0.03795921,-0.0202088,-0.02161491,0.02418852,-0.01000301,0.009356665,0.02131085,0.01979954,0.01850147,0.01756105,0.01715399,0.01734218,0.01786356,0
206183_3195,15,53,3195,-0.03247349,0.01972351,0.007546852,0.0169297,-0.003329903,-0.01417454,-0.001954523,0.02203086,0.02047989,0.01907482,0.01796041,0.01730873,0.01729636,0.0176469,0
206183_3196,16,53,3196,-0.01239034,-0.01665904,0.02421117,-0.01940434,-0.01251278,-0.01120096,-0.00188133,0.02275168,0.02115036,0.01975774,0.01873625,0.01828432,0.01848228,0.01904758,0
206183_3197,17,53,3197,-0.007810631,0.02365091,-0.03682471,0.007280207,0.007152268,-0.002500653,0.03111202,0.02136206,0.01995017,0.01875387,0.01793187,0.01768082,0.01800634,0.01865954,0
206183_3198,18,53,3198,0.02336736,-0.004138395,-0.01421331,-0.001320323,0.007344124,0.01369882,-0.006227382,0.02237884,0.02078404,0.01938409,0.01833263,0.01781571,0.01794226,0.01843153,0
206183_3199,19,53,3199,0.03613346,0.02482328,0.01542017,-0.0193047,0.01928661,0.02550397,-0.002769757,0.02092673,0.01958365,0.01842631,0.01761049,0.01732963,0.01761237,0.01821779,0
206183_3200,20,53,3200,0.0007832639,0.02319738,-0.02861441,0.00777782,0.02289127,0.01842369,0.006203693,0.02217755,0.02052981,0.01913192,0.01813179,0.01770877,0.0179157,0.01847174,0
206183_3201,21,53,3201,0.04910396,0.008305216,0.04931544,0.005560146,-0.005461847,0.02109442,0.008137475,0.02157638,0.02005977,0.0187153,0.01768726,0.01714946,0.01722731,0.01765276,0
206183_3202,22,53,3202,0.005316363,0.002861429,0.0001121833,-0.01302824,0.002757153,0.01720961,0.01887344,0.02211103,0.02060654,0.01926344,0.01823748,0.01771827,0.0178296,0.01830077,0
206183_3203,23,53,3203,0.01605905,-0.006282426,0.01734105,-0.02355977,-0.0055464,0.04087867,0.008385335,0.02141865,0.01991895,0.01862027,0.01766959,0.01724598,0.01742241,0.01793624,0
206183_3204,24,53,3204,-0.006252628,0.03319803,-0.005480526,0.02994324,0.03152231,0.004300191,-0.02081005,0.02166816,0.02007201,0.01867621,0.01761961,0.0170682,0.01714058,0.01756051,0
206183_3205,25,53,3205,-0.01230404,-0.001846503,0.004847671,0.001107087,0.01019239,-0.0005818368,0.02627983,0.02230624,0.02068328,0.01927563,0.01823398,0.01774064,0.01788774,0.01839305,0
206183_3206,26,53,3206,0.004800901,0.007099562,0.008005669,0.0360688,-0.01629426,0.02287047,-0.02641679,0.01998869,0.01870153,0.01763574,0.01693719,0.0167868,0.01715166,0.01780819,0
206183_3207,27,53,3207,-0.009213244,-0.02445637,-0.01350758,-0.01990977,-0.009301581,-0.007095861,0.005156114,0.02131091,0.01982866,0.01853332,0.01757034,0.01711648,0.01726133,0.01774364,0
206183_3208,28,53,3208,-0.01279431,-0.0245637,0.02591394,0.005606321,-0.00832848,0.004966863,-0.02830965,0.02314332,0.02139137,0.01979959,0.01850942,0.01768353,0.017554,0.01781472,0
206183_3209,29,53,3209,0.007611628,-0.01419135,-0.001124519,-0.01881677,0.04064694,-0.002500535,-0.00615678,0.02238761,0.02069807,0.01922723,0.01811861,0.01754353,0.01762182,0.01806265,0
206183_3210,30,53,3210,0.01166782,0.008687896,-0.004382009,0.007932574,-0.01111982,0.02172284,-0.03484534,0.02097803,0.01960827,0.01844758,0.01765148,0.01741284,0.01773567,0.01837767,0
206183_3211,31,53,3211,-0.01332609,-0.01477832,0.006767391,-0.01311913,0.009395734,0.004371479,0.01506407,0.02110758,0.0196588,0.01846873,0.01768845,0.01750427,0.01788032,0.01856974,0
206183_3212,32,53,3212,0.03159541,0.001077283,0.001798426,-0.01676315,-0.003669348,0.006328797,-0.002133734,0.02078924,0.01937532,0.01817675,0.01733992,0.01704481,0.01731271,0.01789718,0
206183_3213,33,53,3213,-0.01911338,-0.006460037,-0.01785951,-0.004304388,0.01626217,-0.007726924,-0.02427633,0.02206017,0.02047991,0.01916597,0.01827362,0.01799327,0.01832042,0.01898572,0
206183_3214,34,53,3214,0.01794665,0.005653563,0.03473029,0.006294735,0.02661662,-0.00242951,0.03026245,0.02200959,0.02028529,0.018757,0.01755145,0.01681463,0.01673253,0.01701124,0
206183_3215,35,53,3215,-0.004909552,0.006132529,0.008830542,0.01078343,0.008562242,0.01545768,0.01370516,0.02065107,0.01933968,0.01822563,0.01746406,0.0172481,0.01757858,0.01822139,0
206183_3216,36,53,3216,-0.01948859,-0.01271554,-0.006285397,0.006888769,0.00844075,-0.01290898,0.003542631,0.02222127,0.02049577,0.01898007,0.01780756,0.01713444,0.01711879,0.01746592,0
206183_3217,37,53,3217,-0.001305894,0.005240225,-0.01816324,-0.007349678,0.01414707,0.01694031,-0.04131465,0.02279361,0.02118037,0.01976155,0.01869702,0.01818102,0.01832275,0.01883622,0
206183_3218,38,53,3218,0.01441372,-0.003973286,0.009305882,0.01054455,0.008174871,0.009934715,-0.005994216,0.02138462,0.01987381,0.01861147,0.01774638,0.01746091,0.01775943,0.01838348,0
206183_3219,39,53,3219,0.0005715138,-0.01442524,0.04708137,7.986744e-05,0.03002703,-0.01387136,-0.005089649,0.02121763,0.01975111,0.01846411,0.0175013,0.01703843,0.01717136,0.01764069,0
206183_3220,40,53,3220,-0.02279404,0.02409154,0.01505489,-0.0161001,-0.0147197,-0.00291572,0.002864073,0.02130656,0.01983524,0.01859694,0.01774289,0.01745901,0.01775538,0.01837737,0
206183_3221,41,53,3221,0.02213471,-0.001097263,-0.03099635,0.02758162,-0.004039281,0.003445349,0.04373628,0.02252847,0.02092577,0.01951253,0.01844377,0.01790701,0.01802064,0.01850135,0
206183_3222,42,53,3222,0.02695957,-0.005156156,0.009270034,0.02774467,-0.005831323,0.00312083,0.01784175,0.02157839,0.01999418,0.01863892,0.01765438,0.017212,0.01737994,0.01788667,0
206183_3223,43,53,3223,-0.0001138733,0.02352413,-0.002552924,-0.01362081,0.02821167,-0.005821627,-0.003683252,0.02113642,0.01963488,0.01835021,0.01742476,0.01703173,0.01722653,0.01774963,0
206183_3224,44,53,3224,0.01246826,-0.03120312,-0.01845108,0.01323786,-0.01872296,-0.03091906,-0.02733297,0.02060712,0.01922774,0.0180756,0.01729842,0.0170786,0.01740555,0.01804048,0
206183_3225,45,53,3225,-0.0176328,-0.02568706,0.01928442,0.01077039,0.0105083,-0.001997081,0.01647473,0.02141296,0.02000325,0.01879996,0.01796238,0.0176879,0.01799438,0.01863171,0
206183_3226,46,53,3226,-0.02307912,0.005626061,0.01314977,0.009913299,-0.009782607,-0.004214504,-0.0279407,0.02186092,0.02022283,0.01886195,0.01792238,0.0175793,0.01784593,0.01844804,0
206183_3227,47,53,3227,-0.03512972,-0.009507159,-0.006287816,-0.006673354,-0.006002817,0.006868783,-0.01271816,0.0213048,0.01982111,0.01857301,0.01771027,0.01741675,0.01770477,0.01831859,0
206183_3228,48,53,3228,-0.01580829,0.004938941,0.00390908,0.02086251,-0.01260056,-0.03674101,0.01744845,0.02202564,0.0205868,0.01932035,0.01839079,0.01800167,0.01822624,0.01880348,0
206183_3229,49,53,3229,0.008618491,0.02986679,-0.02032523,-0.00805027,0.008006569,-0.005687715,-0.03783842,0.02236268,0.02067602,0.01923428,0.01818366,0.01770041,0.01786083,0.01837748,0
206183_3230,50,53,3230,-0.02880252,-0.00141746,0.01736863,-0.01452189,-0.001280816,-0.03049648,0.008734592,0.02026057,0.01891688,0.0178145,0.01709888,0.01694983,0.01732565,0.01799671,0
206183_3231,51,53,3231,0.05037242,0.04319526,0.005431981,0.02243096,-0.006618003,0.01266978,0.02974198,0.02137306,0.0199617,0.01876092,0.0179293,0.01766333,0.01797602,0.01861787,0
206183_3232,52,53,3232,-0.02311561,-0.006081841,0.007792081,0.007368036,0.0285946,0.007828175,-7.242364e-05,0.02308226,0.02137003,0.0198394,0.01864039,0.01795051,0.01794541,0.01832503,0
206183_3233,53,53,3233,-0.001632959,-0.003961529,0.02241499,0.03359877,-0.01034887,-0.0230522,-0.02081947,0.02245627,0.02082798,0.01943035,0.01841821,0.01797987,0.01818154,0.0187412,0
206183_3234,54,53,3234,0.02869444,0.01945978,0.01828171,0.01312591,0.01043398,0.002882456,-0.02573871,0.02083333,0.01945873,0.01827272,0.01742531,0.01710158,0.01734399,0.01790839,0
206183_3235,55,53,3235,-0.007919418,-0.01479739,5.679373e-05,0.002070678,0.0124545,-0.01550778,-0.002386846,0.02037805,0.0189657,0.01776958,0.01692763,0.01660851,0.01684128,0.01738262,0
206183_3236,56,53,3236,-0.02072624,0.02567981,-0.02402973,0.007363039,-0.01838387,0.001249723,-0.0062472,0.02136244,0.01988888,0.0186218,0.01771112,0.01734043,0.01756154,0.01811629,0
206183_3237,57,53,3237,0.007667499,-0.01417862,0.0001419686,0.0104332,0.02132375,0.006927149,0.02411951,0.02073977,0.01932029,0.01814835,0.01737046,0.01716709,0.01751338,0.01816739,0
206183_3238,58,53,3238,-0.01858855,-0.02707015,0.01904302,-0.01137498,-0.009880523,0.01546951,-0.02014213,0.02152133,0.01999466,0.01870503,0.01780133,0.01746569,0.01772486,0.01831634,0
206183_3239,59,53,3239,0.02741829,-0.003664428,-0.02044319,0.02075258,-0.01269283,0.00690334,-0.009129879,0.02214851,0.02056602,0.01915073,0.01804899,0.01743566,0.01746502,0.01785738,0
206183_3240,0,54,3240,-0.008897945,-0.04617515,0.02566874,0.01887916,0.01176125,0.002692634,0.00560251,0.02063143,0.01931041,0.01819629,0.01744334,0.01724337,0.01758723,0.01824135,0
206183_3241,1,54,3241,0.003028745,-0.02776979,-0.00212375,0.01002938,-0.005180539,0.01716815,0.04350002,0.02054721,0.01921975,0.0180572,0.01720716,0.01685169,0.01705441,0.01757649,0
206183_3242,2,54,3242,-0.01196596,-0.03924652,-0.01262447,0.01354079,0.01145733,0.03155542,-0.008448627,0.02075967,0.01935688,0.01816145,0.01731994,0.01701257,0.01726808,0.01784116,0
206183_3243,3,54,3243,0.008510124,-0.01007545,-0.01164594,0.009707914,-0.01327362,-0.006267594,0.002478192,0.02107549,0.01962216,0.01833057,0.01734168,0.01682565,0.01690431,0.01731973,0
206183_3244,4,54,3244,-0.02958101,-0.0286103,0.03089628,0.01622843,0.01132281,0.002861572,-0.001767367,0.02190255,0.02030351,0.01896244,0.01802835,0.01768298,0.01794808,0.01855199,0
206183_3245,5,54,3245,0.03755877,-0.002562976,-0.0160323,0.05090246,-0.004204617,0.02610718,0.03395288,0.02048878,0.01915763,0.01802474,0.01723946,0.01698675,0.01727967,0.01788293,0
206183_3246,6,54,3246,-0.01098731,0.01726898,-0.003472798,0.002607753,-0.001382403,-0.008507042,0.01255232,0.02295019,0.02132145,0.01993315,0.01895148,0.01858032,0.01885814,0.01950116,0
206183_3247,7,54,3247,-0.01027969,-0.004663681,-0.01406969,0.01184427,-0.005771787,0.01189747,-0.01421996,0.02026555,0.01891094,0.01778446,0.01702977,0.01682417,0.01715143,0.01777836,0
206183_3248,8,54,3248,-0.01575,0.004133298,-0.06395132,0.03106531,0.01472466,0.006699864,-0.0004866248,0.02262468,0.02095811,0.01951198,0.01843839,0.01792091,0.01805808,0.01856104,0
206183_3249,9,54,3249,-0.005520866,0.02481089,0.01481694,-0.0143544,-0.009019271,0.00494022,0.009466736,0.02118955,0.01982147,0.01868949,0.01795538,0.01782053,0.01824073,0.01897709,0
206183_3250,10,54,3250,-0.04732211,-0.0008529265,0.00560229,-0.009841773,-0.02277346,-0.0005267628,-0.01388179,0.02096094,0.01951134,0.01826961,0.01738046,0.01702088,0.017238,0.01777923,0
206183_3251,11,54,3251,0.01087749,-0.008374038,0.006074516,0.04782541,-0.01663574,0.02601816,0.0005882142,0.02021625,0.01893196,0.01783672,0.01707936,0.01684478,0.01714342,0.01774668,0
206183_3252,12,54,3252,0.02374093,0.004726666,0.0141185,0.06463249,-0.006803404,0.01307294,-0.01027306,0.02335721,0.02155106,0.01999128,0.0188292,0.01824585,0.0183528,0.01884167,0
206183_3253,13,54,3253,0.006972926,-0.03832681,0.01453202,-0.0004455839,-0.004539804,-0.00467924,-0.009177246,0.0216017,0.01999037,0.01861558,0.01761661,0.01716135,0.01731936,0.01781652,0
206183_3254,14,54,3254,0.01483316,0.007195693,0.01302886,-0.006436264,0.01163679,0.03031376,-0.01514493,0.02186361,0.0202499,0.01885486,0.01782132,0.01732117,0.0174473,0.0179219,0
206183_3255,15,54,3255,-0.01310334,0.01630483,0.03575718,-0.02329552,0.001515409,0.009928528,-0.002542723,0.02095217,0.0194738,0.01819589,0.01725832,0.01683084,0.01698773,0.01747197,0
206183_3256,16,54,3256,-0.01585319,0.01045802,-0.006363224,0.004468179,0.016765,0.01909339,0.01627059,0.02187796,0.02019916,0.01875929,0.01769449,0.0171674,0.01727227,0.01772498,0
206183_3257,17,54,3257,0.002326072,0.002279136,-0.001763823,-0.00720565,-0.02213547,0.01005838,-0.009031515,0.02145941,0.01997994,0.01870518,0.01778613,0.01740772,0.0176253,0.01817914,0
206183_3258,18,54,3258,-0.003826965,0.00435486,0.00948857,-0.0001046869,-0.01343705,0.01584947,0.04387291,0.02189002,0.02032711,0.01903087,0.01815516,0.01788873,0.01822166,0.01888851,0
206183_3259,19,54,3259,0.03346063,-0.02644357,0.007251911,0.02410069,-0.008880449,0.02501449,-0.01998164,0.02236161,0.02062755,0.01917672,0.01815176,0.0177249,0.01793692,0.01849868,0
206183_3260,20,54,3260,0.03790942,0.03483686,-0.007357541,-0.006911438,0.04332355,0.02092548,0.02027589,0.02418786,0.02237336,0.02076205,0.01951648,0.01883042,0.01886981,0.01931669,0
206183_3261,21,54,3261,0.02604434,0.02074815,0.008165997,-0.01319988,-0.003292985,-0.01791801,0.04833134,0.02143095,0.01999766,0.01877119,0.01790821,0.01760218,0.01788193,0.01849419,0
206183_3262,22,54,3262,-0.00161032,-0.002514277,-0.01633977,0.02908526,-0.02496726,0.005428904,-0.00628995,0.02048187,0.01915386,0.01800869,0.01719452,0.01689458,0.01714522,0.01770969,0
206183_3263,23,54,3263,-0.004160229,0.006066414,0.04070071,0.03709986,0.01128777,-0.03296419,0.008374535,0.02085711,0.01949752,0.01831429,0.01745857,0.01711704,0.01734373,0.01789489,0
206183_3264,24,54,3264,-0.004455892,0.01732793,0.03027702,-0.004887535,-0.01661352,-0.01953333,0.0005675816,0.02015339,0.01899131,0.01799835,0.01733547,0.01720619,0.01759253,0.01828025,0
206183_3265,25,54,3265,0.009569196,-0.01416791,-0.008510321,-0.002829365,-0.02178917,0.02584115,0.006446469,0.02290972,0.02124838,0.0198067,0.01874355,0.01825175,0.01842126,0.01896193,0
206183_3266,26,54,3266,0.01055903,-0.03964504,-0.02093477,-0.002016455,0.002273131,0.01249925,-0.01118733,0.02094044,0.01959027,0.0184558,0.01769469,0.01750301,0.01786519,0.01854301,0
206183_3267,27,54,3267,-0.02286812,-0.01301536,-0.003212151,0.01857018,-0.01070938,0.02599982,-0.007688395,0.02148608,0.02000858,0.01874467,0.01784701,0.01750306,0.01775233,0.01833605,0
206183_3268,28,54,3268,-0.01253546,0.03432383,0.04471177,0.002191236,0.007250747,0.01137477,0.003902905,0.02195872,0.0204182,0.0190965,0.01814846,0.01776357,0.01799388,0.0185702,0
206183_3269,29,54,3269,0.006071702,0.01834153,-0.02650558,0.01648187,0.001830611,0.02926884,0.01498737,0.02256454,0.02084788,0.01932725,0.01814291,0.01745978,0.01744506,0.01780218,0
206183_3270,30,54,3270,0.0105719,0.0241637,-0.007064965,-0.00744508,0.006401977,0.006148887,0.01719693,0.02149912,0.02000714,0.01870921,0.01775432,0.01732413,0.01749691,0.01800981,0
206183_3271,31,54,3271,0.01591184,-0.0008825886,0.004731812,-0.009240752,-0.0221594,0.01475654,0.01141429,0.02329577,0.02152324,0.01999235,0.01885731,0.01830345,0.01843389,0.01894413,0
206183_3272,32,54,3272,0.02720636,-0.03568199,-0.01769449,-0.03074457,0.029649,0.007757167,-0.01194769,0.02142671,0.01996808,0.01873972,0.01789681,0.01763074,0.01794646,0.01859006,0
206183_3273,33,54,3273,0.02012228,-0.01393648,0.005051076,0.005149555,0.01271625,-4.733666e-05,-0.002228186,0.02330229,0.0214543,0.01981057,0.01850924,0.01770944,0.01761632,0.01791385,0
206183_3274,34,54,3274,0.04043506,0.004628306,0.01421135,0.02751758,0.01883415,0.01142069,-0.03508777,0.02039877,0.01918388,0.01817315,0.01752875,0.01745469,0.0178986,0.01864237,0
206183_3275,35,54,3275,-0.02425696,0.0155535,-0.01955166,-0.0127187,0.02763874,-0.0007537218,0.002283784,0.02004692,0.01866648,0.01747839,0.01661561,0.01624004,0.01641068,0.01688733,0
206183_3276,36,54,3276,0.008082436,-0.005298728,-0.02278584,0.00642842,-0.01703609,-0.01543489,0.00456523,0.02123767,0.01977777,0.01848584,0.01750632,0.01701433,0.01712078,0.01756618,0
206183_3277,37,54,3277,-0.00464556,-0.002516238,0.006064368,-0.02377062,0.009556764,-0.01047562,0.01777847,0.02047284,0.01911797,0.01796334,0.01715508,0.01687345,0.01714102,0.01771944,0
206183_3278,38,54,3278,0.008898936,0.00131076,-0.01411849,0.06136848,-0.01453901,-0.008067721,0.02844334,0.0226491,0.02088575,0.01935489,0.01819684,0.01757781,0.0176276,0.01804612,0
206183_3279,39,54,3279,-0.03974513,-0.00607698,0.03773889,0.008603368,0.00927368,-0.009262348,0.01001902,0.02273767,0.02119795,0.01985398,0.01887465,0.01846808,0.01870414,0.01930683,0
206183_3280,40,54,3280,0.04264854,0.02977515,0.01483558,-0.02437758,0.007882374,-0.009018182,-0.001713629,0.02252065,0.02088886,0.01949514,0.01849592,0.01808183,0.0183075,0.01889076,0
206183_3281,41,54,3281,0.01260779,0.02512152,-0.01577633,-0.01212166,-0.02826841,0.003868627,0.02092149,0.02267164,0.02097823,0.01949971,0.01838475,0.01781143,0.01790046,0.01835873,0
206183_3282,42,54,3282,0.05341858,0.001101861,-0.03096007,0.03446674,-0.00646624,0.01923354,0.03290503,0.02147621,0.01996689,0.01866514,0.01771858,0.01730715,0.01749677,0.01802396,0
206183_3283,43,54,3283,0.07181304,-0.01084246,0.0414656,0.003155571,-0.007440952,0.01619823,0.01212268,0.02226965,0.02065513,0.01923884,0.01816975,0.01762725,0.01772785,0.01818928,0
206183_3284,44,54,3284,-0.01053061,0.02588706,0.02810507,0.004961675,-0.00586225,0.001206684,-0.0006643091,0.02290845,0.0210561,0.0194604,0.01825727,0.01760668,0.01763997,0.01804677,0
206183_3285,45,54,3285,0.02716478,0.01294024,0.00268365,0.01252751,-0.02006547,0.02834622,0.004525582,0.02112347,0.0196995,0.01847641,0.01760506,0.01727107,0.01751551,0.01808742,0
206183_3286,46,54,3286,-0.008315409,0.03335302,0.01269604,0.006519286,-0.005275399,0.02659582,0.009709553,0.02137387,0.01998387,0.01881953,0.01804323,0.01785692,0.01823911,0.01894521,0
206183_3287,47,54,3287,-0.001836012,-0.009478531,0.008892726,0.01566013,6.569177e-05,-0.01904386,0.006252397,0.0217079,0.02025388,0.01900285,0.01811421,0.01778477,0.01805341,0.0186621,0
206183_3288,48,54,3288,0.01636998,0.004046525,0.03293483,-0.002155599,0.01138017,0.001311352,0.02693176,0.0223958,0.02072097,0.01929749,0.01827448,0.01783246,0.01803047,0.01858308,0
206183_3289,49,54,3289,-0.004753058,0.02361115,-0.02168884,6.289357e-05,0.01910417,0.01709914,-0.008741679,0.02316591,0.02141553,0.01988507,0.01872646,0.01812128,0.01819959,0.01865877,0
206183_3290,50,54,3290,0.03021806,-0.01305538,0.002129004,-0.02500095,-0.006033719,-0.002081441,0.01247501,0.02245303,0.02080843,0.01939992,0.0183806,0.0179363,0.01813311,0.0186875,0
206183_3291,51,54,3291,-0.02592044,-0.01109136,-0.01652324,-0.01478542,0.002780483,-0.01038166,-0.007742061,0.02306823,0.02139365,0.01998348,0.01900228,0.01865156,0.01895265,0.01961794,0
206183_3292,52,54,3292,-0.01479331,0.01480204,-0.00140785,-0.01273676,0.02318964,-0.003586073,0.01492921,0.02106027,0.0196661,0.01845785,0.01758743,0.01724212,0.01747327,0.01803258,0
206183_3293,53,54,3293,-0.0010925,-0.01223525,0.03264112,-0.003317787,0.00348155,-0.001071637,0.01513602,0.02031743,0.01909476,0.01809723,0.01748529,0.01746027,0.01794346,0.01871969,0
206183_3294,54,54,3294,0.07533294,-0.01692438,-0.01944594,0.004311738,0.03139328,0.01559746,0.00135644,0.02254602,0.02096142,0.01952406,0.01838512,0.01772495,0.01772286,0.01809531,0
206183_3295,55,54,3295,-0.02185023,0.0193343,-0.01825966,-0.00576609,0.01394481,-0.002592506,-0.007090519,0.01962637,0.01836233,0.01732809,0.01666502,0.01654827,0.01692923,0.01759122,0
206183_3296,56,54,3296,-0.03062896,-0.02932496,0.01434887,0.01707904,-0.004255467,0.01421945,-0.009557307,0.0235338,0.02168809,0.0200557,0.01878173,0.01803576,0.01800033,0.01835882,0
206183_3297,57,54,3297,0.02216488,0.0006820463,-0.006605876,0.02020411,0.001669126,0.003920308,0.004529254,0.02118685,0.01973653,0.01852066,0.01769068,0.01743314,0.01774798,0.0183846,0
206183_3298,58,54,3298,0.01099375,-0.01483614,-0.01288508,0.01483478,0.001853345,0.02329239,-0.0004804917,0.02082119,0.01945307,0.01827612,0.0174412,0.0171347,0.0173919,0.01796985,0
206183_3299,59,54,3299,0.0303869,-0.001886578,0.03134632,0.02887357,0.004383074,0.01259421,0.01313022,0.02207236,0.02050672,0.01913943,0.01812212,0.01763874,0.01778473,0.01828516,0
206183_3300,0,55,3300,-0.02283797,0.002117266,0.05322129,-0.01933258,0.01926345,0.02274091,0.003228291,0.0223764,0.02071648,0.01927789,0.01820838,0.01768579,0.01781005,0.01829469,0
206183_3301,1,55,3301,-0.0312795,-0.001554489,0.0183441,0.01569183,-0.007052356,0.02516483,-0.002350618,0.02253671,0.02086607,0.01940683,0.01830749,0.01774627,0.0178409,0.01830176,0
206183_3302,2,55,3302,-0.004014166,-0.02263534,-0.003879942,-0.009984488,-0.01629846,-0.007411667,-0.01681206,0.0222941,0.02070794,0.0193736,0.01844975,0.01813101,0.01843228,0.0190806,0
206183_3303,3,55,3303,0.01101618,0.004887422,0.002469101,0.03061824,-0.01864905,-0.010038,0.00204567,0.0215596,0.02000808,0.01867783,0.01771393,0.01729258,0.01747749,0.01800084,0
206183_3304,4,55,3304,0.04128736,-0.001193946,0.01826963,0.01032516,-0.01442356,-0.009170075,-0.00640265,0.02122135,0.01969965,0.01838137,0.01740654,0.01694441,0.01708041,0.01755074,0
206183_3305,5,55,3305,0.05691253,-0.01955345,0.01820586,0.005707337,0.005886263,0.02653485,-0.004755656,0.02206998,0.02053011,0.01917564,0.01816,0.01766974,0.01780816,0.01830245,0
206183_3306,6,55,3306,-0.005494964,0.004747149,-0.008261849,0.01861416,0.004873697,-0.00606162,0.02342315,0.02088817,0.01949728,0.01833078,0.01754071,0.01731509,0.01764658,0.01829301,0
206183_3307,7,55,3307,0.04864018,0.02257132,0.02034381,-0.01482289,-3.233039e-06,-0.01682148,-0.004271809,0.02147907,0.01992471,0.01857292,0.01756465,0.01706971,0.0171856,0.01764281,0
206183_3308,8,55,3308,-0.004772843,0.008661987,-0.002419884,9.120321e-05,0.003538008,0.01648093,-0.008573546,0.0195147,0.01839931,0.0175174,0.01702502,0.01711847,0.0176736,0.01849685,0
206183_3309,9,55,3309,-0.02872701,-0.02871854,0.01084058,0.01571178,0.0201243,-0.00890802,-0.009713043,0.02288186,0.02107944,0.01945902,0.01815246,0.01730932,0.01715849,0.01739131,0
206183_3310,10,55,3310,-0.001449465,-0.00189839,0.03103373,-0.0254864,0.02129644,0.02209957,0.0269087,0.02028481,0.01900048,0.01794971,0.01728532,0.01719763,0.01762641,0.01834919,0
206183_3311,11,55,3311,0.009710511,0.009347101,0.003234103,-0.005001596,-0.01943252,-0.0003646786,-0.003898094,0.02216315,0.02059115,0.01922084,0.01820528,0.01773044,0.0178874,0.0184002,0
206183_3312,12,55,3312,0.009924315,0.06464353,0.02483257,0.003420679,0.02338548,0.03935475,0.00551957,0.02161023,0.02008695,0.01878305,0.01784833,0.01746571,0.01768596,0.01824443,0
206183_3313,13,55,3313,0.01013477,-0.008332904,0.01031962,0.01154403,0.02282118,0.01304841,-0.01343773,0.02303839,0.0212359,0.01966337,0.01846367,0.01780554,0.01783363,0.0182407,0
206183_3314,14,55,3314,-0.03863314,-0.02945874,0.01299514,-0.007239454,0.01976449,0.003469201,-0.005914872,0.02171199,0.02012495,0.01870414,0.01758559,0.01692951,0.01690532,0.01723561,0
206183_3315,15,55,3315,0.01172376,0.0007530003,-0.01375758,0.002675977,-0.01662047,0.03489004,0.01874356,0.02095846,0.01963026,0.01850255,0.01773498,0.01752662,0.01787419,0.0185405,0
206183_3316,16,55,3316,0.0006196231,0.03676543,-0.01266739,0.01711367,0.01180303,-0.003525171,-0.004762487,0.0216822,0.02011585,0.01875402,0.01774058,0.01724918,0.01737537,0.01784705,0
206183_3317,17,55,3317,-0.03354999,0.02168393,0.01369318,0.02296529,0.02540457,-0.03584559,-0.01257645,0.022675,0.02101631,0.01959114,0.01855518,0.01809746,0.01828996,0.01884576,0
206183_3318,18,55,3318,0.01434067,0.005758232,0.007953857,0.01734986,0.006140723,0.0163458,-0.01170482,0.01988472,0.01867446,0.01770371,0.01712564,0.01713168,0.01762599,0.01840002,0
206183_3319,19,55,3319,-0.01847086,0.009655044,-0.01347009,-0.01127661,0.002782618,-0.01046389,-0.00230904,0.02163602,0.02006718,0.01872417,0.01775178,0.01732572,0.01750952,0.01803315,0
206183_3320,20,55,3320,0.029297,0.01062965,0.003730728,0.00685019,0.02310217,0.02814613,0.03912158,0.02367004,0.02183247,0.02025167,0.01908252,0.0185107,0.01863952,0.01915575,0
206183_3321,21,55,3321,0.03870736,-0.001311616,0.004666154,-0.01854729,-0.01960906,0.008854771,-0.0067574,0.02251684,0.02089708,0.01946104,0.01836025,0.01777675,0.01784764,0.01828747,0
206183_3322,22,55,3322,0.02050359,0.009281398,-0.02058949,-0.01065903,-0.006530808,-0.02481527,0.02031488,0.01976448,0.0186486,0.01777715,0.01731116,0.01745348,0.01805843,0.01893319,0
206183_3323,23,55,3323,-0.009350205,0.01153676,-0.002780222,0.02319127,0.001725841,-0.01050085,0.005666288,0.02154017,0.02003674,0.01876183,0.01786713,0.01753867,0.01780419,0.01840309,0
206183_3324,24,55,3324,-0.006171772,-0.005410039,0.0113414,0.008756328,0.02884947,-0.008974574,0.008929672,0.02054069,0.01910943,0.01792802,0.01713736,0.01691037,0.01722965,0.01785297,0
206183_3325,25,55,3325,-0.006768037,-0.03913744,0.01837917,0.01104359,-0.02007754,0.01640749,4.418502e-05,0.0219756,0.02040341,0.01907447,0.01814189,0.01779288,0.01805654,0.01866245,0
206183_3326,26,55,3326,-0.04718771,-0.02356679,0.01205131,-0.02425979,0.01939729,0.02638992,-0.02518191,0.02075749,0.01940528,0.01827321,0.01751513,0.01732199,0.01767672,0.01834254,0
206183_3327,27,55,3327,0.00601082,-0.01245635,-0.004285674,0.01783144,0.009747518,-0.03057904,0.009679196,0.02123937,0.01982831,0.01860441,0.01772125,0.0173681,0.01759871,0.01816158,0
206183_3328,28,55,3328,0.006466767,0.03615443,-0.003039356,-0.02980271,-0.02962382,-0.007919458,0.01025339,0.02231767,0.02070639,0.01929721,0.01824109,0.01772038,0.01784233,0.01832506,0
206183_3329,29,55,3329,-0.02609306,-0.02125062,0.009406149,0.03234803,0.03477588,0.007900795,0.007963328,0.02191081,0.02026667,0.01882155,0.01771248,0.01710181,0.01712968,0.01751258,0
206183_3330,30,55,3330,0.004231991,-0.0278145,-0.0007781371,-9.593079e-05,0.02120907,0.006750231,0.001116321,0.02095673,0.0195074,0.01826106,0.01736191,0.01698611,0.01718862,0.01771626,0
206183_3331,31,55,3331,-0.03473601,-0.0174044,-0.003628627,-0.01908122,-0.01737129,0.01450211,0.0161115,0.02175152,0.02013578,0.01877758,0.01782047,0.0174387,0.0176672,0.01823275,0
206183_3332,32,55,3332,-0.001541514,-0.03150479,0.002799909,-0.009457226,0.01991937,-0.007120747,0.0125191,0.02276334,0.02113584,0.0197267,0.01869611,0.01823933,0.0184344,0.01899621,0
206183_3333,33,55,3333,0.02221098,0.009931505,-0.00457133,-0.02822537,0.01633526,0.03837092,0.008683058,0.02129283,0.01979682,0.01850403,0.01755952,0.01713985,0.01731559,0.01782559,0
206183_3334,34,55,3334,-0.01257464,0.005972421,-0.009747647,0.0208997,-0.0154263,0.04762556,0.01686415,0.02212759,0.02056329,0.01918187,0.01813426,0.01760286,0.01770664,0.01816909,0
206183_3335,35,55,3335,-0.001008135,0.0613212,-0.007849467,0.01767594,-0.01312275,-0.01152342,-0.01455402,0.02142653,0.01996099,0.0187093,0.01782449,0.01749464,0.0177541,0.0183461,0
206183_3336,36,55,3336,0.03324624,0.001510357,0.009696579,0.002225408,0.0006065525,-0.01680732,0.005996661,0.0215538,0.0200207,0.01868394,0.01768824,0.01720881,0.01734035,0.01781483,0
206183_3337,37,55,3337,0.04616149,0.01027564,0.001838985,0.002592658,-0.002406907,0.01405698,-0.01193961,0.02092541,0.01950028,0.01828525,0.01742768,0.01710863,0.01735995,0.01793265,0
206183_3338,38,55,3338,0.003282159,-0.007085026,0.01158385,0.01539114,-0.01348461,0.01275478,-0.034075,0.0229512,0.02129164,0.01986565,0.0188347,0.01839563,0.01861395,0.01920091,0
206183_3339,39,55,3339,-0.006335262,0.03156445,0.001798813,0.005380871,0.01502449,0.01085826,0.03295915,0.02144141,0.01991991,0.01863925,0.01774755,0.01742609,0.01769501,0.01829337,0
206183_3340,40,55,3340,0.01308254,-0.009175236,-0.03329141,0.01785208,0.01135735,-0.01059567,-0.01432289,0.02189458,0.0204578,0.01919972,0.0182832,0.01790967,0.01814409,0.01872703,0
206183_3341,41,55,3341,0.009040708,0.005765863,-0.01146102,0.01463744,0.01743684,0.01256709,-0.007461734,0.02071183,0.01928045,0.01805647,0.01718169,0.01682945,0.01704438,0.01757761,0
206183_3342,42,55,3342,0.02201213,-0.006190202,0.02508413,0.004960016,0.02742553,0.04086268,-0.02050284,0.02126823,0.01981328,0.01853036,0.01756582,0.01709768,0.0172267,0.01769427,0
206183_3343,43,55,3343,-0.01050128,-0.005767565,0.02107226,-0.00122699,0.007950942,-0.001343585,-0.01931418,0.02129199,0.01992112,0.01873363,0.01788902,0.01758539,0.01786066,0.01846791,0
206183_3344,44,55,3344,-0.02351168,-0.02154732,0.0005839507,-0.0117258,-0.01989336,-0.001911734,0.01810823,0.02136668,0.01995466,0.01875299,0.01792003,0.01765193,0.01796255,0.0186023,0
206183_3345,45,55,3345,-0.02388307,-0.004790464,0.0172892,-0.01226408,0.004871085,0.01931487,-0.004026869,0.02136028,0.01991086,0.01868833,0.0178474,0.01757895,0.01789002,0.01852811,0
206183_3346,46,55,3346,-0.01679495,-0.003201414,0.0006752767,-0.0153421,0.01124448,-0.003419021,0.004157524,0.02210067,0.02065281,0.01940235,0.01851712,0.01820549,0.01850266,0.01914859,0
206183_3347,47,55,3347,-0.0304417,-0.0314612,0.0084096,0.009841446,-0.01549643,0.03936147,0.01385924,0.02294221,0.02124202,0.01973843,0.0185825,0.01795445,0.01800192,0.01842806,0
206183_3348,48,55,3348,-0.03398318,0.01717015,0.02290796,0.02542736,-0.001405963,0.01856302,-0.01089268,0.02190024,0.02039291,0.01901988,0.01792738,0.01729002,0.01728417,0.01763881,0
206183_3349,49,55,3349,-0.003096609,0.008333041,0.008844129,-0.004886456,0.03835871,-0.01102818,0.0208645,0.02199562,0.02036525,0.01894745,0.01788484,0.01734848,0.01744664,0.01789807,0
206183_3350,50,55,3350,0.0349726,-0.004948284,-0.0246522,-0.004164151,0.01281296,0.01419498,0.02724689,0.02322942,0.02137574,0.01974854,0.01848686,0.0177528,0.01771931,0.01807165,0
206183_3351,51,55,3351,0.0381223,-0.01351177,-0.0004454182,0.01981974,0.01943627,-0.009087975,0.002667923,0.02145333,0.0199305,0.01863498,0.01771395,0.01734709,0.01757624,0.0181386,0
206183_3352,52,55,3352,-0.01123371,0.00621341,0.003211392,0.007963957,0.007404574,-0.01525314,0.01039803,0.02250202,0.02090281,0.01949242,0.0184257,0.01789,0.01800344,0.01848354,0
206183_3353,53,55,3353,0.01661167,-0.004447005,-0.01201869,0.01705956,-0.005447355,0.02157932,-0.01821906,0.02048595,0.01917078,0.01807472,0.01735048,0.0171879,0.01755935,0.01823464,0
206183_3354,54,55,3354,-0.01903111,0.004897965,-0.01966149,-0.005919917,0.007683567,0.03599325,0.01593772,0.02378887,0.02194243,0.02038388,0.01927224,0.01879977,0.01902179,0.01962664,0
206183_3355,55,55,3355,-0.02710441,0.03296395,0.01144412,0.0119835,-0.01192242,0.001705262,0.006823856,0.01979328,0.01849132,0.01740862,0.01668502,0.01649321,0.01681559,0.01742755,0
206183_3356,56,55,3356,0.01981524,0.02567886,0.01934827,-0.0300576,0.003673996,0.02689733,-0.009925481,0.01993602,0.01864117,0.01762151,0.01702138,0.01701957,0.01750851,0.0182735,0
206183_3357,57,55,3357,0.02310242,0.03213954,-0.009038598,0.001580059,0.0257528,0.0008435787,-0.002499163,0.02138175,0.01986526,0.01851657,0.01747511,0.01690775,0.01695196,0.01734077,0
206183_3358,58,55,3358,-0.009366188,-0.02308036,0.003105245,0.007633773,-0.01014734,0.008789914,0.01230632,0.02195369,0.02044354,0.01908561,0.01803002,0.01745792,0.01751536,0.0179315,0
206183_3359,59,55,3359,-0.0246816,0.001592504,0.0006414408,0.002586211,0.007585839,-0.003017278,-0.00953826,0.02026876,0.01903941,0.01800691,0.0173286,0.01720175,0.01759548,0.01828952,0
206183_3360,0,56,3360,0.02948381,0.004328387,0.04027773,0.0007147082,0.003392118,-0.00412543,-0.03017887,0.02087959,0.01953965,0.01837991,0.01755498,0.01725672,0.01752221,0.01811068,0
206183_3361,1,56,3361,-0.03057155,-0.01549995,0.01870461,-0.01824564,-0.0004660164,0.01714833,0.05936833,0.01984006,0.01862097,0.01760815,0.01695188,0.01683991,0.01723184,0.01791255,0
206183_3362,2,56,3362,-0.04991349,0.01928772,-0.01510757,0.0008132623,0.01227455,-0.01262747,-0.01364054,0.02199216,0.02042921,0.0190998,0.01815782,0.01779148,0.01804005,0.01863308,0
206183_3363,3,56,3363,0.001373395,0.01010934,0.01186597,0.002569366,-0.006098963,0.01213611,0.01823703,0.02404762,0.02214845,0.02044251,0.01907483,0.01821177,0.01808523,0.01836821,0
206183_3364,4,56,3364,0.02705543,-0.003113763,-0.007120304,0.01563514,0.02406602,0.01263051,-0.01006458,0.0226433,0.02103256,0.01958153,0.01844189,0.01779479,0.01780976,0.01820021,0
206183_3365,5,56,3365,0.005259159,-0.008024822,0.003385774,0.01187526,0.007413574,0.005119671,0.00166558,0.02243495,0.02072146,0.01921921,0.01806828,0.01743443,0.01746114,0.01785424,0
206183_3366,6,56,3366,0.006498918,-0.004207962,-0.01779466,0.004722443,0.01171274,-0.01259545,-0.01377183,0.02120569,0.01985059,0.01870607,0.01793432,0.01773751,0.01810412,0.01879326,0
206183_3367,7,56,3367,-0.009806402,0.03472674,0.01691576,0.01734833,0.005863907,-0.00177413,-0.007884987,0.02112501,0.01968978,0.0184283,0.01748684,0.01704378,0.01719018,0.01767098,0
206183_3368,8,56,3368,-0.007647937,-0.01649701,-0.01937877,-0.001647425,-0.0217091,-0.002507898,0.004436348,0.02127895,0.01979265,0.01852886,0.0176355,0.01729363,0.01753812,0.01811145,0
206183_3369,9,56,3369,0.001364801,-0.01190831,0.006278439,0.01007999,0.01557111,0.004731355,0.007617623,0.02184086,0.02029839,0.01895327,0.01795521,0.01748605,0.01763652,0.01813588,0
206183_3370,10,56,3370,-0.01411179,-0.05644005,-0.02561554,0.0169615,-0.001283781,-0.007138543,-0.0001096412,0.02225677,0.02063428,0.01922833,0.01818877,0.01769678,0.01784336,0.01834701,0
206183_3371,11,56,3371,-0.001766591,0.0003821101,0.00666946,-0.03225933,-0.0006360193,0.002454176,-0.01418353,0.02144404,0.01990313,0.01859325,0.01765931,0.01727772,0.01749401,0.01804351,0
206183_3372,12,56,3372,-0.002184767,0.01651537,0.01588371,-0.005126791,0.0176579,0.006923201,-0.01386501,0.02283212,0.02108807,0.01952576,0.01828491,0.01752786,0.01745357,0.01776008,0
206183_3373,13,56,3373,0.02492047,0.00537605,-0.01301232,0.008880177,0.008114275,0.0098842,0.004967787,0.02083013,0.01938068,0.01812769,0.01721196,0.01680483,0.016975,0.01746944,0
206183_3374,14,56,3374,-0.03286936,0.01023044,0.009292638,0.007876327,-0.01213283,0.01786983,0.00416754,0.02117815,0.01968534,0.01841971,0.01752656,0.01718344,0.01742367,0.01799004,0
206183_3375,15,56,3375,-0.01368683,0.00552388,-0.008994655,-0.003172556,-0.01643151,-0.004998556,-0.01168304,0.0207802,0.01957699,0.01859741,0.01801359,0.018043,0.01858872,0.01943577,0
206183_3376,16,56,3376,0.004205747,0.02298605,-0.0466769,0.008890286,-0.01585803,0.002212716,0.04728395,0.0211895,0.01971683,0.01846278,0.01757482,0.01723355,0.01747521,0.01804414,0
206183_3377,17,56,3377,-0.01008302,0.02628011,0.01219199,5.077375e-05,0.01235585,-0.0005163428,0.001887491,0.02094492,0.01958957,0.01844537,0.01766912,0.01745562,0.01779887,0.01845945,0
206183_3378,18,56,3378,-0.005466457,0.01708438,-0.01572144,0.02928982,0.02507809,0.01003702,0.02262536,0.02198906,0.02036925,0.01898006,0.01796742,0.0175078,0.01767484,0.01819037,0
206183_3379,19,56,3379,0.02009637,0.01681246,0.003156923,0.02986063,0.01326452,0.01042313,0.01284639,0.02161622,0.02014217,0.01891123,0.01808143,0.0178479,0.01819863,0.01887859,0
206183_3380,20,56,3380,-0.0090668,-0.002622072,0.004627053,0.02098196,0.01627419,0.009470695,-0.01065614,0.02187496,0.02038438,0.01908403,0.0181306,0.01771619,0.0179152,0.01846261,0
206183_3381,21,56,3381,-0.01676896,0.02197176,0.0004269101,0.0008851976,0.01998052,-0.003584975,0.02905509,0.0226259,0.02105028,0.01966572,0.01863329,0.01814952,0.01831334,0.01884461,0
206183_3382,22,56,3382,-0.01715622,-0.02750247,-0.004326115,0.02421184,-0.01415646,-0.01312756,-0.0346804,0.02110011,0.01962723,0.01840225,0.01757267,0.01731966,0.01763598,0.01827029,0
206183_3383,23,56,3383,0.02595029,-0.02457843,0.01578272,-0.02502773,-0.01735776,0.001783622,-0.008227,0.02028729,0.01893027,0.01779899,0.01703716,0.01682206,0.01714185,0.0177625,0
206183_3384,24,56,3384,-0.0410655,-0.0364199,0.03913825,0.03276464,-0.007287433,0.0379407,-0.01687558,0.02228476,0.02067274,0.01934908,0.01847075,0.01823027,0.01859982,0.01930816,0
206183_3385,25,56,3385,-0.00260394,-0.00928097,-0.03039973,0.009381292,0.03021026,-0.005191051,0.006063879,0.02245085,0.02082255,0.01942639,0.01841724,0.0179835,0.01818911,0.01875225,0
206183_3386,26,56,3386,-0.004516529,-0.005658861,0.008895079,-0.01203103,-0.006165658,0.01815176,-0.03111037,0.02103911,0.01960462,0.0184056,0.01759246,0.01735052,0.01767372,0.01831457,0
206183_3387,27,56,3387,0.06323713,-0.0291673,0.02951444,-0.002637328,0.002731226,0.008323931,0.02052909,0.02191458,0.02024453,0.01876623,0.01761187,0.01693604,0.01690477,0.01723113,0
206183_3388,28,56,3388,0.005613626,-0.01967771,-0.01664518,-0.01058976,-0.02551734,0.02598576,0.02834444,0.02160665,0.02023991,0.01904103,0.01817477,0.01784636,0.01810937,0.01871403,0
206183_3389,29,56,3389,-0.005673332,0.0190075,0.01453784,-0.003520229,-0.01424876,0.02501024,-0.001198177,0.02088641,0.01953633,0.0184175,0.01768733,0.01754155,0.01794175,0.0186524,0
206183_3390,30,56,3390,-0.00789765,0.01596272,0.01104273,-0.003419671,0.01019036,0.03430571,0.004611589,0.02119306,0.01974924,0.01850688,0.01761575,0.01725965,0.01748729,0.01804473,0
206183_3391,31,56,3391,-0.008240638,-0.0007736876,0.003845842,0.03365887,0.01792068,-0.005226292,-0.005334267,0.02311655,0.02134675,0.01978475,0.01857692,0.01789603,0.01790381,0.01829479,0
206183_3392,32,56,3392,-0.03266479,-0.003904162,0.009916087,0.007635297,-0.005903702,-0.01068559,-0.02587315,0.01982684,0.01854987,0.01747625,0.01674871,0.01654408,0.01685594,0.01746069,0
206183_3393,33,56,3393,0.00412252,0.007407771,-0.003125238,0.02208632,-0.006132418,0.008046663,-0.01317459,0.02090911,0.01952848,0.0183479,0.0175193,0.01723043,0.01750665,0.01810382,0
206183_3394,34,56,3394,0.008129481,0.03617027,-0.01300099,0.01739947,0.03486816,-0.01724601,0.02021175,0.0219027,0.02038126,0.0190436,0.01804195,0.01756149,0.01770269,0.01819583,0
206183_3395,35,56,3395,0.01797139,0.01629859,0.01667196,0.002976132,0.008672428,0.02222188,-0.003743583,0.02103792,0.01955784,0.01828504,0.01736175,0.01696103,0.01714491,0.01765628,0
206183_3396,36,56,3396,0.03527013,-0.022134,0.001925648,0.02404546,0.02101685,-0.004078,-0.01245997,0.02183187,0.02022942,0.01887166,0.01790473,0.01750611,0.01772195,0.01827879,0
206183_3397,37,56,3397,-0.005738705,-0.01988821,0.02725375,-0.01256417,0.02356597,-0.01733198,0.02443777,0.02162763,0.02026118,0.0190708,0.01822272,0.01792429,0.01821497,0.01884576,0
206183_3398,38,56,3398,0.02193914,0.02194243,0.01230801,0.01290838,-0.01201795,0.001583446,-0.01736349,0.02043368,0.01913054,0.01802779,0.01727736,0.01706808,0.01739676,0.01803247,0
206183_3399,39,56,3399,0.01236157,0.01647865,0.005322084,0.001348521,-0.01035304,-0.007931302,0.001287525,0.02207066,0.02044769,0.01905639,0.01804412,0.01758927,0.01776338,0.01828747,0
206183_3400,40,56,3400,0.03831374,-0.02298083,-0.01236319,-0.03570452,0.02437154,0.02610861,-0.02618079,0.02246171,0.02082432,0.01939373,0.01832095,0.01778804,0.01790463,0.01838522,0
206183_3401,41,56,3401,-0.009165143,0.01598368,0.0382371,-0.009289981,-0.009383289,0.02245302,0.02448267,0.02200351,0.02051634,0.01928335,0.01846964,0.01827974,0.01868173,0.01941825,0
206183_3402,42,56,3402,0.002182154,-0.003819115,-0.02300778,-0.01562779,-0.01554794,-0.003373827,0.0161909,0.02271178,0.02105055,0.0195994,0.0185118,0.01797284,0.01809302,0.01858265,0
206183_3403,43,56,3403,0.03424998,-0.008977949,0.003979645,0.003215358,-0.01014047,-0.01442187,0.01562175,0.02072385,0.01929795,0.01806603,0.01716953,0.01678105,0.01696368,0.01746776,0
206183_3404,44,56,3404,-0.0312838,0.03419574,0.001259728,-0.009637377,-0.02027729,0.003709764,-0.001862141,0.02074533,0.01946474,0.018392,0.01768872,0.01755733,0.01796414,0.01868071,0
206183_3405,45,56,3405,0.05074563,-0.007911041,0.03925203,0.02127489,0.01136867,-0.00095054,0.004897013,0.02184572,0.02020567,0.0187818,0.01771254,0.01716321,0.01724517,0.01767721,0
206183_3406,46,56,3406,0.04828388,-0.03136979,-0.006190791,0.01079227,0.01360122,-0.002778484,-0.008746695,0.02355062,0.02175989,0.0201891,0.01899277,0.01835516,0.01841791,0.01887114,0
206183_3407,47,56,3407,0.00985812,0.02830437,0.0104574,0.03125608,0.01513277,0.04182613,0.006404823,0.02235299,0.02063163,0.01914058,0.01801941,0.01743411,0.01750322,0.01793362,0
206183_3408,48,56,3408,-0.0001897271,0.03872473,-0.01477865,0.001043475,-0.009724148,0.01183727,-0.0009284521,0.02124862,0.01986841,0.01874831,0.01805061,0.0179772,0.01845221,0.01923862,0
206183_3409,49,56,3409,0.01592957,0.01794215,-0.006439422,0.01699766,0.008624923,-0.03329807,0.01253244,0.02209539,0.02059427,0.01933216,0.01847353,0.01822175,0.01857318,0.01926587,0
206183_3410,50,56,3410,-0.03483495,-0.0292456,-0.01362953,-0.01757364,-0.01150304,0.01270226,0.006625231,0.02208321,0.02041551,0.01892733,0.01775299,0.01704918,0.01699677,0.01730735,0
206183_3411,51,56,3411,0.02548185,-0.00567759,0.02176367,0.02304462,0.006468875,-0.001887117,-0.01067935,0.02341222,0.0215699,0.01996475,0.01874304,0.01807766,0.01811301,0.01853522,0
206183_3412,52,56,3412,-0.0005215963,-0.01814282,-0.01080273,-0.004677754,-0.02138474,0.004452275,0.02264895,0.02218539,0.02050478,0.01905743,0.01798534,0.01745878,0.01757414,0.01804467,0
206183_3413,53,56,3413,0.01288734,-0.02388707,0.01734023,-0.005422996,-0.003271768,0.008715636,-0.01623283,0.02013356,0.01887903,0.01785903,0.01722675,0.0171733,0.01762591,0.01836739,0
206183_3414,54,56,3414,-0.05449523,-0.0111116,0.006808337,-0.02717519,-0.006250967,-0.002634364,-0.01021196,0.0237088,0.02182101,0.02019709,0.0189864,0.01836664,0.01845531,0.01893341,0
206183_3415,55,56,3415,-0.01705141,0.01574138,0.01880972,-0.0004492025,-0.02697625,-0.008042595,0.01324627,0.02160786,0.0201226,0.01881831,0.01784557,0.01738792,0.01753879,0.01803459,0
206183_3416,56,56,3416,0.03600432,-0.02442088,-0.009807331,-0.008423151,0.009692677,0.01538299,-0.02532502,0.02267427,0.02094401,0.01944835,0.01833314,0.01777286,0.01787549,0.01834522,0
206183_3417,57,56,3417,-0.002051967,-0.0005233297,0.006175274,-0.03675801,0.01220013,-0.007857553,0.02036041,0.02056886,0.01915202,0.01797599,0.01718369,0.0169508,0.01726566,0.01788662,0
206183_3418,58,56,3418,0.02445908,-0.003185838,0.006988763,-0.01112551,-0.003232297,0.02551777,0.01513511,0.02335437,0.02151575,0.01994518,0.0187916,0.01823325,0.01836403,0.01887363,0
206183_3419,59,56,3419,-0.01436259,0.0144424,0.01342114,-0.01106079,0.006721437,0.02563834,0.00761854,0.02213687,0.02058207,0.01927193,0.01836533,0.01805749,0.01836233,0.01901111,0
206183_3420,0,57,3420,0.03783984,0.00135038,0.02813236,-0.02858088,0.0003212357,0.01802003,0.006880318,0.02178834,0.02024009,0.01887726,0.01784611,0.01732308,0.01742287,0.01787338,0
206183_3421,1,57,3421,-0.01137497,0.01352234,-0.01656516,0.02495595,0.006207951,-0.01026568,-0.02424785,0.02241049,0.02073793,0.0192684,0.01814633,0.01754375,0.01759643,0.01801465,0
206183_3422,2,57,3422,-0.01153997,0.01808587,0.03604792,0.01725527,0.01965911,0.01628672,-0.01265629,0.02083543,0.01937427,0.01818836,0.01742186,0.01725189,0.01763057,0.01831392,0
206183_3423,3,57,3423,0.02852288,0.0494513,0.01712268,0.0159947,0.008056041,-0.02219112,-0.002810534,0.02121717,0.01970236,0.01841055,0.01748459,0.01709831,0.01730214,0.01783522,0
206183_3424,4,57,3424,-0.02018829,0.01615348,0.03517721,0.002655731,0.01579185,-0.003544016,0.01053073,0.02093484,0.01954581,0.0183829,0.01759947,0.01738534,0.01772841,0.01838673,0
206183_3425,5,57,3425,-0.006950095,-0.01143962,0.01085492,0.02096379,-0.007889491,-0.003817111,0.0333506,0.02248584,0.02077591,0.01924399,0.01802667,0.01728251,0.01720733,0.01750517,0
206183_3426,6,57,3426,-0.06026198,0.001476636,0.05223885,0.006634319,-0.02319721,0.001323271,-0.0116171,0.0223924,0.02070898,0.01925241,0.01816814,0.01763064,0.01774288,0.01821588,0
206183_3427,7,57,3427,-0.004660825,-0.002422101,0.004228209,-0.0404517,-0.02363942,-0.005473584,-0.006546979,0.02225648,0.02057897,0.01913539,0.01806982,0.01755537,0.01768386,0.01816855,0
206183_3428,8,57,3428,-0.001140182,-0.01053182,0.01420995,0.01114951,0.005291359,-0.01084126,-0.006806554,0.01969186,0.01848256,0.01750131,0.01689723,0.01685647,0.01730431,0.01803136,0
206183_3429,9,57,3429,0.003607213,0.04463871,-0.01346973,0.00666091,0.02011642,0.0007430031,-0.03659668,0.01990719,0.01862151,0.01751749,0.01673669,0.01645396,0.0166997,0.01724596,0
206183_3430,10,57,3430,0.001324471,0.03063087,0.005857015,0.02703238,0.004006842,0.01758494,0.03105551,0.02041443,0.01910215,0.01803979,0.01737994,0.01731225,0.01776274,0.01850694,0
206183_3431,11,57,3431,0.01616666,-0.006668007,-0.009955737,0.005754391,0.02256226,0.03128032,0.009760712,0.02100115,0.01955124,0.01834737,0.01753774,0.01730468,0.01763459,0.01827962,0
206183_3432,12,57,3432,-0.01032753,-0.0437247,0.0007996608,0.005996033,-0.03061962,0.01469466,0.006742179,0.01879649,0.01782985,0.01708562,0.01672107,0.01693584,0.01756784,0.01844768,0
206183_3433,13,57,3433,0.01822068,0.002940569,0.01416851,0.02545742,0.02166391,0.004609441,-0.01891781,0.02090142,0.01941799,0.01815908,0.01726507,0.01690705,0.01712467,0.0176632,0
206183_3434,14,57,3434,-0.001697222,0.007656016,0.03616412,0.004400614,-0.01481134,0.02213552,0.0213289,0.02299759,0.02125994,0.01979161,0.01874769,0.01831628,0.01854544,0.01914016,0
206183_3435,15,57,3435,-0.0240588,0.02405013,0.02538287,-0.001448476,0.001162936,0.009186569,0.01098042,0.02084586,0.01941528,0.01816697,0.01724297,0.01681628,0.01696844,0.01744739,0
206183_3436,16,57,3436,-0.02588245,-0.008043565,-0.01604293,-0.05901679,0.008694524,-0.008474781,0.01847497,0.02213337,0.02060104,0.01933599,0.01850108,0.01829733,0.01869239,0.01942384,0
206183_3437,17,57,3437,-0.009557571,0.002635513,0.004170013,0.002311202,-0.0278381,0.01112851,0.01802691,0.01974397,0.01854889,0.01753647,0.01685642,0.01669613,0.01704227,0.01768017,0
206183_3438,18,57,3438,0.06975944,0.005156654,0.04878007,0.008584092,-0.01931846,0.01439918,-0.01439071,0.0225548,0.02093016,0.01949975,0.01841671,0.01786574,0.0179681,0.01843831,0
206183_3439,19,57,3439,0.01449176,0.0315219,0.0008821396,0.02781762,-0.05235658,0.009672721,-0.003666367,0.02365151,0.02175434,0.02008943,0.01879955,0.01805127,0.01802036,0.01838461,0
206183_3440,20,57,3440,0.008985062,-0.02014124,-0.0135726,0.02279437,0.009458001,-0.003483528,0.004125039,0.02123246,0.01969935,0.01841556,0.01752377,0.01719804,0.01745648,0.01803895,0
206183_3441,21,57,3441,0.01242939,0.0104168,0.002973965,-0.006758927,0.004559398,0.02036187,0.01666705,0.02324807,0.02134135,0.01972101,0.01852566,0.01791961,0.01800651,0.01847004,0
206183_3442,22,57,3442,0.03383372,-0.0002361473,-0.02489145,0.001179211,0.007878059,-0.005743785,-0.01175743,0.02255545,0.02093497,0.01950538,0.01841997,0.01786357,0.01796075,0.01842625,0
206183_3443,23,57,3443,-0.001154382,0.009611164,0.03363937,-0.01688355,0.0008628579,0.02378744,-0.03698062,0.02208486,0.02045623,0.01903523,0.01796606,0.01742171,0.01751535,0.01796496,0
206183_3444,24,57,3444,-0.01466191,0.01839343,0.00333521,-0.02892063,-0.01334996,-0.002812679,0.0147233,0.02081208,0.01946223,0.01831557,0.01752623,0.01728541,0.01760007,0.01823119,0
206183_3445,25,57,3445,0.004718103,-0.005434944,0.01105891,-0.001592324,-0.0233667,0.01614161,0.008306455,0.01901513,0.01801661,0.01721283,0.01676209,0.01686593,0.01741272,0.01822176,0
206183_3446,26,57,3446,-0.008289842,0.04066624,-0.01495374,0.01048932,0.02079224,0.002776188,0.03301392,0.02145548,0.02002796,0.01876093,0.01780688,0.01735249,0.01749868,0.01798824,0
206183_3447,27,57,3447,0.02203244,0.01016084,-0.03252035,0.01182094,0.001771744,0.01429239,0.004689373,0.02291106,0.02121268,0.01976812,0.01873463,0.01830335,0.01852859,0.01911914,0
206183_3448,28,57,3448,0.01788856,-0.006980268,0.02161306,0.01156614,-0.001279647,-0.01000909,0.001660522,0.02090993,0.0195128,0.01830931,0.01744863,0.01711441,0.01735074,0.0179106,0
206183_3449,29,57,3449,0.01776031,0.03297715,-0.01894884,0.008129308,0.03953192,0.02521888,0.007417305,0.02156091,0.01999641,0.01866416,0.01770854,0.01730489,0.01750614,0.01804395,0
206183_3450,30,57,3450,0.01194027,0.01824839,0.0111799,-0.001366034,0.01704189,-0.02753255,-0.01707108,0.02075948,0.01935337,0.01814971,0.01729418,0.01696568,0.01720249,0.01775829,0
206183_3451,31,57,3451,-0.05371941,0.01312409,-0.02664682,0.02676774,0.01990775,-0.01658705,0.01347595,0.02127059,0.01984087,0.01862089,0.01776467,0.01746218,0.01773966,0.01834562,0
206183_3452,32,57,3452,0.02092068,-0.01299475,0.007471326,0.0004987234,0.02032129,-0.007644467,-0.007942817,0.02035018,0.01910143,0.01802483,0.01727491,0.01704486,0.0173509,0.01796636,0
206183_3453,33,57,3453,0.03803424,0.03220006,-0.00457048,-0.005545474,0.002676486,-0.009203215,0.01665671,0.02244137,0.02074913,0.01929294,0.01821907,0.01770337,0.01783733,0.01833142,0
206183_3454,34,57,3454,-0.009777256,0.01677246,0.001912001,0.0189434,-0.01346982,0.01268628,-0.0130872,0.02129177,0.0199275,0.01871967,0.01782531,0.01743876,0.01763875,0.01817661,0
206183_3455,35,57,3455,0.02750557,0.01948333,-0.001039261,0.009352408,0.008200286,-0.00079636,-0.004617854,0.02160439,0.02015592,0.01888753,0.01795463,0.01754812,0.01774379,0.01828259,0
206183_3456,36,57,3456,-0.006355648,-0.002832355,-0.002993381,0.007430809,0.02178426,0.008792982,-0.005779643,0.02137584,0.01986118,0.01856146,0.01762222,0.01722064,0.01741598,0.01794556,0
206183_3457,37,57,3457,0.0420841,0.002561481,0.0005397687,-0.003774927,-0.007802994,0.007205536,0.002580422,0.02073887,0.01946128,0.01838898,0.01768366,0.01754789,0.01795061,0.01866347,0
206183_3458,38,57,3458,0.02463103,0.0009698633,-0.01060913,0.01392829,0.005770068,0.03576387,0.00835398,0.02299941,0.02121461,0.01961622,0.01834227,0.01755195,0.01745406,0.01774112,0
206183_3459,39,57,3459,-0.01586135,-0.03292088,-0.02924247,0.004396098,-0.007547268,-0.01945042,-0.005848716,0.02130252,0.01988457,0.01867179,0.01782001,0.01752173,0.01780366,0.01841513,0
206183_3460,40,57,3460,-0.02968028,0.003475423,0.02836321,0.02571288,-0.004445043,0.0203812,0.02875527,0.02312195,0.02139794,0.01988587,0.01873942,0.01814275,0.01822616,0.0186899,0
206183_3461,41,57,3461,0.01470905,-0.01455936,-0.002759225,-0.002505799,-0.01298248,0.0129508,-0.02168062,0.02185462,0.02032267,0.01896354,0.01792542,0.01738719,0.01747424,0.01791508,0
206183_3462,42,57,3462,0.03267159,-0.01953556,0.0007461812,-0.00710431,-0.002981183,-0.01167116,0.01421895,0.02211689,0.02038093,0.01886963,0.0177145,0.01706999,0.01707788,0.01744435,0
206183_3463,43,57,3463,0.03357026,0.008512757,-0.007555817,-0.02320112,0.02230054,0.01806202,-0.006769747,0.01933709,0.01816824,0.01723762,0.01669164,0.01671311,0.01720106,0.01795576,0
206183_3464,44,57,3464,0.03811752,0.01966331,0.01864524,0.004358888,0.01058694,0.02064976,0.003023782,0.0200748,0.01887612,0.01791808,0.01735909,0.01739776,0.01792639,0.01873737,0
206183_3465,45,57,3465,0.00743117,0.03463853,0.01607176,0.0002967185,0.001696651,-0.01139859,-0.007748825,0.02067855,0.01937777,0.01830423,0.01761677,0.01751364,0.01794291,0.01867661,0
206183_3466,46,57,3466,-0.001287219,0.004653557,-0.02036946,0.01684038,-0.0117317,-0.001000807,-0.0004533467,0.0226291,0.02090093,0.01937974,0.01820715,0.01755039,0.01756282,0.017947,0
206183_3467,47,57,3467,-0.04166023,0.03019706,0.01549635,0.01949991,-0.005202165,0.0009176716,0.00241051,0.02252408,0.02087848,0.0194802,0.0184847,0.01808134,0.01831704,0.01890903,0
206183_3468,48,57,3468,-0.001806031,-0.0461138,0.01818249,-0.007784784,0.009439001,-0.003172241,-0.04379243,0.01920646,0.01805875,0.01714477,0.01661059,0.0166388,0.01712788,0.01788109,0
206183_3469,49,57,3469,-0.006705789,-0.009783781,0.01260657,0.005411771,-0.001995284,0.004727485,0.00950714,0.02136394,0.01991474,0.01867744,0.0178057,0.01748869,0.01775693,0.01835609,0
206183_3470,50,57,3470,0.03059624,-0.005170302,0.02161633,-0.02506953,0.009304753,-0.03251564,-0.009732563,0.01968688,0.0184971,0.01752838,0.01693185,0.01689661,0.01734893,0.01808108,0
206183_3471,51,57,3471,-0.008549332,0.01257893,0.01198836,0.01086538,0.02162242,-0.002309005,0.006351525,0.0230529,0.02132386,0.01982578,0.0187125,0.0181692,0.01829941,0.0188048,0
206183_3472,52,57,3472,-0.008725821,0.004337057,-0.02705722,0.0345533,-0.03696582,0.01019235,-0.006999639,0.02012222,0.01881745,0.01770921,0.01694238,0.01669627,0.01698216,0.01757015,0
206183_3473,53,57,3473,0.0209468,-0.01143955,0.01258085,0.02121896,0.03440613,-0.01966161,0.02160909,0.02388015,0.02199005,0.02035246,0.0191189,0.01846932,0.01853644,0.01899888,0
206183_3474,54,57,3474,0.02205508,0.007980811,-0.01416388,-0.01567872,-0.03994975,0.001532661,-0.01259061,0.02184605,0.0202539,0.01887089,0.01784136,0.01733932,0.01746224,0.01793421,0
206183_3475,55,57,3475,-0.009198487,0.002809196,0.04060955,0.008332145,0.02220166,0.01738886,-0.0057127,0.02052291,0.01923178,0.01813876,0.01739894,0.01720567,0.0175511,0.01820517,0
206183_3476,56,57,3476,-0.003240982,-0.01376904,-0.006528973,0.005344923,0.009022399,0.006692093,0.03386945,0.02117409,0.01972812,0.01847377,0.01755908,0.01716521,0.01735832,0.01788336,0
206183_3477,57,57,3477,0.005085149,0.02126852,-0.004563551,-0.01639323,-0.005918007,-0.01870273,-0.008169108,0.02213954,0.02059902,0.0192908,0.01837474,0.01804738,0.01833472,0.01896833,0
206183_3478,58,57,3478,0.006153342,0.01928062,0.002294654,0.01140007,0.003597017,-0.01971371,0.02797123,0.02236839,0.02082762,0.01947523,0.01847124,0.01801139,0.01818716,0.01872411,0
206183_3479,59,57,3479,0.03480604,-0.002002408,0.02610747,0.0289415,0.01591426,0.01139017,0.02268534,0.0222737,0.02064982,0.01921567,0.01811782,0.01753167,0.0175926,0.01801667,0
206183_3480,0,58,3480,0.05520142,0.002263615,-0.02056948,0.02694037,0.02441283,-0.00576662,0.0009629381,0.02318193,0.02140279,0.0198558,0.01869067,0.01808601,0.01816666,0.01862745,0
206183_3481,1,58,3481,-0.007216551,0.02951146,-0.02224009,-0.01634679,0.02860532,-0.003385585,-0.008322337,0.02387903,0.02200238,0.02036647,0.0191233,0.01845305,0.01850054,0.01894506,0
206183_3482,2,58,3482,-0.01853566,0.02344733,-0.01650008,-0.0205063,-0.01725716,0.04239734,0.006947054,0.02167494,0.02016535,0.01885817,0.01790469,0.01748963,0.01768236,0.01821781,0
206183_3483,3,58,3483,0.02361589,-0.0134574,-0.02255086,0.004357264,0.00852357,0.01216426,0.005450481,0.02170225,0.02016051,0.01882978,0.01785849,0.0174272,0.01760745,0.01813075,0
206183_3484,4,58,3484,0.06646409,0.004491621,0.01611615,-0.020759,-0.006807674,0.002200333,-0.003718151,0.02272101,0.02092346,0.0193292,0.0180709,0.01730137,0.01721522,0.01750624,0
206183_3485,5,58,3485,-0.009222985,0.0343225,-0.001800867,-0.02212467,0.02832958,0.05225927,-0.02785618,0.02107766,0.01961394,0.01834769,0.01742316,0.01701616,0.01719501,0.01770354,0
206183_3486,6,58,3486,0.01488076,-0.007513864,0.006287679,0.01821433,0.001537079,0.0199311,0.02306512,0.02156072,0.02003583,0.01874452,0.01783649,0.01749492,0.01775009,0.01833911,0
206183_3487,7,58,3487,0.0145474,-0.01032065,-0.004468465,-0.002343299,-0.02732231,-0.03468989,-0.005132851,0.02225432,0.02064654,0.01923413,0.01816633,0.01762284,0.01772166,0.01818131,0
206183_3488,8,58,3488,0.02016044,0.02548208,0.01006163,-0.02347491,0.02454171,0.01676315,-0.02262731,0.02078886,0.01947462,0.01836768,0.01762643,0.0174484,0.0178166,0.01849761,0
206183_3489,9,58,3489,-0.01636928,0.02504087,-0.0514322,-0.004326778,0.01355636,0.0135965,0.0008141949,0.02230345,0.02062697,0.01917165,0.01808132,0.01752813,0.01762291,0.01807759,0
206183_3490,10,58,3490,-0.03510937,0.00027773,0.007084458,0.009405313,0.01165969,0.01459495,0.01843576,0.02115365,0.01967351,0.01841374,0.01752021,0.0171713,0.01740523,0.01796574,0
206183_3491,11,58,3491,0.0180374,0.002027632,0.001404681,-0.01285703,0.005815363,0.01004714,-0.02648084,0.02058564,0.01924888,0.01808948,0.01725603,0.01693213,0.01716494,0.01771548,0
206183_3492,12,58,3492,-0.001996195,-0.01985631,0.00319536,0.01112095,0.006664949,0.01983285,-0.01733273,0.02063638,0.01930228,0.01821418,0.01752669,0.01743195,0.01786722,0.01860303,0
206183_3493,13,58,3493,0.002975789,0.0008701193,0.02748451,-0.0197791,-0.01174551,0.01253811,-0.005802659,0.0216157,0.02010482,0.01878367,0.01780058,0.01733583,0.01748167,0.01797199,0
206183_3494,14,58,3494,-0.009810453,0.006381272,-0.02606093,-0.009713576,-0.0284461,-0.02136953,0.01628259,0.02338053,0.02150139,0.01988594,0.0186775,0.01804583,0.01811272,0.01856224,0
206183_3495,15,58,3495,-0.02605213,-0.003495698,0.007242746,0.01949149,0.02280078,0.007358361,-0.01695637,0.02053574,0.0192132,0.0181485,0.01749567,0.01744614,0.0179163,0.01868093,0
206183_3496,16,58,3496,-0.06369071,0.01956449,-0.002627437,-0.03792666,-0.02920502,-0.02692217,0.01673864,0.02079615,0.01934345,0.01810704,0.01722847,0.0168806,0.01710285,0.01764415,0
206183_3497,17,58,3497,-0.01611177,0.005854988,0.01149953,0.0108644,-0.0305951,0.02643971,0.005053627,0.02309447,0.02146057,0.01996534,0.01876289,0.01803577,0.01799056,0.01833418,0
206183_3498,18,58,3498,-0.0193323,0.01056793,-0.01133825,0.004799614,0.02915505,0.01898614,-0.01078994,0.0210351,0.01961655,0.01839608,0.01752313,0.01718142,0.01741585,0.01797642,0
206183_3499,19,58,3499,-0.006627094,0.005637441,0.0314268,0.002989552,0.001156776,-0.01212978,-0.01584944,0.02103852,0.0195592,0.01829526,0.01738979,0.01701731,0.01722644,0.01776111,0
206183_3500,20,58,3500,-0.02162857,0.00411555,0.01270325,-0.005033791,0.02179449,-0.003496332,-0.02055353,0.02258869,0.02090047,0.01940844,0.01825763,0.01762021,0.01764712,0.01804517,0
206183_3501,21,58,3501,-0.01415722,-0.03867054,0.008473944,0.009740613,0.001162003,0.04450294,0.02512318,0.0217234,0.02024592,0.01895663,0.01801052,0.0175976,0.01779253,0.01833263,0
206183_3502,22,58,3502,0.008914342,-0.02503849,0.01880902,-0.002988837,0.001257943,-0.007306817,-0.006625984,0.02075401,0.01934539,0.01813989,0.01728284,0.01695257,0.01718771,0.0177417,0
206183_3503,23,58,3503,-0.0234475,-0.01259134,0.004965844,-0.01774069,0.01408834,0.01041647,0.004100577,0.01854876,0.01756663,0.01680031,0.01640049,0.01655781,0.01713279,0.01795361,0
206183_3504,24,58,3504,0.02336913,0.001983276,0.02475565,0.003834137,-0.003175408,0.001277491,0.01755332,0.02019484,0.01897505,0.01793063,0.01721687,0.01702847,0.01736546,0.01800638,0
206183_3505,25,58,3505,0.02643537,0.01441915,0.01792866,-0.03134744,-0.016729,0.009365664,-0.0346962,0.02295664,0.02124441,0.01973153,0.01856802,0.01793257,0.01797429,0.01839499,0
206183_3506,26,58,3506,0.008882097,0.03366814,-0.005482289,0.006833044,0.02866845,-0.01038294,0.02444726,0.02099078,0.01960232,0.01838685,0.01749405,0.01710796,0.01729982,0.01782116,0
206183_3507,27,58,3507,-6.60701e-05,0.01023543,-0.03050667,0.004354348,0.03419844,-0.002604659,-0.02173435,0.02082514,0.01951313,0.0184133,0.01768539,0.01752879,0.01791688,0.01861705,0
206183_3508,28,58,3508,-0.01685111,0.01796043,-0.01695015,0.02390305,0.02206607,0.0172781,-0.01294944,0.02266504,0.02107772,0.01971908,0.01875364,0.01838349,0.01865155,0.01927973,0
206183_3509,29,58,3509,0.007638848,-0.006922433,-0.01277055,-0.008307923,-0.01273728,-0.01555276,-0.008910799,0.02246883,0.0207841,0.01932902,0.01825084,0.01772657,0.01785334,0.0183418,0
206183_3510,30,58,3510,-0.01461309,0.02154533,0.03559056,-0.009599586,-0.01034157,0.02536244,-0.004760565,0.02076765,0.01939619,0.01821096,0.01736078,0.01702905,0.01726205,0.01781614,0
206183_3511,31,58,3511,0.01718112,0.007911101,-0.03162566,0.03403665,0.008668993,0.0183902,0.01596831,0.02129305,0.01981443,0.01859991,0.01780101,0.01760434,0.01797608,0.01866547,0
206183_3512,32,58,3512,-0.007438804,0.01888072,-0.01324352,0.001641933,0.02149047,-0.008070112,0.0330672,0.021345,0.01985896,0.01856474,0.01760856,0.0171684,0.0173268,0.0178226,0
206183_3513,33,58,3513,-0.002078801,0.008371109,0.004894838,0.01138645,0.007181015,-0.008482545,-0.02956106,0.02165638,0.0201046,0.01877128,0.01780327,0.01737904,0.01756453,0.01809101,0
206183_3514,34,58,3514,-0.009543642,0.0355844,-0.03121502,-0.005008583,-0.02013047,0.02780092,-0.004807979,0.0210726,0.01968775,0.0184912,0.01763661,0.01731383,0.01756527,0.01814402,0
206183_3515,35,58,3515,0.02785272,-0.02925149,0.02770175,-0.0167629,-0.010873,-0.003239573,0.03916401,0.0207429,0.01942532,0.0182714,0.01743392,0.01710238,0.01733265,0.01788591,0
206183_3516,36,58,3516,-0.005412551,0.004084238,0.01318626,0.02731498,-0.002344682,0.03778163,0.009347673,0.02163614,0.0200601,0.01869357,0.01767864,0.0171866,0.01731116,0.01777973,0
206183_3517,37,58,3517,-0.0008210439,-0.01041542,-0.01704494,-0.01698805,0.0006991351,0.0144294,-0.007844411,0.0206583,0.01922045,0.01804051,0.01726133,0.01705844,0.0174026,0.0180513,0
206183_3518,38,58,3518,0.0335894,-0.04459424,0.01275483,-0.007385602,0.01499197,-0.00924115,0.01063529,0.02104415,0.01964381,0.01847774,0.01770064,0.01750401,0.01786622,0.01854434,0
206183_3519,39,58,3519,0.009690691,-0.001191972,-0.01592449,0.01801718,0.0304797,0.008006938,0.03600356,0.02196871,0.02047132,0.01921105,0.01835005,0.01808859,0.01842723,0.01910494,0
206183_3520,40,58,3520,-0.001254453,-0.002090187,0.01413897,-0.001005947,0.003638641,-0.03623969,-0.008684934,0.02194492,0.02032728,0.01893681,0.01791845,0.01744725,0.01760233,0.01810573,0
206183_3521,41,58,3521,-0.06076873,0.0001804819,-0.03259773,-0.005431549,0.02525617,-0.03478626,0.05116887,0.01926012,0.01810878,0.01722735,0.01676162,0.01689337,0.01747017,0.01830171,0
206183_3522,42,58,3522,-0.03072438,0.02972459,-0.04623198,0.002881692,-0.01091718,-0.004669707,-0.01034369,0.02040584,0.01910967,0.01808809,0.01749528,0.01752293,0.01805343,0.01886926,0
206183_3523,43,58,3523,0.01251891,0.01103332,0.01497831,0.02268727,-0.002831245,0.004204473,0.004869086,0.022497,0.02086932,0.01947347,0.01846536,0.01803479,0.01824472,0.01881312,0
206183_3524,44,58,3524,-0.02917204,-0.01848645,0.0410201,0.004896893,-0.02351462,0.02442304,0.009340083,0.0212754,0.01993276,0.01877626,0.01796897,0.01771441,0.01803197,0.01867895,0
206183_3525,45,58,3525,0.004967876,-0.03448043,0.009460018,-0.007980718,0.003964965,-0.02893319,-0.002301554,0.02182801,0.02022708,0.01886609,0.01789092,0.01747858,0.01768201,0.01822747,0
206183_3526,46,58,3526,-0.0151581,0.03957758,0.01354412,-0.002338975,0.01301601,0.03043719,-0.0006589187,0.02094051,0.01965591,0.01862714,0.01802101,0.01804639,0.01859427,0.01944253,0
206183_3527,47,58,3527,-0.01768196,-0.008754795,0.007787644,0.01195643,0.02778775,0.002792396,0.008689431,0.02123423,0.01978336,0.01854605,0.01767314,0.01735001,0.01760861,0.01819529,0
206183_3528,48,58,3528,0.04181339,0.007585806,0.02015845,0.01419869,-0.006114502,0.03477383,0.02013545,0.01985983,0.01865243,0.01763956,0.01697264,0.01684119,0.0172167,0.01788382,0
206183_3529,49,58,3529,-0.02786944,-0.0182053,0.02193328,0.02598298,0.01882012,-0.002828325,-0.007003688,0.02208892,0.02056653,0.01926465,0.01834343,0.01799989,0.01827064,0.01888855,0
206183_3530,50,58,3530,-0.002069554,0.002415613,0.03374781,-0.003492423,-0.0003731147,-0.003567976,0.01055183,0.02095951,0.01957162,0.01839326,0.01757727,0.01731267,0.01761223,0.01823179,0
206183_3531,51,58,3531,0.008489615,-0.00487568,0.01228508,0.01001301,-0.01296185,0.03070196,-0.002084408,0.02219045,0.0205512,0.01910206,0.01798559,0.01737137,0.01740449,0.01779973,0
206183_3532,52,58,3532,-0.01865991,0.008491292,0.02563483,0.01337341,0.009938647,-0.0137269,-0.009164827,0.02093056,0.01962777,0.01852294,0.01777809,0.01759592,0.01796499,0.0186514,0
206183_3533,53,58,3533,0.02002541,0.02902906,0.02564024,-0.01523664,0.01222802,0.005974316,-0.01203997,0.02289922,0.02122113,0.01975008,0.01864083,0.01807971,0.01818638,0.01866771,0
206183_3534,54,58,3534,-0.0009773646,-0.02429018,-0.02781267,-0.007260766,-0.00572769,-0.009093901,0.04515271,0.0214286,0.02006731,0.01888802,0.01805414,0.01776932,0.01806552,0.01869621,0
206183_3535,55,58,3535,0.00425145,0.02910041,-0.0006082552,-0.04365552,0.02270873,-0.02145947,0.03059395,0.01913694,0.01802104,0.01713447,0.01662542,0.01667965,0.0171883,0.01795893,0
206183_3536,56,58,3536,0.000182611,-0.03304295,-0.02664099,0.001966157,-0.003860454,-0.002016423,-0.02077751,0.02112573,0.01969923,0.01843765,0.01748725,0.0170263,0.01715593,0.0176214,0
206183_3537,57,58,3537,0.005708153,0.03579321,0.001664944,0.009504769,0.01318635,-0.01794451,-0.03190132,0.02518174,0.02311089,0.02130681,0.01992526,0.01914884,0.01914983,0.01957797,0
206183_3538,58,58,3538,0.02819592,-0.05769547,-0.01212415,0.006633462,-0.02590711,0.004685448,-0.03864526,0.02221059,0.02061376,0.01919941,0.01811557,0.01753988,0.01760705,0.01803625,0
206183_3539,59,58,3539,-0.007113385,0.01824342,0.0002126468,-0.001536378,-0.01268649,0.00536503,-0.005115895,0.02281182,0.02113373,0.01966679,0.01856438,0.0180112,0.01812234,0.01860556,0
206183_3540,0,59,3540,-0.03203109,0.004509053,-0.006730008,-0.001250825,-0.0218517,-0.01501396,0.01738768,0.02159772,0.02018074,0.01897072,0.01812994,0.01785971,0.01817621,0.0188275,0
206183_3541,1,59,3541,-0.007034949,-0.004740755,0.02292263,0.03974132,-0.01232023,0.02043252,0.005427685,0.02033446,0.01894611,0.01775188,0.01689002,0.0165294,0.016723,0.01722833,0
206183_3542,2,59,3542,-0.02082075,0.0006356816,0.01512868,-0.01732556,0.04284402,0.01764565,0.02665682,0.02112369,0.01960198,0.01830207,0.01736374,0.01695661,0.01713899,0.01764952,0
206183_3543,3,59,3543,-0.0120023,-0.02486272,-0.001981184,0.003580348,0.0008876795,0.001645757,0.02066534,0.02253175,0.02080164,0.01930618,0.01818811,0.01761778,0.01770667,0.01815986,0
206183_3544,4,59,3544,0.02734716,0.01706392,-0.03239214,0.01372715,0.01734548,0.01856048,0.004598235,0.02116137,0.01975538,0.01857432,0.0177741,0.01754773,0.01788805,0.01854939,0
206183_3545,5,59,3545,0.04323082,-0.04075875,0.01395267,-0.01410079,0.003262206,-0.03756676,0.01218199,0.02061987,0.01932454,0.01824954,0.01755284,0.01743158,0.01784313,0.01855953,0
206183_3546,6,59,3546,0.01350882,-0.02123644,0.008383063,-0.01024378,-0.03035369,0.0114339,-0.01753187,0.02300055,0.02130693,0.01976956,0.01853492,0.01777427,0.01769838,0.01800878,0
206183_3547,7,59,3547,0.02204416,-0.01395068,-0.02238183,0.05241929,-0.01644637,0.001773692,0.01844647,0.02194853,0.02040725,0.01908331,0.0181311,0.01773943,0.01796326,0.01853339,0
206183_3548,8,59,3548,0.03577836,0.02607482,-0.03834438,0.001977076,-0.008414366,-0.01142938,-0.007546032,0.02104976,0.01966086,0.01847721,0.01765308,0.01737931,0.01767378,0.01829115,0
206183_3549,9,59,3549,-0.03381468,0.02006818,0.006334147,-0.02265111,0.01125966,-0.006401639,0.001870886,0.0234118,0.02156558,0.01997323,0.01878243,0.01816887,0.01825182,0.01871833,0
206183_3550,10,59,3550,0.02782162,-0.04592575,5.718079e-05,0.02932013,0.01277479,-0.02624951,0.02419899,0.02246922,0.02076268,0.01931409,0.01827038,0.01780894,0.01799305,0.0185335,0
206183_3551,11,59,3551,-0.01509765,0.01117726,-0.03876195,0.00695029,0.007371016,-0.0130209,0.004146733,0.02194162,0.02035355,0.01896835,0.01793226,0.01742164,0.01753962,0.01800967,0
206183_3552,12,59,3552,0.02565892,0.02285537,-0.02404747,1.083385e-05,0.01714362,-0.003690024,0.01016687,0.02163239,0.02010776,0.01874147,0.01767568,0.0170803,0.01710675,0.01748491,0
206183_3553,13,59,3553,-0.01435909,0.01896899,-0.03211126,-0.02207534,-0.03031217,0.01952666,-0.0230618,0.02250388,0.02093736,0.01959104,0.01862801,0.01824849,0.01850221,0.01911379,0
206183_3554,14,59,3554,-0.03475232,0.01267532,0.03714948,0.04040361,0.001211873,-0.01545986,-0.01726774,0.02219515,0.02055892,0.01914071,0.01808731,0.01757552,0.01770273,0.01818623,0
206183_3555,15,59,3555,0.0425315,0.01035623,0.01086298,0.03851799,-0.008494302,-0.005760019,0.01536774,0.02217534,0.02056571,0.01916907,0.01813491,0.01764399,0.01778836,0.01828831,0
206183_3556,16,59,3556,0.004567884,0.01444448,-0.01781879,-0.02635266,0.0008505238,-0.00514942,-0.01042255,0.02312503,0.02137711,0.01983618,0.01865188,0.01800195,0.01803752,0.01845563,0
206183_3557,17,59,3557,0.03104418,-0.01010222,0.04497076,-0.01111639,0.002601614,0.03411147,0.009400093,0.02266313,0.021027,0.01961622,0.01858844,0.01813549,0.01833103,0.01889029,0
206183_3558,18,59,3558,-0.0125588,0.001034264,0.02422164,0.01777594,-0.01957304,0.01283218,-0.04321649,0.02166635,0.02020168,0.01896179,0.01810573,0.01782999,0.01814519,0.01879481,0
206183_3559,19,59,3559,0.01832193,-0.01435361,-0.0222764,0.009000152,0.01939589,0.01024689,-0.01124836,0.02118869,0.01969542,0.01838167,0.01738777,0.0168829,0.01697753,0.01740951,0
206183_3560,20,59,3560,0.03246605,0.01450203,0.01216421,0.0141267,0.006102714,0.02408115,0.003071263,0.02133998,0.01989003,0.01863477,0.01772557,0.01734811,0.01756155,0.01810965,0
206183_3561,21,59,3561,0.005627751,0.03576317,-0.01438915,-0.0005912918,0.00990447,0.005103486,-0.007295035,0.0205467,0.01917012,0.01797564,0.01710628,0.01673738,0.01692995,0.01744057,0
206183_3562,22,59,3562,-0.003164273,-0.0005680766,-0.03493627,0.02718565,0.01015004,-0.005246026,-0.005299019,0.02112279,0.01964485,0.01838341,0.01748365,0.01712294,0.01734528,0.01789443,0
206183_3563,23,59,3563,0.06095626,-0.02521763,0.0002758383,0.0275469,-0.03077999,-0.01161436,0.007165174,0.02211861,0.02052239,0.01913148,0.01809508,0.01759354,0.01772585,0.01821361,0
206183_3564,24,59,3564,0.009053045,-0.001051278,-0.01730463,0.0113612,-0.009704374,0.01187215,-0.01989697,0.02173672,0.02019211,0.01885452,0.01787227,0.01742561,0.01759322,0.01810563,0
206183_3565,25,59,3565,0.005656969,0.01157811,0.03839002,-0.01293119,0.01139362,-0.007228364,0.0350251,0.02133504,0.01993085,0.01872639,0.01787943,0.01758529,0.01787152,0.01848849,0
206183_3566,26,59,3566,-0.00323528,-0.02374511,0.005937028,0.01462503,0.03371406,-0.009283185,-0.001868235,0.02208067,0.02053553,0.01923823,0.01834789,0.01806028,0.01838079,0.01904272,0
206183_3567,27,59,3567,-0.02025781,0.02494434,-0.003456642,-0.02570375,0.0203558,0.02728243,-0.002369642,0.02172772,0.02022228,0.01890398,0.01792396,0.01746637,0.01762207,0.01812474,0
206183_3568,28,59,3568,-0.008826031,0.03481057,-0.000264679,-0.01000903,-0.001417912,-0.01122969,-0.002696847,0.02173354,0.02026921,0.01897876,0.01801738,0.01757515,0.01774313,0.01825899,0
206183_3569,29,59,3569,0.005880809,-0.03012918,0.04504894,0.02087672,0.01316942,0.01224233,0.01790701,0.02276043,0.02110747,0.01963472,0.01849365,0.01786523,0.01790394,0.01831864,0
206183_3570,30,59,3570,0.04671235,0.06248741,0.03720799,0.01736667,0.01645076,0.04688845,-0.01752493,0.02261576,0.02100231,0.01957445,0.01848702,0.01792686,0.01802212,0.01848763,0
206183_3571,31,59,3571,-0.02480273,-0.006488352,-0.00898111,-0.0151266,0.001090007,0.004721254,0.03033321,0.02094197,0.01954918,0.0183419,0.0174697,0.01711664,0.01733694,0.01788311,0
206183_3572,32,59,3572,-0.009259748,0.02310749,-0.008250439,0.007741549,0.00718788,0.02029419,0.001676255,0.02101319,0.01953518,0.01829422,0.01743469,0.01713338,0.01740465,0.01799544,0
206183_3573,33,59,3573,-0.01727057,0.009274139,0.002213933,0.009617978,0.01014745,-0.005576737,-0.04776894,0.02118016,0.01972284,0.0184746,0.0175839,0.01723271,0.01746474,0.01802529,0
206183_3574,34,59,3574,-0.0006441272,-0.01110798,0.006392345,0.02654165,0.02153768,-0.01091199,-0.005230487,0.02208067,0.02041541,0.01898382,0.01792784,0.01741788,0.01754426,0.01802281,0
206183_3575,35,59,3575,0.01457729,-0.02528119,-0.01970075,-0.008640568,-0.02982887,0.002044458,-0.02182016,0.02139485,0.01985455,0.01856491,0.01767124,0.017351,0.01761986,0.01821596,0
206183_3576,36,59,3576,0.02792921,0.001050092,-0.006973517,-0.01242281,0.01188787,0.005389703,0.005912057,0.02237762,0.0207657,0.01938767,0.01839918,0.01799003,0.01821468,0.01879408,0
206183_3577,37,59,3577,-0.02430784,-0.04080145,0.01627222,0.01520784,0.01956046,-0.008800198,-0.009002105,0.02128348,0.01984371,0.01859156,0.01767775,0.01728712,0.01748646,0.01802044,0
206183_3578,38,59,3578,-0.01011429,-0.04005227,-0.001823727,-0.002453543,0.02000109,-0.007006412,0.001317519,0.02198255,0.02043714,0.01914061,0.01825005,0.01795847,0.01827222,0.01892526,0
206183_3579,39,59,3579,-0.03635867,0.05139604,0.008405453,0.01055212,0.003305777,0.01910069,0.01055184,0.02190003,0.02040949,0.01914965,0.01828164,0.01800441,0.01832671,0.01898802,0
206183_3580,40,59,3580,0.004701739,-0.01278162,0.0129607,-0.005039381,0.003176888,0.03451904,0.0365353,0.02197888,0.02040105,0.01896638,0.01781398,0.01710694,0.01704216,0.01734052,0
206183_3581,41,59,3581,0.004855172,0.004524476,0.01433919,-0.02583186,-0.02263161,0.01023941,-0.004591442,0.0235004,0.02177333,0.02023328,0.01903807,0.01837608,0.01841112,0.01883901,0
206183_3582,42,59,3582,0.05204744,0.01440619,0.02363109,-0.006838066,0.002142345,0.01177007,0.06316566,0.02191735,0.02044255,0.01919054,0.01832421,0.01804502,0.01836578,0.01902696,0
206183_3583,43,59,3583,-0.009546365,0.008907037,0.007302537,0.02743664,0.01101608,0.01145441,-0.004085155,0.02165475,0.02013666,0.01884052,0.01791801,0.01755473,0.01779353,0.01837046,0
206183_3584,44,59,3584,0.02092204,0.02932535,0.007542355,0.01375808,0.009050321,-0.006761332,-0.001451901,0.02221085,0.02055322,0.01910133,0.01799776,0.01741251,0.01747405,0.01789591,0
206183_3585,45,59,3585,-0.009231885,-0.03450029,-0.02878465,0.004243512,0.01436407,-0.01838704,-0.009211358,0.02129265,0.01971158,0.01834046,0.01731329,0.01679026,0.01687578,0.01729879,0
206183_3586,46,59,3586,-0.04002019,0.002817155,-0.008328259,0.05236336,0.01346143,-0.002467533,0.01836817,0.02364344,0.02180135,0.02023196,0.01909048,0.01856365,0.01873229,0.01928441,0
206183_3587,47,59,3587,-0.01642621,-0.024346,0.01165849,0.00413859,0.02939474,-0.002750705,0.0510657,0.02107826,0.01973104,0.01852851,0.01762385,0.01720607,0.0173698,0.01786884,0
206183_3588,48,59,3588,-0.005871992,0.005892275,-0.01483054,0.008370281,0.0003341762,0.008766504,0.04903942,0.02050071,0.01929441,0.01833064,0.01777581,0.01783918,0.01840376,0.01925895,0
206183_3589,49,59,3589,0.003913038,0.02218894,0.009084763,-0.01225336,-0.01711934,0.01057681,0.004482113,0.02046263,0.01916186,0.01803013,0.01721724,0.01690898,0.01715051,0.01770733,0
206183_3590,50,59,3590,0.01641772,-0.02287546,-0.006224058,-0.005065097,0.01320732,0.02537258,0.03082376,0.02161954,0.02011486,0.01882515,0.01790248,0.01753301,0.0177647,0.01833476,0
206183_3591,51,59,3591,0.009825382,-0.0119793,-0.01446014,0.01392688,-0.0232646,-0.001369035,0.03319692,0.02056881,0.01914913,0.01794436,0.01709543,0.01677488,0.0170129,0.01756394,0
206183_3592,52,59,3592,-0.01284471,0.01441992,0.01992761,0.009012309,0.03418428,0.002625624,-0.03647596,0.02120407,0.01961058,0.01822302,0.01717117,0.01660904,0.01665652,0.01704126,0
206183_3593,53,59,3593,0.01312088,0.001361504,0.02860116,0.002091203,0.001176392,-0.0005397428,-0.01408916,0.02061035,0.01924875,0.01807686,0.01724186,0.01692515,0.01716611,0.01772369,0
206183_3594,54,59,3594,0.01073654,-0.03517699,0.02614476,0.01097115,0.00843537,-0.003555545,9.898323e-05,0.02260585,0.02099494,0.0195585,0.01844979,0.01785305,0.01791396,0.01834698,0
206183_3595,55,59,3595,0.01123787,-0.02774905,0.01406247,-0.02216486,-0.01012604,0.009931979,-0.01333236,0.02162071,0.02009582,0.01877645,0.01781097,0.01738001,0.01755725,0.01807629,0
206183_3596,56,59,3596,0.03424205,0.005015352,0.002696046,0.003564425,-0.03048386,0.01314018,-0.009428069,0.02319958,0.02134367,0.01975409,0.01857372,0.0179724,0.01806001,0.01852488,0
206183_3597,57,59,3597,-0.01266911,0.0003089525,0.01922473,0.01759501,-0.01014533,-0.0007860478,0.0102394,0.02040925,0.01909642,0.01798119,0.01721352,0.01697946,0.01728573,0.01789988,0
206183_3598,58,59,3598,-0.01024021,-0.0135593,0.01255902,0.001856951,0.00734921,-0.0171839,0.02088807,0.02045346,0.01910435,0.01799817,0.01728384,0.01714571,0.0175376,0.01822835,0
206183_3599,59,59,3599,-0.009778107,-0.01066349,0.005107742,-0.03692911,-0.0004754614,0.01769742,0.03226936,0.02215147,0.02060381,0.01927426,0.01832072,0.01793671,0.01817424,0.0187622,0
