ID,x,y,pixel_index,logmass,log_ssfr,dust2,gas_logz,logSFRratio0,e_logmass,e_log_ssfr,e_dust2,e_gas_logz
toy_0684,24,11,684,6.252901,-9.911601,0.165246,-0.437731,-0.199971,0.070639,0.117968,0.059629,0.061277
toy_0685,25,11,685,6.291092,-9.946142,0.197522,-0.486456,-0.315673,0.078093,0.133043,0.052805,0.069287
toy_0686,26,11,686,6.205397,-9.916165,0.239213,-0.459353,-0.182581,0.066091,0.105537,0.058198,0.067972
toy_0687,27,11,687,6.261727,-10.015366,0.215793,-0.449297,-0.260647,0.067320,0.134953,0.065605,0.076526
toy_0688,28,11,688,6.129602,-9.943818,0.193762,-0.481413,-0.250836,0.077950,0.104673,0.053117,0.064492
toy_0689,29,11,689,6.233851,-9.948841,0.260220,-0.454512,-0.312809,0.069786,0.136634,0.063880,0.069595
toy_0739,19,12,739,6.275252,-10.003389,0.206787,-0.494055,-0.204837,0.060462,0.115215,0.053783,0.079070
toy_0740,20,12,740,6.231221,-10.000751,0.124209,-0.451133,-0.245166,0.063157,0.122597,0.059403,0.070882
toy_0741,21,12,741,6.329317,-9.932584,0.225676,-0.434674,-0.325792,0.075925,0.107627,0.055460,0.065606
toy_0742,22,12,742,6.192359,-9.946354,0.241963,-0.494270,-0.314088,0.075944,0.137731,0.053924,0.065980
toy_0743,23,12,743,6.207478,-9.978569,0.210126,-0.459794,-0.188536,0.079364,0.139635,0.062543,0.072722
toy_0744,24,12,744,6.163125,-9.966112,0.266965,-0.457932,-0.255211,0.061759,0.119876,0.052351,0.077167
toy_0745,25,12,745,6.258921,-9.999549,0.219484,-0.410288,-0.294945,0.078023,0.129485,0.057894,0.062855
toy_0746,26,12,746,6.253824,-9.959795,0.136663,-0.445038,-0.183715,0.079032,0.139708,0.063269,0.065016
toy_0747,27,12,747,6.209137,-10.016427,0.207576,-0.476751,-0.094070,0.068128,0.114321,0.067877,0.063310
toy_0748,28,12,748,6.257792,-9.924029,0.207829,-0.457818,-0.200577,0.078716,0.100498,0.053541,0.066907
toy_0749,29,12,749,6.313433,-9.940337,0.222238,-0.458101,-0.233387,0.069400,0.115088,0.059210,0.077440
toy_0750,30,12,750,6.215980,-9.880444,0.259762,-0.469451,-0.197758,0.078934,0.111690,0.055109,0.061580
toy_0751,31,12,751,6.186375,-9.938077,0.217853,-0.414631,-0.282525,0.068938,0.116270,0.059883,0.069023
toy_0752,32,12,752,6.229205,-9.874016,0.228488,-0.450217,-0.252626,0.062551,0.137887,0.068619,0.069508
toy_0753,33,12,753,6.276549,-10.003754,0.183149,-0.413103,-0.329204,0.066864,0.107470,0.053826,0.072177
toy_0754,34,12,754,6.233317,-9.906234,0.189683,-0.478311,-0.186541,0.073493,0.130040,0.055983,0.061762
toy_0797,17,13,797,6.175273,-10.029175,0.209194,-0.478067,-0.319697,0.069044,0.124085,0.064448,0.061536
toy_0798,18,13,798,6.217048,-9.988257,0.121614,-0.441523,-0.292765,0.075181,0.116173,0.061318,0.061787
toy_0799,19,13,799,6.173744,-9.964544,0.215321,-0.484151,-0.284679,0.070624,0.114806,0.068600,0.062925
toy_0800,20,13,800,6.130224,-9.952150,0.166157,-0.432599,-0.316095,0.076067,0.132687,0.053012,0.075557
toy_0801,21,13,801,6.271280,-10.033656,0.238915,-0.441521,-0.117923,0.067288,0.127960,0.057696,0.060469
toy_0802,22,13,802,6.216368,-9.978884,0.190638,-0.405085,-0.133551,0.064768,0.131143,0.061125,0.072307
toy_0803,23,13,803,6.265011,-10.045892,0.213631,-0.404137,-0.252508,0.060214,0.109249,0.068682,0.065955
toy_0804,24,13,804,6.255176,-9.963441,0.260777,-0.394006,-0.217517,0.067516,0.127281,0.062029,0.072815
toy_0805,25,13,805,6.234969,-9.956813,0.261143,-0.493329,-0.283415,0.075595,0.139360,0.069032,0.074108
toy_0806,26,13,806,6.318818,-10.062679,0.198940,-0.391528,-0.231134,0.062400,0.123812,0.057631,0.062055
toy_0807,27,13,807,6.256874,-9.991104,0.214127,-0.414194,-0.259772,0.079215,0.138591,0.062573,0.072154
toy_0808,28,13,808,6.250623,-10.028493,0.231578,-0.423340,-0.373933,0.064058,0.129507,0.059489,0.077536
toy_0809,29,13,809,6.267140,-9.981727,0.252453,-0.412779,-0.322719,0.066719,0.133361,0.068165,0.065930
toy_0810,30,13,810,6.248256,-9.963166,0.255254,-0.423018,-0.223456,0.077560,0.129965,0.056487,0.064384
toy_0811,31,13,811,6.241666,-9.876155,0.152670,-0.423905,-0.235068,0.072337,0.139744,0.054386,0.069610
toy_0812,32,13,812,6.268611,-9.958660,0.220167,-0.450646,-0.194996,0.078090,0.108302,0.065781,0.073234
toy_0813,33,13,813,6.273892,-9.908656,0.233831,-0.455296,-0.392288,0.075195,0.129731,0.051368,0.065589
toy_0814,34,13,814,6.252399,-9.898559,0.087553,-0.527824,-0.280053,0.068641,0.130551,0.069355,0.060276
toy_0815,35,13,815,6.243416,-10.109223,0.216477,-0.475575,-0.222407,0.063950,0.134541,0.054053,0.071702
toy_0816,36,13,816,6.271723,-9.951378,0.148351,-0.406073,-0.269008,0.069532,0.129646,0.069896,0.062109
toy_0817,37,13,817,6.182208,-9.969182,0.275212,-0.462685,-0.148217,0.061329,0.120910,0.066255,0.071421
toy_0855,15,14,855,6.251922,-9.929692,0.179916,-0.450586,-0.337097,0.061203,0.136163,0.068836,0.063089
toy_0856,16,14,856,6.133065,-10.003877,0.205584,-0.459926,-0.325265,0.069092,0.108445,0.050485,0.075562
toy_0857,17,14,857,6.296375,-9.917610,0.216877,-0.448380,-0.167554,0.068982,0.137554,0.062882,0.070145
toy_0858,18,14,858,6.217050,-9.932444,0.156695,-0.389224,-0.180045,0.064935,0.126381,0.050356,0.065855
toy_0859,19,14,859,6.136235,-9.967326,0.159461,-0.435326,-0.271535,0.064166,0.137026,0.052124,0.073478
toy_0860,20,14,860,6.239232,-9.890358,0.198801,-0.434267,-0.221500,0.063774,0.131092,0.058847,0.065188
toy_0861,21,14,861,6.224838,-9.894676,0.138384,-0.399567,-0.099265,0.078086,0.111240,0.058879,0.067227
toy_0862,22,14,862,6.294840,-9.929929,0.238367,-0.410774,-0.258810,0.071907,0.126411,0.058894,0.072255
toy_0863,23,14,863,6.206641,-9.877582,0.229507,-0.445343,-0.240665,0.065953,0.101851,0.061980,0.073723
toy_0864,24,14,864,6.234013,-9.972169,0.231454,-0.397627,-0.090247,0.073777,0.113385,0.050462,0.070240
toy_0865,25,14,865,6.300166,-9.904018,0.230349,-0.425348,-0.187036,0.065297,0.100023,0.058494,0.066926
toy_0866,26,14,866,6.355167,-9.828690,0.215479,-0.436081,-0.200989,0.067364,0.105526,0.062551,0.065541
toy_0867,27,14,867,6.278567,-10.040293,0.251026,-0.426967,-0.276102,0.063569,0.104703,0.051760,0.071586
toy_0868,28,14,868,6.247375,-9.863358,0.223984,-0.409490,-0.230630,0.063570,0.139634,0.068996,0.075676
toy_0869,29,14,869,6.237135,-9.858636,0.219272,-0.406427,-0.299079,0.073889,0.105402,0.056960,0.066502
toy_0870,30,14,870,6.264035,-10.021412,0.267613,-0.425165,-0.123331,0.076308,0.124590,0.060554,0.076036
toy_0871,31,14,871,6.233945,-9.887344,0.194638,-0.448788,-0.414932,0.063756,0.112880,0.054028,0.061746
toy_0872,32,14,872,6.283416,-9.943992,0.192934,-0.422990,-0.166386,0.063753,0.137310,0.050033,0.065352
toy_0873,33,14,873,6.195369,-9.999054,0.263797,-0.403586,-0.219868,0.071593,0.106113,0.054276,0.072811
toy_0874,34,14,874,6.159914,-9.952293,0.220129,-0.378318,-0.429274,0.065331,0.101037,0.060323,0.078626
toy_0875,35,14,875,6.277708,-9.909350,0.217948,-0.438326,-0.144693,0.061100,0.138368,0.053682,0.072909
toy_0876,36,14,876,6.286762,-9.902084,0.166757,-0.473250,-0.310121,0.079274,0.112717,0.058146,0.073395
toy_0877,37,14,877,6.274064,-9.950805,0.179765,-0.411429,-0.190139,0.072427,0.121369,0.053628,0.072368
toy_0878,38,14,878,6.270235,-9.919030,0.203340,-0.419835,-0.267594,0.060867,0.108567,0.064982,0.065244
toy_0879,39,14,879,6.312334,-9.964771,0.208608,-0.478488,-0.281589,0.065348,0.137654,0.061824,0.065542
toy_0913,13,15,913,6.232092,-9.874815,0.212629,-0.468518,-0.298535,0.063252,0.104903,0.050665,0.067833
toy_0914,14,15,914,6.142506,-10.040385,0.260521,-0.418821,-0.290150,0.079432,0.117059,0.068719,0.065399
toy_0915,15,15,915,6.328799,-9.984115,0.196665,-0.441456,-0.239476,0.061298,0.104404,0.054380,0.073062
toy_0916,16,15,916,6.253765,-9.968721,0.195125,-0.441861,-0.285729,0.076847,0.120767,0.061526,0.060388
toy_0917,17,15,917,6.205283,-9.983186,0.203170,-0.407497,-0.389522,0.067589,0.102250,0.058655,0.063068
toy_0918,18,15,918,6.208705,-9.930024,0.226289,-0.387394,-0.235409,0.063071,0.137701,0.065428,0.079028
toy_0919,19,15,919,6.217865,-9.851973,0.205193,-0.413143,-0.115773,0.064363,0.105626,0.060669,0.061998
toy_0920,20,15,920,6.252429,-10.033738,0.232961,-0.425090,-0.308921,0.070396,0.123818,0.064669,0.071691
toy_0921,21,15,921,6.257840,-10.010173,0.207360,-0.442328,-0.158909,0.071630,0.115076,0.064528,0.079724
toy_0922,22,15,922,6.185096,-9.893388,0.134478,-0.381213,-0.180797,0.061524,0.136533,0.063642,0.070787
toy_0923,23,15,923,6.191064,-9.861356,0.226138,-0.382601,-0.375762,0.075749,0.122574,0.064503,0.071896
toy_0924,24,15,924,6.258452,-9.919361,0.248690,-0.424533,-0.348713,0.071681,0.134896,0.066171,0.078303
toy_0925,25,15,925,6.239985,-9.918596,0.190346,-0.399515,-0.326452,0.075879,0.122217,0.052929,0.060978
toy_0926,26,15,926,6.296977,-9.854210,0.254137,-0.418079,-0.192608,0.061431,0.100622,0.065054,0.071107
toy_0927,27,15,927,6.198498,-9.896179,0.213500,-0.356386,-0.275173,0.067597,0.125994,0.056646,0.074675
toy_0928,28,15,928,6.239496,-10.008876,0.250477,-0.417438,-0.241310,0.068177,0.127761,0.065942,0.077721
toy_0929,29,15,929,6.282967,-9.933236,0.222526,-0.400137,-0.327514,0.069020,0.128598,0.054496,0.076651
toy_0930,30,15,930,6.255090,-10.000835,0.194501,-0.420046,-0.287457,0.071373,0.126008,0.054395,0.074405
toy_0931,31,15,931,6.233321,-10.015779,0.240233,-0.414289,-0.301445,0.063484,0.116524,0.062534,0.069474
toy_0932,32,15,932,6.240313,-10.007746,0.231356,-0.408628,-0.243792,0.071357,0.128620,0.057022,0.062767
toy_0933,33,15,933,6.257131,-10.008232,0.227392,-0.432181,-0.297332,0.064414,0.123186,0.054631,0.066589
toy_0934,34,15,934,6.282379,-9.979774,0.226207,-0.354366,-0.238931,0.068744,0.109259,0.054504,0.061509
toy_0935,35,15,935,6.232831,-9.891981,0.235978,-0.399501,-0.306508,0.067020,0.116752,0.069189,0.061400
toy_0936,36,15,936,6.245660,-10.006197,0.251189,-0.431218,-0.392343,0.067886,0.107878,0.054458,0.062461
toy_0937,37,15,937,6.248510,-9.988040,0.172231,-0.441700,-0.344509,0.063807,0.109093,0.062097,0.060666
toy_0938,38,15,938,6.278712,-9.963748,0.250486,-0.468567,-0.225205,0.066286,0.103714,0.067442,0.065414
toy_0939,39,15,939,6.204439,-9.955858,0.236632,-0.463248,-0.248628,0.068522,0.104415,0.066825,0.064639
toy_0940,40,15,940,6.173339,-9.813957,0.154236,-0.489175,-0.189883,0.075024,0.137606,0.059196,0.066911
toy_0941,41,15,941,6.215868,-9.907732,0.242709,-0.382169,-0.260963,0.069293,0.128577,0.066436,0.063326
toy_0972,12,16,972,6.182816,-9.861521,0.200512,-0.431464,-0.299329,0.079122,0.123661,0.063063,0.066955
toy_0973,13,16,973,6.220480,-9.886561,0.243846,-0.446884,-0.160764,0.066997,0.115343,0.060471,0.060631
toy_0974,14,16,974,6.227152,-10.021197,0.180540,-0.460747,-0.372154,0.075698,0.127865,0.067710,0.062990
toy_0975,15,16,975,6.194083,-9.978362,0.199897,-0.510010,-0.236610,0.073656,0.128461,0.063685,0.068959
toy_0976,16,16,976,6.243410,-9.893525,0.204663,-0.440758,-0.172068,0.065211,0.114025,0.055565,0.063825
toy_0977,17,16,977,6.215383,-9.908062,0.233360,-0.399459,-0.183140,0.065700,0.105236,0.069197,0.062594
toy_0978,18,16,978,6.364964,-9.987889,0.189663,-0.416547,-0.301938,0.067148,0.109814,0.064548,0.060384
toy_0979,19,16,979,6.302281,-9.961548,0.250566,-0.392100,-0.318967,0.069758,0.126375,0.063510,0.076221
toy_0980,20,16,980,6.246593,-10.074250,0.208737,-0.412278,-0.191802,0.063210,0.122758,0.062686,0.069919
toy_0981,21,16,981,6.335247,-9.912538,0.225131,-0.428227,-0.285652,0.076727,0.115953,0.052466,0.066173
toy_0982,22,16,982,6.318153,-9.921303,0.284114,-0.387125,-0.125820,0.078193,0.114609,0.064416,0.077086
toy_0983,23,16,983,6.343844,-9.873379,0.217743,-0.385007,-0.224414,0.076457,0.109948,0.053941,0.070703
toy_0984,24,16,984,6.289895,-10.011940,0.235416,-0.390594,-0.217031,0.076428,0.115827,0.053791,0.067267
toy_0985,25,16,985,6.212883,-10.055302,0.287866,-0.399827,-0.279017,0.068006,0.135917,0.053322,0.070524
toy_0986,26,16,986,6.252678,-10.017904,0.265492,-0.381779,-0.210986,0.073318,0.119390,0.057723,0.069072
toy_0987,27,16,987,6.298854,-9.899120,0.228845,-0.395073,-0.282756,0.063935,0.101254,0.063172,0.077502
toy_0988,28,16,988,6.264451,-10.049418,0.241990,-0.363119,-0.121977,0.074367,0.103665,0.066704,0.069908
toy_0989,29,16,989,6.309360,-10.124086,0.254967,-0.402998,-0.297998,0.066849,0.131203,0.052586,0.062380
toy_0990,30,16,990,6.185376,-9.992844,0.250458,-0.358716,-0.386138,0.060770,0.139104,0.063409,0.072703
toy_0991,31,16,991,6.348831,-9.905740,0.243741,-0.376955,-0.267444,0.061893,0.116266,0.069582,0.073917
toy_0992,32,16,992,6.259114,-9.977732,0.229760,-0.386144,-0.272939,0.066805,0.137539,0.060828,0.076647
toy_0993,33,16,993,6.309623,-9.984345,0.219252,-0.422543,-0.175796,0.062621,0.106911,0.069036,0.072699
toy_0994,34,16,994,6.244986,-9.943758,0.290080,-0.382352,-0.167793,0.072596,0.136494,0.066016,0.066883
toy_0995,35,16,995,6.179213,-9.943799,0.255733,-0.443362,-0.193188,0.069297,0.130082,0.051936,0.076195
toy_0996,36,16,996,6.193155,-9.974822,0.208776,-0.436894,-0.208232,0.076074,0.135217,0.056699,0.071433
toy_0997,37,16,997,6.315915,-9.953287,0.236547,-0.431754,-0.315680,0.069007,0.112685,0.064850,0.064648
toy_0998,38,16,998,6.235361,-9.906353,0.156795,-0.458155,-0.201469,0.078402,0.101837,0.051130,0.072766
toy_0999,39,16,999,6.226804,-10.091713,0.206761,-0.409803,-0.284579,0.061360,0.137979,0.066124,0.077763
toy_1000,40,16,1000,6.221153,-10.087141,0.107188,-0.409166,-0.260434,0.069575,0.130670,0.064245,0.066188
toy_1001,41,16,1001,6.340218,-9.923954,0.220647,-0.435977,-0.306557,0.078575,0.114424,0.059697,0.075404
toy_1002,42,16,1002,6.232384,-9.883543,0.200176,-0.414643,-0.251091,0.063228,0.111161,0.067289,0.062594
toy_1031,11,17,1031,6.306719,-9.966185,0.222260,-0.414686,-0.269075,0.067192,0.114379,0.067877,0.065325
toy_1032,12,17,1032,6.290444,-10.024182,0.206445,-0.461667,-0.260375,0.076841,0.107258,0.060451,0.067895
toy_1033,13,17,1033,6.235503,-10.063058,0.266244,-0.422227,-0.286038,0.078426,0.132391,0.060095,0.074088
toy_1034,14,17,1034,6.196969,-10.000068,0.226295,-0.436851,-0.125636,0.067339,0.107550,0.063243,0.072955
toy_1035,15,17,1035,6.218003,-9.810780,0.248048,-0.439478,-0.266364,0.060038,0.123434,0.061983,0.076393
toy_1036,16,17,1036,6.261032,-9.937193,0.257584,-0.436971,-0.300535,0.071108,0.121227,0.068722,0.063944
toy_1037,17,17,1037,6.246540,-9.905242,0.193947,-0.354336,-0.303579,0.078581,0.134695,0.054380,0.079902
toy_1038,18,17,1038,6.298767,-10.012578,0.270961,-0.384528,-0.303863,0.074473,0.114838,0.063332,0.072889
toy_1039,19,17,1039,6.327333,-9.916357,0.236046,-0.404626,-0.304687,0.076446,0.100916,0.054609,0.076856
toy_1040,20,17,1040,6.265545,-9.985302,0.222346,-0.348623,-0.217279,0.079609,0.127857,0.059602,0.060099
toy_1041,21,17,1041,6.259932,-9.994126,0.258185,-0.377879,-0.235939,0.065311,0.119231,0.051177,0.076336
toy_1042,22,17,1042,6.307724,-9.882031,0.222253,-0.395115,-0.379002,0.066371,0.121502,0.056939,0.066624
toy_1043,23,17,1043,6.256396,-10.036922,0.309098,-0.368599,-0.304314,0.078321,0.109946,0.065976,0.060591
toy_1044,24,17,1044,6.249174,-9.960290,0.321249,-0.322260,-0.306587,0.079255,0.135657,0.055857,0.064830
toy_1045,25,17,1045,6.321190,-9.959753,0.206224,-0.375574,-0.328122,0.070699,0.133346,0.059608,0.078784
toy_1046,26,17,1046,6.242806,-9.921081,0.261902,-0.366046,-0.239849,0.075076,0.113029,0.065395,0.072970
toy_1047,27,17,1047,6.262657,-9.992950,0.259352,-0.384826,-0.215035,0.079603,0.136461,0.061706,0.067756
toy_1048,28,17,1048,6.254384,-9.889496,0.226496,-0.364656,-0.313751,0.067385,0.108759,0.061782,0.066595
toy_1049,29,17,1049,6.258682,-10.046083,0.256722,-0.351371,-0.261166,0.072609,0.133475,0.052889,0.063771
toy_1050,30,17,1050,6.253678,-9.882418,0.258527,-0.379313,-0.267182,0.078422,0.110171,0.057120,0.072658
toy_1051,31,17,1051,6.302395,-9.929927,0.267019,-0.327419,-0.129919,0.066050,0.121008,0.065856,0.062957
toy_1052,32,17,1052,6.301196,-9.957041,0.295865,-0.428024,-0.297307,0.061834,0.105608,0.067042,0.075100
toy_1053,33,17,1053,6.289241,-9.941030,0.300400,-0.403723,-0.178220,0.077739,0.100178,0.056455,0.075635
toy_1054,34,17,1054,6.247352,-9.930267,0.257635,-0.436193,-0.220979,0.069377,0.137771,0.060317,0.067917
toy_1055,35,17,1055,6.271979,-9.904067,0.211976,-0.384671,-0.095861,0.076379,0.113798,0.059109,0.072891
toy_1056,36,17,1056,6.262313,-9.851288,0.214547,-0.370146,-0.187358,0.074262,0.136540,0.053662,0.072669
toy_1057,37,17,1057,6.229148,-10.059834,0.239308,-0.407618,-0.307632,0.078612,0.137141,0.064270,0.079165
toy_1058,38,17,1058,6.317211,-10.010337,0.176261,-0.349938,-0.180062,0.073495,0.116805,0.050765,0.073849
toy_1059,39,17,1059,6.210984,-9.893161,0.257303,-0.379940,-0.233325,0.067054,0.125982,0.063904,0.065506
toy_1060,40,17,1060,6.262541,-9.989596,0.256829,-0.434660,-0.197663,0.067525,0.138844,0.053797,0.077820
toy_1061,41,17,1061,6.206266,-9.995901,0.210412,-0.464088,-0.272702,0.077433,0.113085,0.061494,0.060621
toy_1062,42,17,1062,6.213346,-9.860942,0.160368,-0.467216,-0.359467,0.060004,0.137293,0.066261,0.072665
toy_1063,43,17,1063,6.263093,-9.933708,0.222804,-0.449855,-0.119690,0.070137,0.106135,0.055714,0.066018
toy_1064,44,17,1064,6.265640,-9.967474,0.196625,-0.421767,-0.224811,0.065064,0.129521,0.054673,0.078630
toy_1090,10,18,1090,6.275117,-9.984435,0.266110,-0.429970,-0.211292,0.075450,0.100142,0.060211,0.079509
toy_1091,11,18,1091,6.215425,-9.885398,0.199555,-0.464188,-0.211180,0.068126,0.124919,0.069574,0.072924
toy_1092,12,18,1092,6.147720,-9.893613,0.194249,-0.453011,-0.224240,0.078119,0.121913,0.062016,0.063905
toy_1093,13,18,1093,6.187324,-9.917456,0.239578,-0.435108,-0.317709,0.076368,0.130767,0.066648,0.078083
toy_1094,14,18,1094,6.235064,-9.978532,0.207784,-0.449932,-0.314223,0.075423,0.128043,0.069632,0.070859
toy_1095,15,18,1095,6.230248,-9.962984,0.174929,-0.474179,-0.310240,0.070710,0.126452,0.068353,0.063634
toy_1096,16,18,1096,6.280636,-10.023102,0.221435,-0.419673,-0.198725,0.065000,0.119960,0.067098,0.069085
toy_1097,17,18,1097,6.283496,-9.994689,0.160768,-0.382739,-0.187989,0.066938,0.122006,0.057969,0.070717
toy_1098,18,18,1098,6.263919,-10.030435,0.157703,-0.370450,-0.270379,0.068961,0.139713,0.062335,0.076526
toy_1099,19,18,1099,6.286660,-9.983303,0.270814,-0.400342,-0.099864,0.074350,0.121398,0.062472,0.066415
toy_1100,20,18,1100,6.282186,-9.910621,0.222709,-0.349060,-0.230379,0.079189,0.115288,0.050727,0.065126
toy_1101,21,18,1101,6.364894,-9.991090,0.262549,-0.383190,-0.373041,0.079640,0.121115,0.068173,0.076865
toy_1102,22,18,1102,6.313877,-9.886231,0.228954,-0.383350,-0.295650,0.073622,0.120425,0.069252,0.078042
toy_1103,23,18,1103,6.317127,-9.933063,0.281594,-0.376761,-0.277180,0.068797,0.102752,0.060864,0.061430
toy_1104,24,18,1104,6.378144,-9.964694,0.315154,-0.396075,-0.332420,0.065365,0.119120,0.064628,0.066428
toy_1105,25,18,1105,6.379758,-9.957547,0.250517,-0.335593,-0.127328,0.072312,0.131190,0.067901,0.068182
toy_1106,26,18,1106,6.308705,-9.973008,0.292912,-0.360194,-0.143810,0.065703,0.117849,0.060396,0.064114
toy_1107,27,18,1107,6.300740,-10.077129,0.268767,-0.309459,-0.304610,0.065607,0.137281,0.056048,0.060219
toy_1108,28,18,1108,6.389504,-9.983289,0.197647,-0.328686,-0.372136,0.067518,0.128990,0.069358,0.071240
toy_1109,29,18,1109,6.449933,-9.921304,0.295513,-0.357421,-0.253120,0.075004,0.101729,0.063156,0.079490
toy_1110,30,18,1110,6.420895,-9.889279,0.246561,-0.334999,-0.272408,0.060342,0.129789,0.068468,0.062252
toy_1111,31,18,1111,6.340371,-9.969539,0.236762,-0.362117,-0.107564,0.071587,0.126194,0.052110,0.070627
toy_1112,32,18,1112,6.329644,-9.902979,0.250895,-0.326455,-0.103830,0.071879,0.117688,0.060446,0.070460
toy_1113,33,18,1113,6.330352,-10.031833,0.259885,-0.417592,-0.202858,0.067025,0.113914,0.052850,0.078590
toy_1114,34,18,1114,6.346917,-10.025214,0.204460,-0.397467,-0.181484,0.064397,0.108721,0.066674,0.076090
toy_1115,35,18,1115,6.306884,-10.000126,0.230969,-0.423787,-0.184519,0.074651,0.126994,0.060800,0.063143
toy_1116,36,18,1116,6.318850,-9.844662,0.208331,-0.393338,-0.170690,0.073950,0.115415,0.057256,0.070263
toy_1117,37,18,1117,6.264919,-9.910520,0.215988,-0.388218,-0.243071,0.067728,0.119507,0.055145,0.073125
toy_1118,38,18,1118,6.252868,-9.878423,0.231103,-0.365065,-0.203261,0.065929,0.129347,0.050083,0.076301
toy_1119,39,18,1119,6.314927,-9.925638,0.268068,-0.450438,-0.247603,0.074129,0.135442,0.052717,0.062927
toy_1120,40,18,1120,6.262539,-9.961508,0.243417,-0.389973,-0.159420,0.072233,0.107385,0.061844,0.072630
toy_1121,41,18,1121,6.178196,-9.916738,0.229893,-0.436283,-0.174666,0.068136,0.138558,0.050293,0.067808
toy_1122,42,18,1122,6.282425,-9.917394,0.167442,-0.419491,-0.203341,0.063946,0.117935,0.069563,0.073931
toy_1123,43,18,1123,6.203459,-9.847353,0.202955,-0.460213,-0.179753,0.079324,0.105844,0.052881,0.071106
toy_1124,44,18,1124,6.247477,-9.895161,0.165975,-0.464738,-0.203122,0.072430,0.111734,0.067671,0.079981
toy_1125,45,18,1125,6.209589,-9.931506,0.205059,-0.425760,-0.245698,0.078872,0.134323,0.063462,0.065579
toy_1149,9,19,1149,6.255792,-9.992113,0.142054,-0.449811,-0.064357,0.078088,0.104870,0.058696,0.068940
toy_1150,10,19,1150,6.250509,-9.951939,0.238234,-0.466365,-0.225723,0.079009,0.114344,0.051432,0.067224
toy_1151,11,19,1151,6.245665,-10.000065,0.200661,-0.476491,-0.404392,0.065625,0.115545,0.064299,0.068536
toy_1152,12,19,1152,6.267784,-9.890533,0.242604,-0.483781,-0.214420,0.067539,0.100420,0.058060,0.070073
toy_1153,13,19,1153,6.296634,-10.048079,0.250141,-0.384787,-0.328657,0.073464,0.115609,0.057614,0.071554
toy_1154,14,19,1154,6.198120,-10.166336,0.198999,-0.442154,-0.124296,0.078133,0.106076,0.053692,0.067176
toy_1155,15,19,1155,6.230830,-9.992790,0.179691,-0.413041,-0.305366,0.076458,0.111798,0.058788,0.062555
toy_1156,16,19,1156,6.225192,-9.980554,0.258825,-0.363088,-0.176803,0.078997,0.119566,0.059623,0.073912
toy_1157,17,19,1157,6.282037,-9.873600,0.262759,-0.386504,-0.267423,0.072813,0.106522,0.066703,0.062564
toy_1158,18,19,1158,6.240996,-9.982057,0.315525,-0.374907,-0.341448,0.070782,0.101698,0.052415,0.075781
toy_1159,19,19,1159,6.289819,-9.966105,0.283285,-0.374181,-0.304929,0.068768,0.136744,0.064455,0.068807
toy_1160,20,19,1160,6.300611,-10.019553,0.335819,-0.389045,-0.271264,0.074479,0.135609,0.053015,0.067267
toy_1161,21,19,1161,6.281125,-9.974600,0.278338,-0.387094,-0.219932,0.064747,0.134405,0.060536,0.064925
toy_1162,22,19,1162,6.360758,-9.997270,0.352921,-0.382290,-0.312514,0.071374,0.112036,0.058035,0.061422
toy_1163,23,19,1163,6.392657,-10.045900,0.290265,-0.320260,-0.221654,0.069537,0.101324,0.067434,0.062032
toy_1164,24,19,1164,6.359153,-9.982577,0.227058,-0.337380,-0.154782,0.065670,0.108759,0.062186,0.073256
toy_1165,25,19,1165,6.411427,-10.003140,0.271967,-0.352137,-0.246655,0.078988,0.120590,0.050195,0.064147
toy_1166,26,19,1166,6.393062,-9.913062,0.309434,-0.338889,-0.131298,0.071322,0.133335,0.059298,0.079054
toy_1167,27,19,1167,6.322129,-10.025983,0.359423,-0.273262,-0.378079,0.073327,0.124333,0.059067,0.076651
toy_1168,28,19,1168,6.446267,-9.982513,0.292761,-0.309344,-0.308992,0.070274,0.114123,0.056419,0.079681
toy_1169,29,19,1169,6.379576,-10.006577,0.254827,-0.359590,-0.305679,0.074540,0.102186,0.056344,0.068678
toy_1170,30,19,1170,6.382845,-10.013399,0.282578,-0.328999,-0.232676,0.071972,0.124243,0.064360,0.067354
toy_1171,31,19,1171,6.309825,-10.039515,0.308991,-0.345200,-0.200483,0.063001,0.123972,0.066913,0.060457
toy_1172,32,19,1172,6.377235,-10.037356,0.281707,-0.343970,-0.152891,0.076653,0.103034,0.065230,0.075872
toy_1173,33,19,1173,6.376502,-9.914947,0.280667,-0.332909,-0.246764,0.069850,0.111973,0.064405,0.076402
toy_1174,34,19,1174,6.383901,-9.967632,0.272077,-0.359377,-0.285532,0.061208,0.124818,0.058330,0.076192
toy_1175,35,19,1175,6.283757,-9.930760,0.274033,-0.376575,-0.173037,0.076147,0.125630,0.058785,0.072536
toy_1176,36,19,1176,6.337570,-9.871473,0.245122,-0.339127,-0.114894,0.078730,0.110384,0.061619,0.068108
toy_1177,37,19,1177,6.290919,-9.979074,0.228943,-0.426169,-0.259396,0.078241,0.120799,0.064587,0.064992
toy_1178,38,19,1178,6.284315,-9.924271,0.278718,-0.372960,-0.276488,0.077769,0.113852,0.064396,0.067726
toy_1179,39,19,1179,6.317134,-9.906101,0.252850,-0.407040,-0.076797,0.075257,0.129971,0.068807,0.079950
toy_1180,40,19,1180,6.271466,-9.902300,0.287593,-0.380238,-0.164670,0.072621,0.123627,0.068653,0.062996
toy_1181,41,19,1181,6.248358,-9.808945,0.189103,-0.427208,-0.094417,0.066309,0.134272,0.063925,0.061349
toy_1182,42,19,1182,6.255533,-9.889191,0.255464,-0.439598,-0.173040,0.065801,0.126923,0.069638,0.070962
toy_1183,43,19,1183,6.229782,-9.925803,0.190102,-0.431355,-0.140238,0.062260,0.131306,0.052019,0.064711
toy_1184,44,19,1184,6.172540,-9.955105,0.242301,-0.442929,-0.103599,0.071719,0.103073,0.056645,0.066159
toy_1185,45,19,1185,6.275505,-9.909178,0.237711,-0.473498,-0.211410,0.069497,0.132899,0.056828,0.067851
toy_1186,46,19,1186,6.238267,-9.939770,0.200382,-0.444388,-0.267755,0.071753,0.104543,0.056759,0.068671
toy_1209,9,20,1209,6.275987,-9.897002,0.260290,-0.493291,-0.280056,0.065863,0.111238,0.052525,0.074339
toy_1210,10,20,1210,6.298839,-10.010987,0.224192,-0.450089,-0.221081,0.064004,0.123296,0.055440,0.065543
toy_1211,11,20,1211,6.348337,-9.929754,0.205788,-0.427143,-0.265370,0.076298,0.106429,0.056850,0.078232
toy_1212,12,20,1212,6.295090,-9.885163,0.234675,-0.390089,-0.302807,0.069366,0.118414,0.066677,0.063013
toy_1213,13,20,1213,6.267293,-9.922594,0.214506,-0.431149,-0.292913,0.075542,0.138154,0.064565,0.067837
toy_1214,14,20,1214,6.198592,-9.890595,0.224980,-0.342070,-0.299613,0.066004,0.114835,0.068242,0.079430
toy_1215,15,20,1215,6.254761,-9.896761,0.306299,-0.368799,-0.220875,0.074411,0.121540,0.052933,0.072102
toy_1216,16,20,1216,6.215963,-9.960245,0.232232,-0.404634,-0.131192,0.064461,0.118449,0.059577,0.067658
toy_1217,17,20,1217,6.265756,-9.977737,0.278140,-0.345111,-0.350133,0.061841,0.138258,0.061892,0.065001
toy_1218,18,20,1218,6.286359,-9.958133,0.257580,-0.325260,-0.204545,0.073938,0.117437,0.054459,0.061675
toy_1219,19,20,1219,6.390284,-9.998400,0.272718,-0.332927,-0.241469,0.061627,0.139277,0.060529,0.076659
toy_1220,20,20,1220,6.345930,-10.003839,0.300393,-0.336890,-0.232338,0.071191,0.134724,0.054978,0.073857
toy_1221,21,20,1221,6.357641,-10.080878,0.347546,-0.365757,-0.227588,0.062077,0.118999,0.059496,0.070311
toy_1222,22,20,1222,6.380744,-9.996216,0.259853,-0.347642,-0.250198,0.078494,0.115494,0.059223,0.062045
toy_1223,23,20,1223,6.382067,-9.978623,0.350805,-0.326429,-0.225633,0.070323,0.127430,0.053525,0.064061
toy_1224,24,20,1224,6.426804,-9.931722,0.294217,-0.359134,-0.172033,0.072248,0.106466,0.056475,0.065800
toy_1225,25,20,1225,6.533801,-10.008116,0.393770,-0.293109,-0.372909,0.070847,0.105604,0.063769,0.061130
toy_1226,26,20,1226,6.498831,-9.879751,0.283371,-0.309035,-0.249256,0.065095,0.129070,0.053170,0.067082
toy_1227,27,20,1227,6.452809,-10.001010,0.370565,-0.331191,-0.241082,0.076680,0.134989,0.054426,0.064575
toy_1228,28,20,1228,6.388070,-9.953065,0.319814,-0.305300,-0.197628,0.064817,0.103311,0.051845,0.065108
toy_1229,29,20,1229,6.387511,-10.004290,0.328683,-0.313021,-0.325949,0.069813,0.116634,0.055159,0.062766
toy_1230,30,20,1230,6.468895,-9.947672,0.291860,-0.294106,-0.164602,0.077930,0.127072,0.068007,0.063093
toy_1231,31,20,1231,6.447253,-10.055811,0.360519,-0.293800,-0.213480,0.072508,0.112251,0.058962,0.072380
toy_1232,32,20,1232,6.410989,-10.061626,0.356462,-0.342688,-0.258798,0.072028,0.121496,0.062393,0.068065
toy_1233,33,20,1233,6.355424,-10.004146,0.292503,-0.359250,-0.194586,0.070084,0.124641,0.051016,0.066050
toy_1234,34,20,1234,6.424750,-10.028656,0.334329,-0.341902,-0.244804,0.077476,0.120591,0.064257,0.062071
toy_1235,35,20,1235,6.415491,-9.978357,0.243879,-0.343173,-0.152273,0.064186,0.102452,0.053180,0.070043
toy_1236,36,20,1236,6.331105,-9.945192,0.248183,-0.328933,-0.131492,0.076561,0.112813,0.052156,0.074752
toy_1237,37,20,1237,6.315265,-9.911983,0.217210,-0.358500,-0.237975,0.071716,0.118948,0.068779,0.066960
toy_1238,38,20,1238,6.327561,-9.841456,0.260625,-0.367720,-0.143222,0.078094,0.108963,0.061604,0.063670
toy_1239,39,20,1239,6.314998,-10.052816,0.262020,-0.417806,-0.175091,0.062225,0.129584,0.059507,0.076473
toy_1240,40,20,1240,6.251413,-9.930818,0.214100,-0.388607,-0.091915,0.061330,0.101799,0.052599,0.061009
toy_1241,41,20,1241,6.248502,-9.905146,0.156392,-0.368842,-0.009546,0.074678,0.129566,0.069771,0.062275
toy_1242,42,20,1242,6.279478,-9.848754,0.224495,-0.408715,-0.112908,0.062617,0.132662,0.057923,0.074527
toy_1243,43,20,1243,6.170324,-9.814334,0.226886,-0.426163,-0.067892,0.067091,0.134218,0.063395,0.064577
toy_1244,44,20,1244,6.217429,-9.857894,0.268931,-0.387215,-0.073501,0.077264,0.120599,0.057761,0.077748
toy_1245,45,20,1245,6.319634,-9.874157,0.187268,-0.423701,0.043945,0.070642,0.125603,0.053752,0.072064
toy_1246,46,20,1246,6.260196,-9.936816,0.192478,-0.467301,-0.091924,0.079174,0.113676,0.061429,0.062840
toy_1247,47,20,1247,6.228223,-9.880195,0.188716,-0.490709,-0.221202,0.068056,0.100303,0.058002,0.078460
toy_1268,8,21,1268,6.207870,-9.923777,0.247676,-0.475023,-0.186952,0.062282,0.110292,0.054809,0.070420
toy_1269,9,21,1269,6.329358,-9.941591,0.229323,-0.453528,-0.320105,0.064228,0.112508,0.058546,0.064877
toy_1270,10,21,1270,6.322695,-9.849271,0.245845,-0.416962,-0.243547,0.066853,0.127024,0.063366,0.074385
toy_1271,11,21,1271,6.347490,-9.895135,0.243130,-0.437539,-0.282602,0.060318,0.123794,0.052877,0.072205
toy_1272,12,21,1272,6.337556,-9.911969,0.234650,-0.419757,-0.261151,0.070548,0.139670,0.067933,0.072710
toy_1273,13,21,1273,6.312369,-9.932700,0.230691,-0.388899,-0.160787,0.077981,0.133379,0.052552,0.060185
toy_1274,14,21,1274,6.413454,-9.979045,0.241212,-0.360396,-0.205559,0.068821,0.125206,0.058430,0.069616
toy_1275,15,21,1275,6.284482,-9.978164,0.254227,-0.434817,-0.197610,0.070834,0.124329,0.058308,0.079527
toy_1277,17,21,1277,6.385567,-9.987295,0.237522,-0.370286,-0.303234,0.078484,0.102656,0.052283,0.078005
toy_1278,18,21,1278,6.287939,-9.892157,0.253351,-0.359146,-0.126155,0.078213,0.136724,0.066749,0.075263
toy_1279,19,21,1279,6.447646,-9.965291,0.278702,-0.349728,-0.084759,0.071758,0.135759,0.063042,0.066290
toy_1280,20,21,1280,6.456975,-10.012130,0.353346,-0.335633,-0.264589,0.068728,0.118582,0.061701,0.062740
toy_1281,21,21,1281,6.482790,-9.955192,0.291621,-0.309671,-0.136407,0.071376,0.133790,0.052859,0.075390
toy_1282,22,21,1282,6.496084,-10.037828,0.362181,-0.338481,-0.327214,0.065968,0.124277,0.050172,0.064529
toy_1283,23,21,1283,6.471562,-9.984375,0.347371,-0.301760,-0.403957,0.066049,0.105509,0.054507,0.072757
toy_1284,24,21,1284,6.503768,-10.106051,0.388869,-0.380135,-0.225339,0.072291,0.110817,0.053280,0.064193
toy_1285,25,21,1285,6.506989,-10.031554,0.393490,-0.286759,-0.231012,0.079384,0.101635,0.056073,0.060302
toy_1286,26,21,1286,6.574998,-10.121242,0.353267,-0.279920,-0.256544,0.065486,0.101771,0.062457,0.070240
toy_1287,27,21,1287,6.497777,-9.962714,0.415824,-0.297326,-0.234126,0.076070,0.131077,0.066426,0.070072
toy_1288,28,21,1288,6.589296,-9.987642,0.440172,-0.294350,-0.352737,0.060665,0.137156,0.053897,0.070703
toy_1289,29,21,1289,6.489506,-10.102649,0.380185,-0.314322,-0.333449,0.074323,0.115018,0.055021,0.076893
toy_1290,30,21,1290,6.448002,-9.996636,0.407280,-0.350378,-0.337149,0.063051,0.108302,0.058647,0.063955
toy_1291,31,21,1291,6.487251,-10.028971,0.359312,-0.338990,-0.190399,0.068798,0.122789,0.056044,0.067107
toy_1292,32,21,1292,6.436176,-10.116717,0.338745,-0.337249,-0.300513,0.079927,0.132889,0.053565,0.075250
toy_1293,33,21,1293,6.425121,-10.054779,0.337000,-0.327867,-0.182618,0.063625,0.116870,0.062889,0.063263
toy_1294,34,21,1294,6.435232,-10.001236,0.336497,-0.325055,-0.208758,0.078044,0.126910,0.055211,0.068110
toy_1295,35,21,1295,6.388005,-9.916482,0.251512,-0.336066,-0.185720,0.075148,0.109857,0.051806,0.065469
toy_1296,36,21,1296,6.384486,-9.960796,0.357443,-0.290004,-0.100890,0.062814,0.125959,0.056735,0.072077
toy_1297,37,21,1297,6.358631,-9.927557,0.260202,-0.318102,-0.188537,0.061981,0.122620,0.050583,0.066444
toy_1298,38,21,1298,6.392399,-9.863553,0.218811,-0.368165,-0.029369,0.071733,0.126307,0.054096,0.078102
toy_1299,39,21,1299,6.343934,-9.877983,0.270762,-0.392669,-0.071996,0.075590,0.102408,0.063021,0.061420
toy_1300,40,21,1300,6.331008,-9.845673,0.232564,-0.399574,0.005705,0.062400,0.125036,0.065820,0.065151
toy_1301,41,21,1301,6.247829,-9.824317,0.180295,-0.392245,0.003492,0.070229,0.131831,0.063056,0.070204
toy_1302,42,21,1302,6.233459,-9.819850,0.239958,-0.406315,-0.022473,0.065535,0.103584,0.064528,0.071043
toy_1303,43,21,1303,6.348386,-9.896662,0.175595,-0.401665,-0.054190,0.074552,0.137320,0.063349,0.063346
toy_1304,44,21,1304,6.146138,-9.852661,0.208296,-0.424723,0.049435,0.076473,0.126039,0.061609,0.069878
toy_1305,45,21,1305,6.230863,-9.923722,0.218228,-0.454847,-0.136357,0.063993,0.101651,0.059876,0.070736
toy_1306,46,21,1306,6.246693,-9.866287,0.172383,-0.394570,0.038154,0.076070,0.136562,0.065482,0.061170
toy_1307,47,21,1307,6.194823,-9.827775,0.251704,-0.476281,-0.044207,0.071326,0.129815,0.050761,0.065690
toy_1308,48,21,1308,6.218348,-9.927196,0.217474,-0.414485,-0.030835,0.079675,0.105443,0.063209,0.062559
toy_1328,8,22,1328,6.377133,-9.920710,0.228804,-0.521065,-0.094138,0.074069,0.103900,0.067340,0.074182
toy_1329,9,22,1329,6.333576,-9.971685,0.236738,-0.454851,-0.235103,0.078388,0.106947,0.057612,0.060615
toy_1330,10,22,1330,6.326330,-10.073264,0.250014,-0.443793,-0.250970,0.075138,0.129436,0.052600,0.060244
toy_1331,11,22,1331,6.361396,-10.032219,0.244775,-0.441392,-0.256559,0.060496,0.138542,0.052880,0.078543
toy_1332,12,22,1332,6.278365,-10.016017,0.275852,-0.376383,-0.260067,0.063450,0.130200,0.050753,0.069750
toy_1333,13,22,1333,6.381913,-10.000539,0.251065,-0.393959,-0.185163,0.075241,0.137740,0.053202,0.060681
toy_1334,14,22,1334,6.376523,-9.948892,0.326146,-0.360533,-0.284190,0.067063,0.106953,0.065427,0.067347
toy_1338,18,22,1338,6.387733,-9.932831,0.288390,-0.346319,-0.215093,0.076955,0.124974,0.057261,0.074597
toy_1339,19,22,1339,6.479983,-9.981010,0.315536,-0.314587,-0.118720,0.061891,0.118058,0.056864,0.079435
toy_1340,20,22,1340,6.442798,-9.955478,0.357379,-0.319640,-0.283709,0.062742,0.134117,0.063619,0.074034
toy_1341,21,22,1341,6.474398,-9.941194,0.304704,-0.303357,-0.351518,0.064512,0.125987,0.058390,0.069937
toy_1342,22,22,1342,6.502915,-10.024183,0.346181,-0.329417,-0.275726,0.065981,0.136811,0.059180,0.063968
toy_1343,23,22,1343,6.537107,-10.006746,0.378102,-0.278537,-0.182462,0.075048,0.114248,0.052353,0.064013
toy_1344,24,22,1344,6.581096,-9.988611,0.443470,-0.281944,-0.267736,0.070211,0.131967,0.064125,0.079988
toy_1345,25,22,1345,6.616223,-10.063944,0.463629,-0.273141,-0.341081,0.067583,0.138294,0.062247,0.070041
toy_1346,26,22,1346,6.553315,-10.110500,0.491559,-0.273795,-0.279142,0.062102,0.131879,0.068821,0.079587
toy_1347,27,22,1347,6.630861,-10.156946,0.404840,-0.243598,-0.259228,0.066341,0.139304,0.058142,0.065865
toy_1348,28,22,1348,6.596387,-10.029909,0.466060,-0.305004,-0.240271,0.078082,0.120287,0.059402,0.064986
toy_1349,29,22,1349,6.583623,-10.030627,0.531824,-0.289289,-0.364312,0.060523,0.115631,0.068575,0.079693
toy_1350,30,22,1350,6.579115,-10.014376,0.479473,-0.257567,-0.185074,0.061939,0.124089,0.061360,0.060959
toy_1351,31,22,1351,6.516004,-10.002949,0.415721,-0.249727,-0.109064,0.064991,0.107623,0.061105,0.079188
toy_1352,32,22,1352,6.567462,-10.063558,0.475880,-0.270682,-0.199872,0.062608,0.107176,0.055444,0.063657
toy_1353,33,22,1353,6.554745,-9.952856,0.347579,-0.272910,-0.242253,0.076704,0.109523,0.061957,0.062523
toy_1354,34,22,1354,6.470776,-10.044184,0.318415,-0.283550,-0.316593,0.069160,0.108678,0.054899,0.070468
toy_1355,35,22,1355,6.465824,-9.892683,0.364259,-0.297945,-0.039700,0.062122,0.102866,0.055665,0.076361
toy_1356,36,22,1356,6.360183,-9.822899,0.328957,-0.318576,-0.123566,0.062273,0.105409,0.069153,0.066421
toy_1357,37,22,1357,6.488939,-10.008945,0.332427,-0.355625,-0.090487,0.075697,0.126984,0.062343,0.060435
toy_1358,38,22,1358,6.344047,-9.917317,0.335131,-0.299550,0.006989,0.066086,0.113274,0.067896,0.068073
toy_1359,39,22,1359,6.377443,-9.731382,0.282076,-0.322493,0.072583,0.070580,0.134813,0.052839,0.069771
toy_1360,40,22,1360,6.323823,-9.727857,0.311338,-0.355104,0.093085,0.075293,0.137115,0.057693,0.061901
toy_1361,41,22,1361,6.344692,-9.856032,0.222750,-0.357758,0.083738,0.060618,0.111482,0.051327,0.065006
toy_1362,42,22,1362,6.349949,-9.723761,0.236205,-0.383671,0.169640,0.062592,0.136927,0.065487,0.079737
toy_1363,43,22,1363,6.341337,-9.720413,0.282490,-0.413816,0.029844,0.062650,0.101766,0.066834,0.069369
toy_1364,44,22,1364,6.323045,-9.691729,0.235726,-0.342985,0.131153,0.076997,0.114641,0.063305,0.069483
toy_1365,45,22,1365,6.318389,-9.876462,0.209835,-0.375727,-0.006218,0.071348,0.130345,0.054559,0.063283
toy_1366,46,22,1366,6.251362,-9.822037,0.179330,-0.461384,-0.052163,0.079240,0.107499,0.054656,0.078753
toy_1367,47,22,1367,6.235306,-9.832807,0.196343,-0.427406,0.051854,0.068447,0.127478,0.063406,0.073286
toy_1368,48,22,1368,6.252097,-9.866586,0.186469,-0.453241,-0.030664,0.065278,0.131774,0.058684,0.079849
toy_1369,49,22,1369,6.218106,-9.904917,0.172907,-0.477919,-0.170607,0.078546,0.108814,0.052543,0.071576
toy_1388,8,23,1388,6.329508,-9.886727,0.258354,-0.445709,-0.270317,0.061348,0.128172,0.051377,0.060223
toy_1389,9,23,1389,6.321678,-9.987627,0.298174,-0.478808,-0.231212,0.070145,0.136495,0.050573,0.079876
toy_1390,10,23,1390,6.337082,-10.041931,0.318694,-0.440858,-0.220866,0.065500,0.116984,0.053055,0.065090
toy_1391,11,23,1391,6.371424,-10.044468,0.299549,-0.431798,-0.338905,0.079537,0.101344,0.054093,0.073454
toy_1392,12,23,1392,6.416969,-9.960545,0.303860,-0.373440,-0.228256,0.072155,0.128030,0.067369,0.070529
toy_1393,13,23,1393,6.413828,-9.892968,0.265688,-0.347956,-0.194886,0.075038,0.129833,0.061220,0.067916
toy_1399,19,23,1399,6.468695,-10.101716,0.396649,-0.364726,-0.117595,0.067542,0.114276,0.056668,0.074903
toy_1400,20,23,1400,6.616104,-10.056308,0.328445,-0.324333,-0.245079,0.076366,0.127268,0.053181,0.074147
toy_1401,21,23,1401,6.575644,-10.057828,0.420715,-0.290670,-0.159174,0.061187,0.127275,0.066955,0.068290
toy_1402,22,23,1402,6.530905,-10.044807,0.513000,-0.297548,-0.379565,0.063125,0.123602,0.067629,0.061599
toy_1403,23,23,1403,6.678793,-10.123775,0.494523,-0.278303,-0.302920,0.077231,0.106138,0.055714,0.074069
toy_1404,24,23,1404,6.660444,-10.080901,0.499283,-0.242308,-0.181118,0.073478,0.135638,0.054260,0.066867
toy_1405,25,23,1405,6.689181,-10.047208,0.506953,-0.304370,-0.161216,0.076407,0.107645,0.063882,0.070193
toy_1406,26,23,1406,6.662421,-10.149419,0.583019,-0.278422,-0.302599,0.073926,0.129982,0.055327,0.068274
toy_1407,27,23,1407,6.649301,-10.104401,0.481449,-0.244692,-0.205278,0.070983,0.115971,0.060375,0.063043
toy_1408,28,23,1408,6.798692,-10.131840,0.518776,-0.246736,-0.288511,0.061596,0.126401,0.069586,0.078031
toy_1409,29,23,1409,6.755415,-10.100709,0.532095,-0.241589,-0.223575,0.074585,0.128381,0.051446,0.061555
toy_1410,30,23,1410,6.716181,-10.029567,0.580089,-0.240862,-0.240007,0.062044,0.138005,0.068179,0.078251
toy_1411,31,23,1411,6.624991,-10.013431,0.420615,-0.268889,-0.147129,0.061057,0.122927,0.063810,0.064922
toy_1412,32,23,1412,6.591647,-10.108092,0.495200,-0.202790,-0.093552,0.079054,0.138439,0.066358,0.062450
toy_1413,33,23,1413,6.646534,-9.896477,0.444737,-0.254858,-0.312715,0.073689,0.139926,0.052156,0.071306
toy_1414,34,23,1414,6.550046,-9.984868,0.445863,-0.257025,-0.132884,0.066272,0.103756,0.055789,0.063468
toy_1415,35,23,1415,6.471222,-9.905959,0.448678,-0.339922,-0.058926,0.079025,0.132885,0.061558,0.069269
toy_1416,36,23,1416,6.477254,-9.903356,0.315173,-0.343749,-0.008239,0.077090,0.128589,0.064517,0.079448
toy_1417,37,23,1417,6.516286,-9.808909,0.326704,-0.305500,-0.070781,0.062104,0.115905,0.066757,0.062301
toy_1418,38,23,1418,6.484992,-9.796618,0.365852,-0.308602,0.131287,0.072398,0.103488,0.060948,0.069407
toy_1419,39,23,1419,6.383701,-9.759901,0.298233,-0.354752,0.099501,0.072624,0.122490,0.063988,0.071981
toy_1420,40,23,1420,6.365326,-9.656986,0.326414,-0.344146,0.188226,0.076170,0.134822,0.066569,0.070213
toy_1421,41,23,1421,6.314202,-9.726453,0.271193,-0.337585,0.116003,0.068725,0.130977,0.062129,0.066723
toy_1422,42,23,1422,6.340624,-9.646623,0.212268,-0.371943,0.338459,0.060303,0.128213,0.061825,0.073848
toy_1423,43,23,1423,6.264490,-9.701675,0.289226,-0.370036,0.090001,0.063745,0.114152,0.056400,0.067374
toy_1424,44,23,1424,6.340239,-9.641653,0.241451,-0.416713,0.117071,0.064924,0.123967,0.068225,0.074457
toy_1425,45,23,1425,6.279091,-9.696328,0.247736,-0.392039,0.078118,0.073091,0.104862,0.055283,0.069457
toy_1426,46,23,1426,6.267685,-9.784724,0.206177,-0.382938,-0.048521,0.077965,0.104600,0.057265,0.075703
toy_1427,47,23,1427,6.291683,-9.758651,0.196305,-0.474551,-0.001258,0.063575,0.121101,0.064103,0.066879
toy_1428,48,23,1428,6.234576,-9.819792,0.241961,-0.434337,-0.095344,0.062819,0.121112,0.055652,0.075014
toy_1429,49,23,1429,6.338891,-9.908451,0.168177,-0.473015,-0.127076,0.074281,0.130547,0.062134,0.065237
toy_1447,7,24,1447,6.270454,-10.018209,0.258591,-0.472974,-0.249793,0.079944,0.125955,0.057643,0.063656
toy_1448,8,24,1448,6.289590,-9.952906,0.283360,-0.464671,-0.273157,0.063920,0.131636,0.060510,0.065846
toy_1449,9,24,1449,6.304688,-9.984782,0.296038,-0.451827,-0.112184,0.069526,0.134061,0.051341,0.063290
toy_1450,10,24,1450,6.409923,-9.915225,0.342800,-0.414036,-0.321922,0.061878,0.114462,0.067969,0.075790
toy_1451,11,24,1451,6.278908,-9.944803,0.298423,-0.409500,-0.271513,0.076738,0.101589,0.064218,0.078061
toy_1452,12,24,1452,6.356285,-9.997909,0.335407,-0.374655,-0.165633,0.073891,0.123315,0.068921,0.075138
toy_1453,13,24,1453,6.389555,-10.055255,0.339745,-0.383835,-0.291462,0.063177,0.121636,0.069098,0.062948
toy_1454,14,24,1454,6.422034,-9.936061,0.332336,-0.363750,-0.365772,0.073413,0.123748,0.055512,0.062042
toy_1458,18,24,1458,6.491787,-9.981115,0.378850,-0.327902,-0.480772,0.069764,0.129305,0.054926,0.078134
toy_1459,19,24,1459,6.627027,-9.957329,0.450765,-0.345281,-0.220137,0.062994,0.124917,0.065609,0.061620
toy_1460,20,24,1460,6.599851,-9.970028,0.491195,-0.322818,-0.280683,0.069728,0.138905,0.056805,0.074599
toy_1461,21,24,1461,6.688419,-10.215462,0.461908,-0.302414,-0.221240,0.076136,0.130940,0.067923,0.078581
toy_1462,22,24,1462,6.708441,-10.092828,0.465379,-0.268862,-0.335747,0.068741,0.111062,0.065774,0.068271
toy_1463,23,24,1463,6.706405,-10.099668,0.545694,-0.215270,-0.279916,0.079401,0.101796,0.060734,0.076540
toy_1464,24,24,1464,6.844462,-10.004993,0.577118,-0.230334,-0.339509,0.075774,0.128315,0.057919,0.072294
toy_1465,25,24,1465,6.858123,-10.027697,0.501508,-0.222678,-0.281534,0.077985,0.107900,0.053421,0.076865
toy_1466,26,24,1466,6.860207,-10.108590,0.555363,-0.265292,-0.230014,0.076863,0.134299,0.063765,0.061636
toy_1467,27,24,1467,6.786215,-10.163834,0.577348,-0.253796,-0.291317,0.079300,0.131434,0.058976,0.063090
toy_1468,28,24,1468,6.809070,-10.129730,0.582725,-0.243614,-0.223526,0.066237,0.130449,0.056925,0.069913
toy_1469,29,24,1469,6.923546,-10.058978,0.529145,-0.282897,-0.298548,0.063420,0.118628,0.056811,0.069578
toy_1470,30,24,1470,6.783036,-10.193497,0.579231,-0.246676,-0.017949,0.064896,0.129418,0.063376,0.070963
toy_1471,31,24,1471,6.764265,-10.082778,0.505804,-0.269738,-0.341770,0.076344,0.124048,0.062359,0.060866
toy_1472,32,24,1472,6.723298,-9.980485,0.487819,-0.229323,-0.201330,0.073037,0.122208,0.057430,0.076117
toy_1473,33,24,1473,6.743014,-9.991495,0.508970,-0.256662,-0.182433,0.075032,0.101226,0.061969,0.066736
toy_1474,34,24,1474,6.664371,-9.928762,0.459034,-0.280287,-0.147701,0.065427,0.119384,0.064769,0.066135
toy_1475,35,24,1475,6.649314,-9.920505,0.457815,-0.292342,-0.030022,0.067011,0.101047,0.066778,0.077649
toy_1476,36,24,1476,6.648007,-9.887836,0.429600,-0.273072,0.071365,0.072495,0.117978,0.064831,0.078653
toy_1477,37,24,1477,6.663936,-9.822290,0.362382,-0.321229,0.080097,0.060149,0.136266,0.051426,0.077232
toy_1478,38,24,1478,6.501004,-9.820762,0.358816,-0.319937,0.203198,0.067680,0.139625,0.056326,0.061875
toy_1479,39,24,1479,6.468366,-9.668797,0.296457,-0.296300,0.280319,0.066824,0.129739,0.060061,0.070517
toy_1480,40,24,1480,6.498771,-9.628527,0.340550,-0.339751,0.260846,0.076957,0.103321,0.056673,0.071462
toy_1481,41,24,1481,6.367224,-9.579797,0.326041,-0.384717,0.361155,0.064341,0.139989,0.067379,0.061581
toy_1482,42,24,1482,6.322752,-9.533994,0.329863,-0.283623,0.351280,0.074079,0.105558,0.058912,0.065001
toy_1483,43,24,1483,6.428410,-9.531235,0.298560,-0.342505,0.400254,0.065034,0.122465,0.069764,0.070889
toy_1484,44,24,1484,6.322917,-9.533647,0.257275,-0.381308,0.343861,0.064298,0.126752,0.054032,0.064627
toy_1485,45,24,1485,6.402628,-9.627049,0.261207,-0.385300,0.230052,0.067253,0.122990,0.065929,0.068939
toy_1486,46,24,1486,6.274311,-9.711585,0.245432,-0.422469,0.158446,0.079041,0.103760,0.065704,0.064239
toy_1487,47,24,1487,6.256447,-9.789888,0.256635,-0.399678,0.209792,0.061125,0.132687,0.064406,0.072021
toy_1488,48,24,1488,6.265161,-9.777954,0.195460,-0.461982,0.149710,0.078168,0.107165,0.067154,0.077654
toy_1489,49,24,1489,6.290850,-9.838295,0.242084,-0.478354,-0.137058,0.071594,0.118936,0.066543,0.068985
toy_1490,50,24,1490,6.307137,-9.886040,0.240903,-0.440549,0.060296,0.066083,0.109244,0.068480,0.068512
toy_1507,7,25,1507,6.381207,-10.007652,0.294037,-0.476230,-0.146414,0.061009,0.113409,0.067089,0.068478
toy_1508,8,25,1508,6.320925,-9.932324,0.270945,-0.409255,-0.315624,0.074273,0.116235,0.065025,0.079548
toy_1509,9,25,1509,6.357981,-9.938371,0.293732,-0.412521,-0.154773,0.064838,0.115485,0.051819,0.067281
toy_1510,10,25,1510,6.372456,-10.017772,0.283560,-0.412951,-0.432320,0.079072,0.136370,0.067461,0.076857
toy_1511,11,25,1511,6.354622,-9.889181,0.264148,-0.450576,-0.160498,0.072422,0.132230,0.066079,0.064913
toy_1512,12,25,1512,6.418544,-9.996330,0.218477,-0.381316,-0.307429,0.078582,0.108487,0.052366,0.065052
toy_1513,13,25,1513,6.452599,-9.936129,0.352519,-0.407658,-0.172852,0.065260,0.109003,0.063531,0.071612
toy_1514,14,25,1514,6.371645,-9.966605,0.362635,-0.365083,-0.231102,0.076290,0.111988,0.062526,0.061419
toy_1515,15,25,1515,6.503385,-9.972485,0.383917,-0.332716,-0.336349,0.074014,0.133844,0.057653,0.065956
toy_1517,17,25,1517,6.559723,-10.039980,0.421627,-0.346789,-0.242975,0.069241,0.127124,0.052806,0.063400
toy_1518,18,25,1518,6.587901,-10.050513,0.416124,-0.310225,-0.168427,0.071697,0.133772,0.067482,0.072978
toy_1519,19,25,1519,6.658711,-10.016408,0.487612,-0.335877,-0.253551,0.078987,0.108794,0.058336,0.065501
toy_1520,20,25,1520,6.615368,-10.038497,0.485476,-0.299122,-0.285706,0.077272,0.102414,0.051984,0.062730
toy_1521,21,25,1521,6.719171,-10.035543,0.523659,-0.309159,-0.468910,0.060756,0.103674,0.058097,0.068088
toy_1522,22,25,1522,6.756724,-10.103642,0.559433,-0.242626,-0.299945,0.078608,0.135571,0.058479,0.068363
toy_1523,23,25,1523,6.832036,-10.081796,0.639802,-0.233942,-0.292070,0.064216,0.118109,0.061943,0.069402
toy_1524,24,25,1524,6.880376,-10.069558,0.719097,-0.260215,-0.259115,0.064724,0.118542,0.061968,0.062161
toy_1525,25,25,1525,6.904258,-10.181249,0.626728,-0.234385,-0.331241,0.068078,0.108553,0.051971,0.079074
toy_1526,26,25,1526,6.951210,-10.161318,0.666534,-0.248453,-0.326642,0.075284,0.118235,0.061769,0.075420
toy_1527,27,25,1527,6.963838,-10.163230,0.679027,-0.241755,-0.263890,0.069802,0.100786,0.056641,0.062568
toy_1528,28,25,1528,6.988304,-10.206775,0.626376,-0.235145,-0.147126,0.065872,0.123369,0.051174,0.077089
toy_1529,29,25,1529,6.952672,-10.138390,0.602018,-0.179172,-0.250035,0.068571,0.120124,0.060487,0.079572
toy_1530,30,25,1530,7.011026,-10.142752,0.640858,-0.204482,-0.154176,0.064776,0.136736,0.050324,0.066751
toy_1531,31,25,1531,6.901051,-10.056499,0.656764,-0.213303,-0.254783,0.060919,0.126649,0.052584,0.067156
toy_1532,32,25,1532,6.755877,-10.029152,0.606208,-0.219386,-0.200314,0.062976,0.128747,0.059080,0.072446
toy_1533,33,25,1533,6.776115,-10.041971,0.601605,-0.226971,-0.097750,0.070459,0.130606,0.054279,0.063463
toy_1534,34,25,1534,6.756318,-9.934544,0.538478,-0.229565,-0.149643,0.073773,0.121676,0.066971,0.075204
toy_1535,35,25,1535,6.745229,-9.920268,0.510504,-0.283560,0.046263,0.070193,0.104008,0.057682,0.071408
toy_1536,36,25,1536,6.695364,-9.925774,0.498753,-0.290474,-0.008727,0.076931,0.106475,0.061970,0.068274
toy_1537,37,25,1537,6.541764,-9.772534,0.447872,-0.278339,0.032062,0.069886,0.109873,0.054910,0.061283
toy_1538,38,25,1538,6.587886,-9.661685,0.412713,-0.302783,0.376098,0.062891,0.111654,0.063368,0.064702
toy_1539,39,25,1539,6.497586,-9.636678,0.403733,-0.313393,0.253065,0.061816,0.107217,0.058748,0.077881
toy_1540,40,25,1540,6.544377,-9.630237,0.407854,-0.335889,0.302268,0.066907,0.139399,0.066502,0.077388
toy_1541,41,25,1541,6.441073,-9.655272,0.377520,-0.332051,0.481840,0.063851,0.104678,0.050291,0.075828
toy_1542,42,25,1542,6.346950,-9.469804,0.303191,-0.351182,0.359917,0.079779,0.102886,0.056498,0.064579
toy_1543,43,25,1543,6.433668,-9.682736,0.285479,-0.338135,0.535127,0.062232,0.122586,0.055021,0.063912
toy_1544,44,25,1544,6.429693,-9.601146,0.311964,-0.378214,0.355252,0.079114,0.131175,0.067245,0.079969
toy_1545,45,25,1545,6.336422,-9.513593,0.287479,-0.364053,0.322494,0.075879,0.104308,0.064774,0.063116
toy_1546,46,25,1546,6.275142,-9.647347,0.327737,-0.423303,0.260291,0.068697,0.110800,0.059766,0.071518
toy_1547,47,25,1547,6.295225,-9.671398,0.326291,-0.466474,0.116599,0.065275,0.134597,0.066044,0.063015
toy_1548,48,25,1548,6.349089,-9.745529,0.297934,-0.417987,0.178395,0.061329,0.129435,0.055263,0.078701
toy_1549,49,25,1549,6.237898,-9.744390,0.181003,-0.368975,0.021386,0.066463,0.108234,0.065293,0.067306
toy_1550,50,25,1550,6.309795,-9.772686,0.261891,-0.443184,-0.028471,0.072814,0.119422,0.052190,0.064856
toy_1567,7,26,1567,6.297680,-10.031846,0.222060,-0.453515,-0.168391,0.074125,0.112338,0.067824,0.077791
toy_1568,8,26,1568,6.414817,-9.955482,0.208477,-0.432120,-0.279115,0.060315,0.117183,0.058880,0.077222
toy_1569,9,26,1569,6.196970,-9.973120,0.297217,-0.411422,-0.194475,0.062974,0.114184,0.065710,0.064008
toy_1570,10,26,1570,6.318814,-9.888591,0.297814,-0.389845,-0.206855,0.062230,0.119696,0.054207,0.071532
toy_1571,11,26,1571,6.349834,-9.952579,0.296662,-0.405155,-0.219674,0.061627,0.120364,0.064158,0.077951
toy_1572,12,26,1572,6.368362,-9.992177,0.274187,-0.375381,-0.208166,0.071365,0.139116,0.069788,0.074974
toy_1573,13,26,1573,6.351244,-9.889107,0.334664,-0.382921,-0.374563,0.076886,0.113998,0.058339,0.066465
toy_1574,14,26,1574,6.444388,-9.927161,0.378671,-0.325084,-0.237776,0.071472,0.105190,0.053401,0.061561
toy_1575,15,26,1575,6.503105,-9.968466,0.404643,-0.370589,-0.476419,0.068408,0.109844,0.065825,0.063980
toy_1576,16,26,1576,6.612253,-9.938359,0.422834,-0.331931,-0.309836,0.067937,0.105814,0.056027,0.077678
toy_1577,17,26,1577,6.540854,-9.953247,0.433172,-0.291854,-0.222527,0.062927,0.120083,0.062011,0.064525
toy_1578,18,26,1578,6.610370,-9.993254,0.466370,-0.317478,-0.264991,0.070580,0.129476,0.052890,0.071894
toy_1579,19,26,1579,6.622040,-9.986754,0.513978,-0.297727,-0.400944,0.072270,0.113103,0.052811,0.067209
toy_1580,20,26,1580,6.735021,-10.041644,0.595921,-0.290536,-0.263498,0.074976,0.123899,0.056912,0.076969
toy_1581,21,26,1581,6.834768,-10.053056,0.592618,-0.274762,-0.235617,0.065454,0.101139,0.059317,0.065028
toy_1582,22,26,1582,6.895337,-10.094736,0.652030,-0.269308,-0.262561,0.072687,0.114259,0.056310,0.063105
toy_1583,23,26,1583,6.924685,-10.093911,0.700572,-0.257156,-0.242044,0.077456,0.109747,0.065916,0.064342
toy_1584,24,26,1584,6.933762,-10.023574,0.679546,-0.224832,-0.339755,0.067488,0.112830,0.056384,0.061921
toy_1585,25,26,1585,7.051188,-10.028034,0.676759,-0.211689,-0.359427,0.062475,0.132367,0.053082,0.075594
toy_1586,26,26,1586,6.992475,-10.120261,0.776201,-0.199947,-0.334412,0.077452,0.112499,0.053899,0.068413
toy_1587,27,26,1587,7.131543,-10.064742,0.703023,-0.202362,-0.250122,0.072182,0.125096,0.069162,0.073175
toy_1588,28,26,1588,7.114515,-10.091341,0.831730,-0.215729,-0.265040,0.076950,0.138202,0.050442,0.065750
toy_1589,29,26,1589,7.093114,-10.127617,0.736647,-0.163540,-0.253790,0.065144,0.113563,0.060251,0.062976
toy_1590,30,26,1590,7.071457,-10.157165,0.702363,-0.226383,-0.314253,0.072309,0.132234,0.054035,0.073231
toy_1591,31,26,1591,7.018276,-10.173884,0.717634,-0.202184,-0.059722,0.064492,0.115498,0.057284,0.061146
toy_1592,32,26,1592,6.964976,-10.114167,0.645615,-0.186308,-0.196145,0.073255,0.102814,0.052769,0.068230
toy_1593,33,26,1593,6.922004,-9.985750,0.593069,-0.223039,-0.205451,0.070845,0.136880,0.063443,0.065359
toy_1594,34,26,1594,6.905997,-10.056762,0.653137,-0.259227,-0.032046,0.066482,0.134930,0.062988,0.067392
toy_1595,35,26,1595,6.822337,-9.964941,0.602281,-0.255249,-0.034912,0.074165,0.112282,0.057984,0.072032
toy_1596,36,26,1596,6.707765,-9.859281,0.563358,-0.249143,0.101040,0.070641,0.127186,0.058672,0.065853
toy_1597,37,26,1597,6.638070,-9.685392,0.464192,-0.255414,0.263623,0.075852,0.100787,0.061060,0.065435
toy_1598,38,26,1598,6.714412,-9.790984,0.423217,-0.314408,0.266581,0.079108,0.126414,0.054939,0.076072
toy_1599,39,26,1599,6.617128,-9.592800,0.395477,-0.309190,0.423721,0.074077,0.125924,0.059251,0.066979
toy_1600,40,26,1600,6.562117,-9.527736,0.425539,-0.286066,0.496702,0.066970,0.102248,0.055298,0.061898
toy_1601,41,26,1601,6.520760,-9.518582,0.386836,-0.345203,0.463228,0.064203,0.109472,0.061320,0.069911
toy_1602,42,26,1602,6.491754,-9.511514,0.334999,-0.309563,0.585017,0.070611,0.135208,0.067081,0.072354
toy_1603,43,26,1603,6.355227,-9.551512,0.292647,-0.382101,0.562119,0.070978,0.131956,0.067102,0.067506
toy_1604,44,26,1604,6.383774,-9.524170,0.271022,-0.331228,0.446095,0.074887,0.102017,0.050924,0.065229
toy_1605,45,26,1605,6.337885,-9.570619,0.256498,-0.380731,0.486286,0.060281,0.108847,0.057895,0.076107
toy_1606,46,26,1606,6.312462,-9.592896,0.255428,-0.421505,0.237608,0.060867,0.107699,0.051719,0.062828
toy_1607,47,26,1607,6.286778,-9.641238,0.312819,-0.423419,0.383682,0.079674,0.108442,0.055782,0.065697
toy_1608,48,26,1608,6.300838,-9.647464,0.264881,-0.396525,0.097200,0.068897,0.110346,0.068697,0.060266
toy_1609,49,26,1609,6.277472,-9.716420,0.182613,-0.391945,-0.047445,0.076775,0.135916,0.056784,0.075244
toy_1610,50,26,1610,6.258567,-9.849796,0.190722,-0.470098,-0.007100,0.064365,0.121338,0.053396,0.073391
toy_1611,51,26,1611,6.155504,-10.006918,0.196601,-0.476874,-0.236407,0.078514,0.109517,0.050644,0.079182
toy_1627,7,27,1627,6.258302,-9.826328,0.173352,-0.456171,-0.349675,0.073971,0.130898,0.062886,0.075850
toy_1628,8,27,1628,6.207785,-9.985195,0.220290,-0.452528,-0.303567,0.065618,0.119958,0.061774,0.068097
toy_1629,9,27,1629,6.212174,-10.031117,0.201523,-0.413264,-0.277825,0.071675,0.134526,0.057709,0.063608
toy_1630,10,27,1630,6.301223,-9.950591,0.250271,-0.473907,-0.194953,0.075054,0.100812,0.053034,0.068898
toy_1631,11,27,1631,6.366616,-9.985862,0.279667,-0.389823,-0.134714,0.069268,0.119145,0.068740,0.062649
toy_1632,12,27,1632,6.329365,-9.911181,0.363213,-0.373144,-0.142710,0.068281,0.108223,0.054383,0.068230
toy_1633,13,27,1633,6.401199,-9.893714,0.327389,-0.345237,-0.237497,0.064051,0.132756,0.061072,0.075184
toy_1634,14,27,1634,6.444266,-9.972940,0.367514,-0.343930,-0.235033,0.068692,0.114877,0.057699,0.068901
toy_1635,15,27,1635,6.425689,-10.057588,0.359132,-0.348433,-0.312702,0.061262,0.105398,0.055115,0.067149
toy_1636,16,27,1636,6.504680,-9.972689,0.437058,-0.358337,-0.290955,0.069457,0.133891,0.052703,0.066590
toy_1637,17,27,1637,6.597835,-10.054437,0.475300,-0.387024,-0.290190,0.060489,0.130219,0.052059,0.074525
toy_1638,18,27,1638,6.612304,-9.866624,0.471079,-0.341194,-0.191747,0.078220,0.132149,0.050800,0.069281
toy_1639,19,27,1639,6.737085,-9.951823,0.530322,-0.301632,-0.263622,0.063866,0.129616,0.056389,0.065978
toy_1640,20,27,1640,6.717025,-10.077830,0.578660,-0.222257,-0.243697,0.072658,0.127466,0.057889,0.073558
toy_1641,21,27,1641,6.802013,-10.044614,0.626096,-0.260788,-0.347561,0.065374,0.107893,0.060909,0.074935
toy_1642,22,27,1642,6.934293,-10.156851,0.634235,-0.254892,-0.396431,0.060113,0.129800,0.051638,0.068948
toy_1643,23,27,1643,6.913684,-10.198686,0.722646,-0.217726,-0.206413,0.072178,0.131937,0.054531,0.076205
toy_1644,24,27,1644,7.072159,-10.064002,0.839167,-0.191415,-0.287690,0.074397,0.105590,0.062473,0.078420
toy_1645,25,27,1645,7.053686,-10.135948,0.740358,-0.235986,-0.183990,0.077782,0.124055,0.068985,0.064921
toy_1646,26,27,1646,7.125686,-10.184202,0.771342,-0.202859,-0.339349,0.060066,0.106654,0.066875,0.063788
toy_1647,27,27,1647,7.122998,-10.241385,0.861814,-0.220219,-0.393553,0.073111,0.102835,0.053151,0.074914
toy_1648,28,27,1648,7.256180,-10.253900,0.792454,-0.212007,-0.270067,0.068815,0.133424,0.067887,0.072499
toy_1649,29,27,1649,7.205408,-10.126989,0.814825,-0.179422,-0.415849,0.065094,0.101538,0.068209,0.074997
toy_1650,30,27,1650,7.155237,-10.121340,0.838010,-0.224790,-0.368011,0.070024,0.107352,0.053535,0.063978
toy_1651,31,27,1651,7.163418,-10.159011,0.752203,-0.234520,-0.211270,0.062100,0.118489,0.067495,0.062917
toy_1652,32,27,1652,7.017729,-10.101166,0.733921,-0.194755,-0.178223,0.079611,0.128643,0.051216,0.060331
toy_1653,33,27,1653,7.021319,-10.115871,0.705094,-0.187285,-0.173035,0.067883,0.100694,0.060922,0.074120
toy_1654,34,27,1654,7.042409,-9.998162,0.720362,-0.166667,-0.024607,0.079732,0.134106,0.065846,0.064900
toy_1655,35,27,1655,6.933458,-9.984107,0.599955,-0.256733,0.008531,0.061868,0.121211,0.060659,0.064227
toy_1656,36,27,1656,6.821825,-9.832021,0.540124,-0.233042,0.134915,0.079161,0.100975,0.065741,0.068986
toy_1657,37,27,1657,6.703267,-9.730541,0.533428,-0.245074,-0.002380,0.070484,0.104400,0.051568,0.079399
toy_1658,38,27,1658,6.686688,-9.680257,0.475046,-0.279327,0.282308,0.067833,0.101566,0.068366,0.070381
toy_1659,39,27,1659,6.599384,-9.474173,0.495609,-0.256756,0.383808,0.069571,0.111085,0.050856,0.078877
toy_1660,40,27,1660,6.636156,-9.488514,0.390421,-0.296021,0.573704,0.077480,0.136024,0.057696,0.061906
toy_1661,41,27,1661,6.503927,-9.621684,0.386112,-0.313806,0.437499,0.064395,0.123691,0.061610,0.075522
toy_1662,42,27,1662,6.547274,-9.421041,0.428635,-0.357896,0.474369,0.063021,0.139094,0.063666,0.067677
toy_1663,43,27,1663,6.428101,-9.474248,0.364108,-0.390238,0.583936,0.079735,0.130525,0.061939,0.075425
toy_1664,44,27,1664,6.429697,-9.525348,0.309379,-0.351981,0.413024,0.076554,0.113624,0.050387,0.077096
toy_1665,45,27,1665,6.406324,-9.522864,0.296933,-0.398997,0.445316,0.061104,0.129789,0.057184,0.078248
toy_1666,46,27,1666,6.273583,-9.566873,0.220114,-0.418924,0.322671,0.071937,0.136711,0.056755,0.073220
toy_1667,47,27,1667,6.300739,-9.623553,0.270691,-0.398828,0.356431,0.070510,0.107490,0.055324,0.070805
toy_1668,48,27,1668,6.367057,-9.759810,0.267823,-0.342495,0.167105,0.071897,0.110670,0.057405,0.063680
toy_1669,49,27,1669,6.226655,-9.695503,0.274162,-0.442418,0.077544,0.064056,0.135822,0.051985,0.065603
toy_1670,50,27,1670,6.351951,-9.821676,0.244335,-0.423473,0.024375,0.077851,0.137277,0.057961,0.074294
toy_1671,51,27,1671,6.331458,-9.812295,0.233004,-0.412844,0.045341,0.064699,0.110215,0.066357,0.065739
toy_1687,7,28,1687,6.158290,-10.005654,0.204953,-0.458696,-0.251942,0.078425,0.107991,0.056096,0.061797
toy_1688,8,28,1688,6.204426,-9.970210,0.254476,-0.452372,-0.256277,0.066493,0.129818,0.053203,0.065516
toy_1689,9,28,1689,6.294542,-9.988394,0.269771,-0.427717,-0.277214,0.062384,0.136669,0.060913,0.073708
toy_1690,10,28,1690,6.323825,-9.946558,0.242085,-0.384793,-0.312181,0.061501,0.113033,0.066762,0.066281
toy_1691,11,28,1691,6.275314,-9.909876,0.262027,-0.430511,-0.258988,0.065634,0.117720,0.057496,0.078772
toy_1692,12,28,1692,6.321294,-9.955629,0.254709,-0.393689,-0.293169,0.079139,0.109278,0.062727,0.066088
toy_1693,13,28,1693,6.366899,-10.040635,0.329259,-0.437031,-0.253106,0.071499,0.103721,0.050032,0.076302
toy_1694,14,28,1694,6.358465,-9.925800,0.268351,-0.409671,-0.140531,0.060683,0.139985,0.055533,0.076369
toy_1695,15,28,1695,6.447784,-9.917714,0.326472,-0.367566,-0.259894,0.060172,0.106374,0.050682,0.077923
toy_1696,16,28,1696,6.540360,-10.036066,0.388712,-0.349783,-0.329633,0.072854,0.130400,0.060541,0.063517
toy_1697,17,28,1697,6.584594,-10.080166,0.435468,-0.291933,-0.234491,0.067981,0.137509,0.057563,0.070435
toy_1698,18,28,1698,6.674474,-10.015433,0.479090,-0.302437,-0.268840,0.065869,0.131413,0.066873,0.063656
toy_1699,19,28,1699,6.613504,-10.069867,0.523218,-0.318537,-0.205018,0.064059,0.128009,0.063472,0.071855
toy_1700,20,28,1700,6.797093,-10.046366,0.616495,-0.243616,-0.284721,0.062631,0.124553,0.060197,0.065950
toy_1701,21,28,1701,6.803107,-10.067566,0.574230,-0.209707,-0.325428,0.066295,0.113995,0.063844,0.074028
toy_1702,22,28,1702,6.950919,-10.110329,0.737259,-0.249730,-0.210205,0.068063,0.109052,0.051686,0.071353
toy_1703,23,28,1703,7.021853,-10.108908,0.684406,-0.245589,-0.222190,0.073380,0.122720,0.062605,0.063238
toy_1704,24,28,1704,7.085231,-9.997145,0.816684,-0.221456,-0.307021,0.063712,0.114267,0.062772,0.079384
toy_1705,25,28,1705,7.192962,-10.187347,0.890445,-0.157078,-0.264483,0.069127,0.106281,0.052139,0.070915
toy_1706,26,28,1706,7.261361,-10.200682,0.883875,-0.196500,-0.220013,0.075988,0.120503,0.053176,0.072680
toy_1707,27,28,1707,7.255764,-10.214565,0.862366,-0.142927,-0.325765,0.066211,0.139237,0.062372,0.078795
toy_1708,28,28,1708,7.349036,-10.260493,0.874815,-0.135921,-0.446372,0.060055,0.130181,0.060621,0.065814
toy_1709,29,28,1709,7.235022,-10.131235,0.857643,-0.145160,-0.184165,0.064978,0.116169,0.067175,0.063594
toy_1710,30,28,1710,7.239210,-10.140842,0.775709,-0.170110,-0.242432,0.069407,0.109858,0.059624,0.062454
toy_1711,31,28,1711,7.211023,-10.175923,0.780636,-0.208375,-0.184403,0.077927,0.107554,0.058670,0.069028
toy_1712,32,28,1712,7.205831,-10.116804,0.771114,-0.159901,-0.172284,0.071698,0.110935,0.064680,0.079175
toy_1713,33,28,1713,7.168279,-10.071500,0.740707,-0.166113,-0.078567,0.063927,0.110013,0.056442,0.070850
toy_1714,34,28,1714,7.041568,-10.045826,0.731372,-0.205088,-0.133184,0.078807,0.112144,0.063591,0.071317
toy_1715,35,28,1715,6.983921,-9.898036,0.644704,-0.220653,-0.052399,0.075282,0.103042,0.054305,0.077334
toy_1716,36,28,1716,6.897255,-9.843371,0.549897,-0.269254,0.116846,0.078403,0.135192,0.059923,0.062232
toy_1717,37,28,1717,6.935522,-9.762790,0.593806,-0.257268,0.124894,0.073727,0.112466,0.060288,0.071680
toy_1718,38,28,1718,6.725146,-9.796483,0.554099,-0.230708,0.242196,0.079806,0.119801,0.068207,0.074635
toy_1719,39,28,1719,6.708701,-9.648931,0.480330,-0.306539,0.309215,0.079792,0.112349,0.050297,0.066821
toy_1720,40,28,1720,6.582751,-9.460461,0.482768,-0.330768,0.539435,0.078587,0.111340,0.055668,0.066528
toy_1721,41,28,1721,6.520155,-9.535445,0.391653,-0.300437,0.526057,0.078002,0.139955,0.053032,0.077972
toy_1722,42,28,1722,6.482398,-9.498712,0.352473,-0.293218,0.692693,0.076165,0.104695,0.061443,0.077766
toy_1723,43,28,1723,6.480074,-9.592653,0.335623,-0.396794,0.424804,0.071579,0.139869,0.069657,0.073171
toy_1724,44,28,1724,6.407991,-9.563791,0.378314,-0.394177,0.444343,0.065817,0.123222,0.066095,0.078806
toy_1725,45,28,1725,6.386783,-9.554205,0.327931,-0.357558,0.414897,0.077807,0.119254,0.065375,0.064208
toy_1726,46,28,1726,6.318406,-9.701064,0.283173,-0.376182,0.278560,0.072573,0.122835,0.056448,0.077374
toy_1727,47,28,1727,6.469742,-9.767291,0.313253,-0.429654,0.305881,0.065224,0.102485,0.064583,0.077611
toy_1728,48,28,1728,6.239304,-9.708787,0.234239,-0.433819,-0.019119,0.077372,0.124169,0.051995,0.067719
toy_1729,49,28,1729,6.269462,-9.888597,0.214155,-0.425175,0.079737,0.062933,0.131210,0.063155,0.078083
toy_1730,50,28,1730,6.289232,-9.908420,0.248496,-0.427110,-0.120357,0.065517,0.135832,0.053383,0.077013
toy_1731,51,28,1731,6.255989,-9.899929,0.200802,-0.446359,-0.065908,0.062897,0.110387,0.066255,0.063672
toy_1747,7,29,1747,6.307077,-9.934449,0.178176,-0.448428,-0.284013,0.077135,0.128536,0.067511,0.074994
toy_1748,8,29,1748,6.270746,-9.976302,0.149837,-0.404443,-0.110098,0.068817,0.117543,0.059138,0.063938
toy_1749,9,29,1749,6.302826,-9.945230,0.192181,-0.447168,-0.208232,0.068526,0.139950,0.064620,0.073575
toy_1750,10,29,1750,6.270068,-9.924980,0.183813,-0.372829,-0.209837,0.071431,0.108110,0.068149,0.064602
toy_1751,11,29,1751,6.274586,-9.941905,0.188559,-0.421545,-0.217642,0.068986,0.114833,0.058722,0.072109
toy_1752,12,29,1752,6.301662,-9.918032,0.310837,-0.388460,-0.220326,0.076900,0.101614,0.060367,0.062400
toy_1753,13,29,1753,6.291409,-9.990665,0.240142,-0.363768,-0.275829,0.073996,0.111123,0.062390,0.066147
toy_1754,14,29,1754,6.357982,-9.951355,0.305629,-0.405068,-0.220134,0.072899,0.116496,0.062797,0.062100
toy_1755,15,29,1755,6.457384,-10.036941,0.326332,-0.402257,-0.354227,0.066568,0.135176,0.056493,0.061508
toy_1756,16,29,1756,6.448053,-9.982795,0.327642,-0.323018,-0.219804,0.068298,0.132267,0.067566,0.072694
toy_1757,17,29,1757,6.543774,-10.063058,0.412923,-0.331028,-0.171461,0.066911,0.126820,0.061674,0.075223
toy_1758,18,29,1758,6.656419,-10.103348,0.457635,-0.289413,-0.221204,0.065316,0.115638,0.056751,0.061099
toy_1759,19,29,1759,6.741132,-9.994367,0.523415,-0.288831,-0.246013,0.075002,0.123532,0.058707,0.065291
toy_1760,20,29,1760,6.795797,-10.104872,0.617606,-0.265667,-0.261989,0.066510,0.118893,0.055781,0.066513
toy_1761,21,29,1761,6.870296,-9.983177,0.622093,-0.244929,-0.357592,0.074339,0.128024,0.059206,0.061042
toy_1762,22,29,1762,6.886460,-10.085202,0.671839,-0.211582,-0.287035,0.072203,0.102173,0.068529,0.062653
toy_1763,23,29,1763,7.078113,-10.178170,0.808031,-0.196265,-0.327830,0.064271,0.134892,0.059371,0.075106
toy_1764,24,29,1764,7.073439,-10.057892,0.765934,-0.244353,-0.250440,0.077666,0.117883,0.068942,0.060645
toy_1765,25,29,1765,7.200587,-10.175402,0.876928,-0.215206,-0.320350,0.079676,0.133918,0.063320,0.067653
toy_1766,26,29,1766,7.307374,-10.216546,0.845211,-0.208495,-0.407759,0.067851,0.127936,0.067782,0.066017
toy_1767,27,29,1767,7.263696,-10.166008,0.956916,-0.194438,-0.425023,0.076923,0.104297,0.051193,0.068566
toy_1768,28,29,1768,7.446334,-10.230142,0.913973,-0.225737,-0.308630,0.065320,0.138970,0.053901,0.067165
toy_1769,29,29,1769,7.322061,-10.138933,0.825685,-0.154413,-0.189294,0.072996,0.110064,0.061259,0.060520
toy_1770,30,29,1770,7.408903,-10.201805,0.841261,-0.165185,-0.280959,0.067475,0.130560,0.068360,0.061079
toy_1771,31,29,1771,7.402003,-10.120035,0.902566,-0.177548,-0.256485,0.061994,0.113736,0.054557,0.079995
toy_1772,32,29,1772,7.327572,-10.070088,0.833832,-0.157515,-0.122119,0.062555,0.101328,0.058832,0.077395
toy_1773,33,29,1773,7.254629,-10.139264,0.741386,-0.196431,-0.096157,0.060053,0.119258,0.059420,0.074440
toy_1774,34,29,1774,7.230024,-10.036481,0.751430,-0.197704,-0.053879,0.067520,0.138026,0.066956,0.064547
toy_1775,35,29,1775,7.086370,-9.939908,0.770982,-0.217064,0.040630,0.078624,0.113402,0.057671,0.067750
toy_1776,36,29,1776,6.933214,-9.919059,0.673540,-0.186274,0.036658,0.075731,0.139481,0.067607,0.079332
toy_1777,37,29,1777,6.931632,-9.911505,0.639821,-0.212442,0.279022,0.075599,0.105996,0.065427,0.070704
toy_1778,38,29,1778,6.770131,-9.777775,0.572486,-0.279981,0.303737,0.062373,0.112424,0.068690,0.067664
toy_1779,39,29,1779,6.758669,-9.736017,0.534441,-0.283650,0.408402,0.073191,0.126396,0.062602,0.074057
toy_1780,40,29,1780,6.675501,-9.634273,0.453499,-0.248649,0.300305,0.069652,0.106460,0.069828,0.068628
toy_1781,41,29,1781,6.633480,-9.596623,0.440252,-0.303202,0.445636,0.060929,0.118650,0.068655,0.061322
toy_1782,42,29,1782,6.486078,-9.556808,0.399770,-0.335262,0.492578,0.067030,0.102868,0.069946,0.073952
toy_1783,43,29,1783,6.471004,-9.541126,0.347512,-0.316770,0.490795,0.060996,0.116404,0.053956,0.068537
toy_1784,44,29,1784,6.442860,-9.513240,0.308612,-0.365992,0.354457,0.061045,0.132616,0.052188,0.068099
toy_1785,45,29,1785,6.464917,-9.611920,0.293804,-0.415421,0.321181,0.079809,0.133188,0.053992,0.063281
toy_1786,46,29,1786,6.317579,-9.600087,0.268507,-0.403572,0.233705,0.073671,0.105069,0.056146,0.078452
toy_1787,47,29,1787,6.378913,-9.661825,0.317164,-0.363453,0.182962,0.077138,0.105799,0.064740,0.064647
toy_1788,48,29,1788,6.292756,-9.821697,0.260097,-0.382397,0.007484,0.076875,0.129081,0.064335,0.062948
toy_1789,49,29,1789,6.266405,-9.820086,0.225974,-0.409860,0.028005,0.066741,0.100021,0.065150,0.063610
toy_1790,50,29,1790,6.261262,-9.747905,0.284063,-0.437555,-0.088604,0.077506,0.135513,0.067900,0.072657
toy_1791,51,29,1791,6.376081,-9.813871,0.180984,-0.474011,-0.169514,0.070251,0.114763,0.060636,0.079039
toy_1792,52,29,1792,6.292521,-9.834806,0.235950,-0.450585,-0.107025,0.064080,0.134040,0.066831,0.066703
toy_1807,7,30,1807,6.261976,-9.921885,0.197378,-0.417235,-0.267901,0.061603,0.112635,0.061849,0.068563
toy_1808,8,30,1808,6.267740,-9.969993,0.245716,-0.457364,-0.278006,0.079414,0.138639,0.052405,0.079459
toy_1809,9,30,1809,6.236805,-9.929887,0.292996,-0.414909,-0.340185,0.073577,0.114924,0.068834,0.079533
toy_1810,10,30,1810,6.298695,-9.973973,0.240724,-0.387936,-0.345807,0.060290,0.103693,0.062894,0.077228
toy_1811,11,30,1811,6.204768,-10.043547,0.277740,-0.428717,-0.209699,0.070414,0.127617,0.067136,0.070135
toy_1812,12,30,1812,6.321064,-9.885894,0.227611,-0.410743,-0.201536,0.065895,0.104924,0.053218,0.073686
toy_1813,13,30,1813,6.302727,-9.935795,0.229902,-0.352795,-0.230242,0.079425,0.117615,0.051521,0.063656
toy_1814,14,30,1814,6.291653,-10.006949,0.327533,-0.353689,-0.321544,0.076313,0.130614,0.060151,0.075426
toy_1815,15,30,1815,6.349476,-9.932948,0.338395,-0.323473,-0.169249,0.065976,0.134551,0.052804,0.068562
toy_1816,16,30,1816,6.507493,-10.063643,0.347739,-0.342481,-0.191852,0.066190,0.123929,0.052172,0.073166
toy_1817,17,30,1817,6.591930,-9.977378,0.343068,-0.358831,-0.232740,0.073162,0.124746,0.053139,0.077762
toy_1818,18,30,1818,6.578097,-9.947168,0.439191,-0.270428,-0.280113,0.074088,0.130788,0.061108,0.067349
toy_1819,19,30,1819,6.605749,-10.044232,0.458065,-0.304018,-0.256163,0.066108,0.124002,0.056038,0.074774
toy_1820,20,30,1820,6.771992,-10.066266,0.576040,-0.281703,-0.273120,0.074622,0.114013,0.055012,0.063159
toy_1821,21,30,1821,6.848125,-10.032494,0.610043,-0.242577,-0.223726,0.074258,0.101660,0.054859,0.079310
toy_1822,22,30,1822,6.910717,-10.024992,0.689460,-0.268879,-0.120441,0.064030,0.112091,0.069370,0.074376
toy_1823,23,30,1823,6.987434,-10.133674,0.741629,-0.193006,-0.298640,0.063753,0.112271,0.053882,0.064740
toy_1824,24,30,1824,7.060114,-10.121889,0.704422,-0.253479,-0.198456,0.061106,0.116664,0.057557,0.061327
toy_1825,25,30,1825,7.179362,-10.190353,0.820894,-0.175168,-0.215902,0.060904,0.137961,0.065883,0.060490
toy_1826,26,30,1826,7.175098,-10.171126,0.875177,-0.161101,-0.279352,0.069922,0.130862,0.064678,0.066081
toy_1827,27,30,1827,7.296089,-10.236933,0.963659,-0.149539,-0.281789,0.068375,0.112528,0.051021,0.077339
toy_1828,28,30,1828,7.325047,-10.241033,0.960514,-0.120758,-0.360100,0.060203,0.130413,0.057193,0.076322
toy_1829,29,30,1829,7.374260,-10.178133,0.858801,-0.117601,-0.231869,0.077358,0.110973,0.066592,0.064202
toy_1830,30,30,1830,7.444055,-10.109537,0.833127,-0.136603,-0.248219,0.062203,0.139556,0.054134,0.076621
toy_1831,31,30,1831,7.369808,-10.144518,0.859444,-0.109370,-0.126680,0.074561,0.133848,0.069080,0.075770
toy_1832,32,30,1832,7.328497,-10.157152,0.821619,-0.145682,-0.240881,0.066284,0.136104,0.060416,0.079402
toy_1833,33,30,1833,7.178786,-10.108194,0.797402,-0.164713,-0.126034,0.079421,0.123053,0.054510,0.067721
toy_1834,34,30,1834,7.273183,-10.102234,0.803721,-0.191473,-0.203025,0.066478,0.127093,0.051121,0.063090
toy_1835,35,30,1835,7.185075,-10.005249,0.732293,-0.225726,-0.077156,0.077124,0.104788,0.051826,0.069736
toy_1836,36,30,1836,7.083777,-9.933379,0.720455,-0.207095,0.098385,0.077739,0.137104,0.060311,0.062584
toy_1837,37,30,1837,6.930116,-9.894609,0.647061,-0.233367,0.120474,0.065496,0.137046,0.062419,0.076238
toy_1838,38,30,1838,6.870059,-9.789430,0.672818,-0.255187,0.072189,0.067172,0.106729,0.069380,0.073546
toy_1839,39,30,1839,6.785513,-9.745977,0.542087,-0.296554,0.161186,0.067136,0.124453,0.050893,0.063373
toy_1840,40,30,1840,6.702962,-9.718336,0.414366,-0.271436,0.364417,0.064225,0.123257,0.052425,0.063540
toy_1841,41,30,1841,6.588000,-9.696230,0.504375,-0.356374,0.187289,0.076344,0.104322,0.066667,0.077076
toy_1842,42,30,1842,6.518438,-9.641650,0.422034,-0.292690,0.371001,0.070719,0.122247,0.059050,0.072393
toy_1843,43,30,1843,6.505895,-9.612417,0.421528,-0.329603,0.176335,0.066452,0.113726,0.063410,0.070051
toy_1844,44,30,1844,6.495966,-9.671393,0.306074,-0.312666,0.332153,0.074388,0.101692,0.065135,0.072613
toy_1845,45,30,1845,6.387925,-9.751893,0.305180,-0.391124,0.279007,0.067410,0.119090,0.064798,0.068171
toy_1846,46,30,1846,6.377353,-9.690503,0.332283,-0.392135,0.255628,0.065291,0.129626,0.063452,0.078684
toy_1847,47,30,1847,6.371348,-9.796410,0.287059,-0.395286,0.104798,0.072056,0.123267,0.054110,0.065875
toy_1848,48,30,1848,6.350563,-9.759583,0.302377,-0.417334,-0.021418,0.065278,0.107011,0.056053,0.060208
toy_1849,49,30,1849,6.295853,-9.778449,0.213683,-0.407026,-0.091745,0.079299,0.132627,0.065153,0.072985
toy_1850,50,30,1850,6.203745,-9.921879,0.224938,-0.411572,-0.115330,0.075660,0.104619,0.063393,0.062259
toy_1851,51,30,1851,6.231619,-9.820006,0.186415,-0.409942,-0.095608,0.066052,0.137286,0.064700,0.078902
toy_1852,52,30,1852,6.249940,-9.912862,0.141114,-0.471607,-0.151859,0.075572,0.115113,0.053686,0.068608
toy_1867,7,31,1867,6.173738,-9.906328,0.183436,-0.459281,-0.251323,0.078518,0.103098,0.055912,0.070763
toy_1868,8,31,1868,6.153453,-10.044493,0.274630,-0.475523,-0.203112,0.069653,0.139269,0.051132,0.071883
toy_1869,9,31,1869,6.222078,-9.994196,0.248101,-0.432802,-0.259252,0.076376,0.105149,0.050745,0.071349
toy_1870,10,31,1870,6.214049,-10.071987,0.238910,-0.422316,-0.301807,0.068497,0.139859,0.067388,0.061851
toy_1871,11,31,1871,6.311127,-9.902609,0.264201,-0.434111,-0.299332,0.079642,0.114842,0.054401,0.077990
toy_1872,12,31,1872,6.309887,-9.941713,0.222599,-0.354957,-0.226897,0.066710,0.105779,0.057165,0.072514
toy_1873,13,31,1873,6.319690,-9.949680,0.270323,-0.390359,-0.431809,0.079715,0.102796,0.066057,0.069717
toy_1874,14,31,1874,6.337319,-9.915225,0.292914,-0.365958,-0.238571,0.078461,0.100219,0.068353,0.066466
toy_1875,15,31,1875,6.378758,-9.941528,0.390270,-0.329213,-0.136287,0.072927,0.118100,0.055963,0.072030
toy_1876,16,31,1876,6.553061,-9.948783,0.341443,-0.335502,-0.153986,0.079513,0.111465,0.065661,0.060740
toy_1877,17,31,1877,6.524028,-9.988256,0.386129,-0.304939,-0.244098,0.068408,0.108414,0.050614,0.070007
toy_1878,18,31,1878,6.579966,-10.114142,0.360094,-0.402619,-0.160910,0.079476,0.115307,0.059144,0.078044
toy_1879,19,31,1879,6.630673,-10.011584,0.482500,-0.292213,-0.245394,0.078948,0.123091,0.055998,0.075889
toy_1880,20,31,1880,6.693348,-9.953683,0.511837,-0.290505,-0.248519,0.067287,0.139875,0.066395,0.069219
toy_1881,21,31,1881,6.743297,-9.974265,0.560153,-0.285478,-0.295749,0.073479,0.116525,0.054953,0.062264
toy_1882,22,31,1882,6.932278,-10.101070,0.650052,-0.226606,-0.367076,0.071525,0.128163,0.058782,0.063481
toy_1883,23,31,1883,7.007748,-9.974488,0.699184,-0.236661,-0.238054,0.068582,0.105941,0.061734,0.076214
toy_1884,24,31,1884,6.997700,-10.118161,0.733347,-0.211661,-0.204852,0.067870,0.104681,0.064732,0.074951
toy_1885,25,31,1885,7.097506,-10.184274,0.798376,-0.244065,-0.450398,0.065835,0.100316,0.069129,0.067303
toy_1886,26,31,1886,7.092365,-10.145488,0.827389,-0.177861,-0.413268,0.060827,0.108784,0.059029,0.073248
toy_1887,27,31,1887,7.269923,-10.312472,0.838685,-0.174122,-0.284649,0.064559,0.118372,0.052858,0.073458
toy_1888,28,31,1888,7.250824,-10.289886,0.914222,-0.076162,-0.256569,0.075424,0.113150,0.051801,0.070512
toy_1889,29,31,1889,7.330014,-10.164165,0.801065,-0.130794,-0.232525,0.073516,0.132579,0.051133,0.068462
toy_1890,30,31,1890,7.319006,-10.188156,0.737720,-0.104543,-0.066460,0.062502,0.122004,0.055065,0.074651
toy_1891,31,31,1891,7.398399,-10.212452,0.777664,-0.140127,-0.152944,0.075698,0.102794,0.066616,0.064074
toy_1892,32,31,1892,7.326722,-10.010568,0.779194,-0.149872,-0.097914,0.072831,0.106184,0.052934,0.079352
toy_1893,33,31,1893,7.266062,-10.103585,0.706114,-0.198836,-0.142228,0.061714,0.120175,0.065074,0.066489
toy_1894,34,31,1894,7.177990,-10.089310,0.729571,-0.211014,-0.019289,0.061391,0.111275,0.063185,0.060246
toy_1895,35,31,1895,7.103982,-10.094776,0.741941,-0.189383,-0.057814,0.066447,0.107471,0.052991,0.072043
toy_1896,36,31,1896,7.053400,-9.967077,0.650553,-0.278909,-0.124210,0.071155,0.102065,0.052043,0.060249
toy_1897,37,31,1897,6.979406,-9.915631,0.681454,-0.254897,-0.042003,0.078278,0.116120,0.065359,0.075257
toy_1898,38,31,1898,6.856983,-9.888877,0.617383,-0.246128,0.083126,0.077672,0.102654,0.056900,0.076459
toy_1899,39,31,1899,6.821256,-9.776390,0.524343,-0.271850,0.152535,0.063052,0.135653,0.053209,0.070881
toy_1900,40,31,1900,6.723855,-9.790638,0.534157,-0.263799,0.275030,0.075726,0.111762,0.053489,0.060441
toy_1901,41,31,1901,6.651188,-9.745936,0.427524,-0.309569,0.228706,0.065698,0.109776,0.050935,0.060147
toy_1902,42,31,1902,6.644816,-9.677492,0.452540,-0.300179,0.128322,0.078642,0.110388,0.059672,0.067181
toy_1903,43,31,1903,6.515123,-9.787656,0.389394,-0.342213,0.261379,0.077549,0.135916,0.056675,0.064972
toy_1904,44,31,1904,6.470544,-9.722420,0.340829,-0.375374,0.137267,0.072099,0.121693,0.062717,0.075990
toy_1905,45,31,1905,6.382238,-9.830412,0.290466,-0.415966,0.117463,0.067267,0.135898,0.052367,0.060135
toy_1906,46,31,1906,6.387912,-9.713646,0.376223,-0.382912,0.143077,0.067297,0.123054,0.051614,0.066674
toy_1907,47,31,1907,6.293177,-9.746884,0.359966,-0.404976,-0.001090,0.076052,0.106995,0.056574,0.079592
toy_1908,48,31,1908,6.347606,-9.895233,0.257089,-0.400830,-0.074594,0.075056,0.133010,0.067917,0.069698
toy_1909,49,31,1909,6.248646,-9.900473,0.222014,-0.415582,-0.068062,0.076014,0.100653,0.065777,0.065932
toy_1910,50,31,1910,6.289859,-9.820162,0.236300,-0.439121,-0.197539,0.068377,0.117731,0.066733,0.075012
toy_1911,51,31,1911,6.267097,-9.852601,0.231486,-0.446442,-0.166439,0.069541,0.136423,0.059883,0.061476
toy_1912,52,31,1912,6.245123,-9.875187,0.203898,-0.477213,-0.062493,0.070725,0.108455,0.069851,0.061288
toy_1928,8,32,1928,6.246397,-9.925691,0.185932,-0.461817,-0.357831,0.076168,0.107612,0.051862,0.075948
toy_1929,9,32,1929,6.162054,-9.910374,0.219956,-0.404163,-0.222292,0.067595,0.123888,0.054497,0.078610
toy_1930,10,32,1930,6.220275,-9.929445,0.178932,-0.440038,-0.303362,0.069687,0.135530,0.063365,0.078372
toy_1931,11,32,1931,6.195245,-9.926290,0.195426,-0.421552,-0.230429,0.079131,0.126270,0.067633,0.064899
toy_1932,12,32,1932,6.233601,-9.952552,0.250661,-0.409888,-0.236390,0.070758,0.112606,0.053226,0.074379
toy_1933,13,32,1933,6.318900,-9.978412,0.329971,-0.381292,-0.140647,0.060124,0.124902,0.067566,0.068524
toy_1934,14,32,1934,6.296106,-10.020504,0.252164,-0.356068,-0.292105,0.061253,0.139441,0.059898,0.076185
toy_1935,15,32,1935,6.352125,-9.934124,0.288242,-0.376944,-0.328435,0.076124,0.101213,0.062577,0.071185
toy_1936,16,32,1936,6.354259,-9.910495,0.330900,-0.341700,-0.209149,0.069471,0.137666,0.059341,0.074753
toy_1937,17,32,1937,6.440070,-10.052179,0.306592,-0.330717,-0.118690,0.060967,0.119531,0.055643,0.064790
toy_1938,18,32,1938,6.540132,-9.989953,0.387695,-0.350904,-0.245169,0.075513,0.132883,0.062496,0.071514
toy_1939,19,32,1939,6.601335,-10.047191,0.394277,-0.304333,-0.329440,0.078705,0.133370,0.051710,0.075525
toy_1940,20,32,1940,6.630851,-10.035735,0.489824,-0.265988,-0.246403,0.072150,0.126310,0.067353,0.074282
toy_1941,21,32,1941,6.765287,-10.115329,0.518893,-0.286311,-0.184866,0.066597,0.104108,0.056630,0.069631
toy_1942,22,32,1942,6.773698,-10.077975,0.614062,-0.269872,-0.114764,0.073372,0.107354,0.056737,0.063458
toy_1943,23,32,1943,6.784773,-10.058615,0.625855,-0.226523,-0.250764,0.062474,0.117317,0.053343,0.069205
toy_1944,24,32,1944,7.021798,-10.092902,0.669057,-0.235765,-0.252535,0.079872,0.107290,0.057755,0.066057
toy_1945,25,32,1945,7.026492,-10.227136,0.781193,-0.169295,-0.379197,0.062710,0.128396,0.054333,0.063009
toy_1946,26,32,1946,7.189689,-10.305969,0.796792,-0.191894,-0.298765,0.062885,0.113370,0.058737,0.068895
toy_1947,27,32,1947,7.096380,-10.141002,0.839676,-0.210310,-0.316174,0.064610,0.113038,0.054155,0.070639
toy_1948,28,32,1948,7.232724,-10.172577,0.826653,-0.151405,-0.391496,0.061123,0.118965,0.052038,0.060100
toy_1949,29,32,1949,7.287445,-10.056462,0.734215,-0.176581,-0.173677,0.071891,0.121701,0.064306,0.077212
toy_1950,30,32,1950,7.232285,-10.145195,0.710905,-0.122377,-0.022050,0.065006,0.105150,0.062319,0.074884
toy_1951,31,32,1951,7.236786,-10.050339,0.663898,-0.163472,-0.048868,0.069388,0.120635,0.069030,0.072661
toy_1952,32,32,1952,7.254547,-10.205718,0.716098,-0.178137,-0.154206,0.064449,0.111206,0.059301,0.079672
toy_1953,33,32,1953,7.187957,-10.029253,0.644331,-0.202464,-0.186867,0.060790,0.117983,0.059053,0.071379
toy_1954,34,32,1954,7.204247,-10.056117,0.712105,-0.247650,-0.002865,0.075275,0.114859,0.062793,0.070192
toy_1955,35,32,1955,7.063736,-9.985723,0.596382,-0.220143,0.030833,0.065133,0.104814,0.054454,0.064073
toy_1956,36,32,1956,7.000479,-9.962857,0.603196,-0.229838,0.003170,0.071621,0.135152,0.069953,0.066499
toy_1957,37,32,1957,6.911454,-9.907396,0.632267,-0.243535,0.031268,0.071791,0.107406,0.060670,0.065023
toy_1958,38,32,1958,6.878237,-9.857708,0.569755,-0.283355,0.173998,0.068012,0.134279,0.064980,0.060783
toy_1959,39,32,1959,6.824019,-9.875449,0.541508,-0.281649,0.041982,0.065328,0.122768,0.051795,0.068181
toy_1960,40,32,1960,6.806698,-9.708259,0.458186,-0.339621,0.059419,0.061841,0.113734,0.053814,0.075336
toy_1961,41,32,1961,6.684873,-9.796304,0.453333,-0.309747,0.122219,0.063358,0.101161,0.055930,0.071218
toy_1962,42,32,1962,6.616840,-9.812974,0.384913,-0.296427,0.144896,0.078659,0.137326,0.068105,0.070942
toy_1963,43,32,1963,6.517357,-9.772464,0.359235,-0.300802,0.106437,0.068877,0.117135,0.051085,0.078316
toy_1964,44,32,1964,6.492941,-9.636765,0.377147,-0.376281,-0.006401,0.076300,0.100980,0.066337,0.076364
toy_1965,45,32,1965,6.362215,-9.764659,0.273510,-0.366024,0.165374,0.077694,0.123648,0.068065,0.073000
toy_1966,46,32,1966,6.403000,-9.774450,0.312171,-0.362968,-0.041225,0.067437,0.121039,0.053342,0.067687
toy_1967,47,32,1967,6.298442,-9.852184,0.260419,-0.438083,-0.074537,0.063445,0.103314,0.068254,0.077482
toy_1968,48,32,1968,6.326136,-9.808966,0.266257,-0.368699,-0.114402,0.073283,0.109246,0.053731,0.064095
toy_1969,49,32,1969,6.323173,-9.832759,0.249753,-0.414314,-0.038686,0.074319,0.108495,0.064006,0.070252
toy_1970,50,32,1970,6.317135,-9.808330,0.183275,-0.408680,-0.223983,0.067829,0.131707,0.059519,0.067285
toy_1971,51,32,1971,6.292847,-9.864448,0.159876,-0.447156,-0.178044,0.060951,0.111218,0.051357,0.071104
toy_1972,52,32,1972,6.296967,-9.895239,0.222040,-0.463286,-0.146515,0.069815,0.107640,0.066942,0.071437
toy_1988,8,33,1988,6.207675,-9.974669,0.175449,-0.427184,-0.249075,0.071309,0.137662,0.060368,0.062217
toy_1989,9,33,1989,6.191582,-9.936604,0.191788,-0.455131,-0.116954,0.067598,0.113802,0.058179,0.068413
toy_1990,10,33,1990,6.204898,-9.978360,0.206268,-0.407827,-0.240492,0.076577,0.116875,0.063254,0.067413
toy_1991,11,33,1991,6.328061,-9.917087,0.249054,-0.401787,-0.244658,0.074293,0.130260,0.066201,0.065373
toy_1992,12,33,1992,6.276474,-10.037764,0.202834,-0.359875,-0.227818,0.067682,0.114209,0.052795,0.072290
toy_1993,13,33,1993,6.246151,-9.958678,0.250571,-0.354250,-0.151955,0.069128,0.102086,0.067659,0.070075
toy_1994,14,33,1994,6.301211,-9.979110,0.257807,-0.389670,-0.237042,0.064822,0.127585,0.060659,0.079397
toy_1995,15,33,1995,6.337418,-10.020611,0.372000,-0.363755,-0.210333,0.074097,0.134401,0.062458,0.067502
toy_1996,16,33,1996,6.402667,-9.945441,0.336763,-0.373127,-0.178994,0.063516,0.117909,0.061202,0.071282
toy_1997,17,33,1997,6.354990,-10.005515,0.309714,-0.288247,-0.203195,0.076693,0.103237,0.057079,0.060087
toy_1998,18,33,1998,6.568288,-9.943118,0.400481,-0.365165,-0.131299,0.061159,0.111971,0.059427,0.077237
toy_1999,19,33,1999,6.494951,-10.038934,0.391383,-0.309832,-0.190362,0.068339,0.120104,0.058730,0.078341
toy_2000,20,33,2000,6.643906,-10.062779,0.393208,-0.349713,-0.166323,0.076869,0.138066,0.068386,0.074535
toy_2001,21,33,2001,6.628478,-10.114617,0.490203,-0.310447,-0.210828,0.078972,0.104304,0.067936,0.066808
toy_2002,22,33,2002,6.684352,-9.958641,0.512113,-0.236259,-0.272736,0.072109,0.123653,0.065374,0.066746
toy_2003,23,33,2003,6.768050,-10.110446,0.600522,-0.233305,-0.237705,0.065937,0.127053,0.058770,0.071389
toy_2004,24,33,2004,6.846669,-10.050940,0.609797,-0.246677,-0.205728,0.063317,0.119743,0.066486,0.069919
toy_2005,25,33,2005,6.984387,-10.060377,0.623964,-0.180041,-0.355204,0.067329,0.135574,0.059430,0.074059
toy_2006,26,33,2006,6.949931,-10.105557,0.710285,-0.213224,-0.186286,0.069615,0.132812,0.051068,0.069593
toy_2007,27,33,2007,7.064823,-10.231517,0.791014,-0.225101,-0.356052,0.072320,0.106816,0.059971,0.065356
toy_2008,28,33,2008,7.136108,-10.144881,0.766290,-0.153790,-0.381977,0.060163,0.114435,0.061875,0.074296
toy_2009,29,33,2009,7.214397,-10.162506,0.690336,-0.205822,-0.019576,0.073096,0.103357,0.061757,0.065077
toy_2010,30,33,2010,7.269942,-10.134344,0.676197,-0.193795,-0.154424,0.061331,0.137354,0.059435,0.073860
toy_2011,31,33,2011,7.201929,-10.065761,0.588267,-0.148003,-0.131524,0.068386,0.104163,0.057649,0.069158
toy_2012,32,33,2012,7.175888,-10.008916,0.615446,-0.217024,-0.158893,0.075796,0.129361,0.053476,0.068135
toy_2013,33,33,2013,7.168161,-9.935131,0.600483,-0.224179,-0.053296,0.063978,0.116953,0.062715,0.061330
toy_2014,34,33,2014,7.068267,-9.989605,0.518514,-0.239488,-0.008661,0.072370,0.138137,0.052320,0.062437
toy_2015,35,33,2015,7.053916,-9.932674,0.573484,-0.226759,-0.066115,0.077768,0.109408,0.061674,0.069433
toy_2016,36,33,2016,7.023272,-9.899269,0.525608,-0.191324,0.114685,0.075107,0.114831,0.069140,0.069671
toy_2017,37,33,2017,6.865370,-9.886436,0.473528,-0.242374,0.026448,0.071476,0.109942,0.052123,0.061624
toy_2018,38,33,2018,6.838596,-9.936403,0.421984,-0.228484,0.108682,0.072422,0.134488,0.059562,0.071628
toy_2019,39,33,2019,6.761733,-9.812382,0.486033,-0.286716,-0.006546,0.072599,0.132694,0.065143,0.074454
toy_2020,40,33,2020,6.652137,-9.835678,0.474398,-0.290482,-0.050641,0.079936,0.103340,0.067775,0.073547
toy_2021,41,33,2021,6.698293,-9.793857,0.376467,-0.306449,0.052086,0.069637,0.104309,0.064300,0.074504
toy_2022,42,33,2022,6.612443,-9.833645,0.364541,-0.338576,0.061009,0.062588,0.118995,0.061425,0.060511
toy_2023,43,33,2023,6.486940,-9.826965,0.370484,-0.351289,-0.000955,0.075844,0.108289,0.051129,0.070121
toy_2024,44,33,2024,6.437870,-9.818121,0.343234,-0.346500,-0.084126,0.072334,0.104799,0.052452,0.076869
toy_2025,45,33,2025,6.367999,-9.822443,0.296535,-0.298373,0.005529,0.069123,0.133358,0.066103,0.075351
toy_2026,46,33,2026,6.429169,-9.897159,0.305606,-0.419708,-0.063922,0.072763,0.137768,0.066044,0.074141
toy_2027,47,33,2027,6.352573,-9.760844,0.338861,-0.350300,-0.184472,0.062669,0.106023,0.057416,0.063569
toy_2028,48,33,2028,6.296413,-9.953037,0.273570,-0.430409,-0.059621,0.072916,0.113659,0.060837,0.079182
toy_2029,49,33,2029,6.308709,-9.937510,0.275681,-0.441249,-0.038707,0.079602,0.100553,0.057054,0.068750
toy_2030,50,33,2030,6.214411,-9.927684,0.267633,-0.460042,-0.157661,0.062123,0.126428,0.064134,0.079375
toy_2031,51,33,2031,6.293051,-9.900840,0.211678,-0.487537,-0.202447,0.078745,0.112550,0.058252,0.063878
toy_2032,52,33,2032,6.258340,-9.996597,0.205996,-0.459914,-0.122895,0.068763,0.123117,0.067594,0.065160
toy_2048,8,34,2048,6.208593,-9.988657,0.209772,-0.450271,-0.267564,0.067323,0.109045,0.057868,0.074948
toy_2049,9,34,2049,6.216675,-9.951837,0.284005,-0.458037,-0.264848,0.078156,0.128871,0.065338,0.074324
toy_2050,10,34,2050,6.145520,-9.995057,0.222231,-0.489369,-0.385210,0.067215,0.113693,0.062035,0.067702
toy_2051,11,34,2051,6.263171,-9.912266,0.224397,-0.407799,-0.120751,0.074786,0.128837,0.054644,0.078769
toy_2052,12,34,2052,6.243511,-9.925903,0.307046,-0.427458,-0.238512,0.063341,0.115248,0.057505,0.074473
toy_2053,13,34,2053,6.317107,-10.005427,0.291199,-0.396964,-0.137448,0.065148,0.113386,0.051708,0.061665
toy_2054,14,34,2054,6.324127,-9.955843,0.330047,-0.388606,-0.232366,0.064623,0.117645,0.069472,0.071280
toy_2055,15,34,2055,6.420291,-9.938734,0.229497,-0.365730,-0.097795,0.066183,0.123790,0.062125,0.074690
toy_2056,16,34,2056,6.452518,-9.968156,0.347039,-0.401902,-0.114771,0.060637,0.132849,0.052297,0.074691
toy_2057,17,34,2057,6.402779,-9.976172,0.367666,-0.327879,-0.101816,0.065002,0.100433,0.058050,0.073278
toy_2058,18,34,2058,6.531160,-9.948237,0.431894,-0.315990,-0.045499,0.063510,0.131410,0.051536,0.073101
toy_2059,19,34,2059,6.524759,-9.993220,0.422635,-0.298498,-0.191206,0.069975,0.116613,0.067524,0.068662
toy_2060,20,34,2060,6.628681,-9.909885,0.405438,-0.289300,-0.185160,0.072268,0.118931,0.053568,0.061116
toy_2061,21,34,2061,6.650346,-9.993644,0.434949,-0.301110,-0.259020,0.067165,0.136479,0.054378,0.067080
toy_2062,22,34,2062,6.613819,-9.999916,0.509369,-0.255748,-0.320460,0.077293,0.102182,0.064967,0.076303
toy_2063,23,34,2063,6.759499,-10.027640,0.530283,-0.226090,-0.240966,0.070171,0.119488,0.063964,0.076495
toy_2064,24,34,2064,6.752576,-10.138407,0.584843,-0.215714,-0.246167,0.071209,0.106735,0.051046,0.068950
toy_2065,25,34,2065,6.790773,-10.090067,0.579311,-0.228910,-0.355369,0.062871,0.122321,0.065120,0.074445
toy_2066,26,34,2066,6.959698,-10.062894,0.679493,-0.242342,-0.282804,0.076149,0.135218,0.060529,0.061896
toy_2067,27,34,2067,7.015752,-10.072844,0.721584,-0.256024,-0.267612,0.068492,0.123765,0.052371,0.065210
toy_2068,28,34,2068,7.093217,-10.152995,0.720445,-0.207740,-0.317613,0.078284,0.110779,0.054351,0.072723
toy_2069,29,34,2069,7.022377,-10.124328,0.598675,-0.181759,-0.158806,0.061186,0.112498,0.062085,0.065076
toy_2070,30,34,2070,7.110351,-10.051774,0.532475,-0.134104,-0.279863,0.066303,0.130917,0.058221,0.072968
toy_2071,31,34,2071,7.045027,-9.938031,0.485034,-0.204777,-0.069807,0.079676,0.124283,0.060967,0.071571
toy_2072,32,34,2072,7.060882,-10.029196,0.526531,-0.209936,-0.062897,0.075747,0.136181,0.053254,0.065478
toy_2073,33,34,2073,6.984280,-10.091778,0.459810,-0.215324,0.033964,0.073693,0.125525,0.063072,0.074988
toy_2074,34,34,2074,7.057336,-9.970191,0.414472,-0.235821,0.095752,0.061119,0.108997,0.069154,0.077646
toy_2075,35,34,2075,6.993388,-9.864785,0.430616,-0.190074,0.091394,0.079430,0.129204,0.063580,0.074728
toy_2076,36,34,2076,6.918652,-9.947031,0.409029,-0.207310,0.030086,0.061114,0.112601,0.062952,0.074708
toy_2077,37,34,2077,6.811116,-9.912172,0.401331,-0.237256,0.227444,0.064925,0.131392,0.064888,0.078161
toy_2078,38,34,2078,6.857666,-9.797510,0.308671,-0.309170,-0.051441,0.077027,0.127148,0.055841,0.065911
toy_2079,39,34,2079,6.757384,-9.785354,0.307529,-0.270289,0.081448,0.066562,0.101915,0.062535,0.071934
toy_2080,40,34,2080,6.750293,-9.833465,0.413927,-0.277447,0.087168,0.073753,0.120763,0.056145,0.077451
toy_2081,41,34,2081,6.585139,-9.903054,0.359359,-0.351664,0.049591,0.069251,0.139674,0.051999,0.073722
toy_2082,42,34,2082,6.542395,-9.761039,0.336414,-0.345633,-0.018241,0.079982,0.105116,0.056883,0.076830
toy_2083,43,34,2083,6.489200,-9.917640,0.312744,-0.357378,0.021464,0.073586,0.112823,0.058961,0.060661
toy_2084,44,34,2084,6.496912,-9.811674,0.326189,-0.414937,-0.016122,0.074295,0.126130,0.066401,0.065685
toy_2085,45,34,2085,6.466967,-9.816747,0.316493,-0.410603,-0.042449,0.063672,0.100473,0.054731,0.066624
toy_2086,46,34,2086,6.330562,-9.794201,0.308064,-0.348160,-0.056454,0.075718,0.120225,0.053310,0.072399
toy_2087,47,34,2087,6.385929,-9.915222,0.304340,-0.430876,-0.166354,0.072047,0.115522,0.059486,0.070381
toy_2088,48,34,2088,6.390691,-9.897503,0.258775,-0.392761,-0.128631,0.060069,0.100662,0.060659,0.063080
toy_2089,49,34,2089,6.337357,-9.975325,0.223849,-0.440429,-0.247424,0.072061,0.106302,0.057841,0.066961
toy_2090,50,34,2090,6.285102,-9.982899,0.248497,-0.428115,-0.213613,0.060383,0.113786,0.053388,0.070401
toy_2091,51,34,2091,6.275165,-9.968609,0.194542,-0.448851,-0.120174,0.060448,0.101604,0.053344,0.075836
toy_2092,52,34,2092,6.238043,-9.999966,0.245508,-0.479262,-0.242479,0.076009,0.113621,0.050905,0.062566
toy_2109,9,35,2109,6.314400,-9.893470,0.282133,-0.397786,-0.327009,0.062729,0.118412,0.060403,0.078334
toy_2110,10,35,2110,6.259628,-10.045338,0.173068,-0.422565,-0.357528,0.073457,0.118173,0.058042,0.069214
toy_2111,11,35,2111,6.237961,-9.908484,0.244317,-0.431914,-0.274767,0.070769,0.115101,0.054695,0.070262
toy_2112,12,35,2112,6.299460,-9.910132,0.201311,-0.413469,-0.134847,0.068497,0.101245,0.055112,0.070991
toy_2113,13,35,2113,6.279354,-9.841147,0.218678,-0.371392,-0.181545,0.064593,0.109273,0.060085,0.062111
toy_2114,14,35,2114,6.271593,-9.958537,0.208168,-0.425673,-0.178232,0.065109,0.113362,0.067613,0.079338
toy_2115,15,35,2115,6.378609,-9.976841,0.301963,-0.399273,-0.342139,0.072131,0.117665,0.051795,0.062141
toy_2116,16,35,2116,6.433768,-9.798183,0.294216,-0.338989,-0.191516,0.068813,0.109055,0.056755,0.073781
toy_2117,17,35,2117,6.413393,-9.939354,0.363295,-0.327065,-0.267709,0.067824,0.124542,0.064641,0.072892
toy_2118,18,35,2118,6.481895,-9.992660,0.377906,-0.367197,-0.223498,0.063363,0.101296,0.068355,0.079936
toy_2119,19,35,2119,6.479282,-10.020900,0.387332,-0.336824,-0.231313,0.065887,0.111649,0.057106,0.079977
toy_2120,20,35,2120,6.557149,-9.970148,0.460430,-0.295971,-0.242260,0.075560,0.138866,0.060343,0.073587
toy_2121,21,35,2121,6.491436,-9.954604,0.428014,-0.286620,-0.381905,0.070550,0.121783,0.051027,0.075564
toy_2122,22,35,2122,6.636713,-10.056163,0.453863,-0.271404,-0.165495,0.074721,0.115415,0.064888,0.076482
toy_2123,23,35,2123,6.730592,-9.966024,0.530603,-0.293803,-0.285803,0.068474,0.120686,0.061639,0.069501
toy_2124,24,35,2124,6.705927,-10.118543,0.541564,-0.253525,-0.236150,0.076370,0.119266,0.050946,0.064062
toy_2125,25,35,2125,6.781779,-10.160350,0.550703,-0.251921,-0.329074,0.060632,0.121213,0.055181,0.077280
toy_2126,26,35,2126,6.806576,-10.117882,0.569066,-0.258007,-0.208579,0.074144,0.132530,0.067976,0.061825
toy_2127,27,35,2127,6.814387,-10.131769,0.600461,-0.199547,-0.257081,0.068438,0.110981,0.053280,0.078952
toy_2128,28,35,2128,6.875836,-10.216708,0.557204,-0.237171,-0.243394,0.071700,0.136113,0.060598,0.077697
toy_2129,29,35,2129,6.875610,-9.928097,0.552461,-0.247510,-0.095073,0.064753,0.103787,0.057131,0.064686
toy_2130,30,35,2130,6.957903,-10.050278,0.533214,-0.157025,-0.129855,0.063093,0.132169,0.051218,0.061501
toy_2131,31,35,2131,6.946241,-10.035452,0.585761,-0.236265,-0.150466,0.070957,0.101663,0.059192,0.075147
toy_2132,32,35,2132,6.922770,-10.000988,0.492535,-0.224122,-0.131637,0.075496,0.101808,0.050865,0.061224
toy_2133,33,35,2133,6.930483,-9.973453,0.485981,-0.216827,-0.032044,0.079627,0.109331,0.061450,0.076798
toy_2134,34,35,2134,6.926602,-9.978388,0.397402,-0.245402,0.074025,0.061602,0.115161,0.069139,0.064986
toy_2135,35,35,2135,6.872550,-9.893414,0.299461,-0.204836,0.023625,0.078655,0.118364,0.065659,0.062640
toy_2136,36,35,2136,6.759001,-9.865240,0.273435,-0.223295,0.038363,0.060865,0.136053,0.052208,0.065652
toy_2137,37,35,2137,6.848298,-9.842562,0.298134,-0.274937,0.130570,0.073969,0.108941,0.050100,0.075198
toy_2138,38,35,2138,6.716983,-9.899859,0.293470,-0.284482,0.087261,0.065205,0.123848,0.060921,0.066794
toy_2139,39,35,2139,6.665072,-9.890432,0.249380,-0.294438,0.184707,0.067991,0.104549,0.058337,0.077195
toy_2140,40,35,2140,6.644743,-9.834143,0.185030,-0.310172,-0.159361,0.075181,0.128961,0.051229,0.067763
toy_2141,41,35,2141,6.570603,-9.904181,0.278265,-0.307251,0.148742,0.062292,0.135162,0.069510,0.062488
toy_2142,42,35,2142,6.638408,-9.920185,0.265449,-0.320206,-0.012286,0.074090,0.128540,0.053177,0.070358
toy_2143,43,35,2143,6.458890,-9.868522,0.270236,-0.353824,-0.091466,0.066097,0.114806,0.068192,0.075797
toy_2144,44,35,2144,6.487514,-9.850441,0.306744,-0.379312,-0.164075,0.070064,0.130993,0.059056,0.070934
toy_2145,45,35,2145,6.435187,-9.843694,0.252497,-0.379167,-0.045017,0.070743,0.104172,0.050495,0.071134
toy_2146,46,35,2146,6.420222,-9.942744,0.350762,-0.327720,-0.062704,0.065439,0.109729,0.055361,0.070945
toy_2147,47,35,2147,6.221160,-9.836332,0.256734,-0.354908,-0.140209,0.075253,0.125492,0.067854,0.071307
toy_2148,48,35,2148,6.408528,-9.934148,0.312766,-0.405926,-0.053311,0.078893,0.131554,0.067559,0.066393
toy_2149,49,35,2149,6.446043,-9.928984,0.273826,-0.448636,-0.235095,0.073514,0.133222,0.052184,0.079639
toy_2150,50,35,2150,6.315142,-9.988967,0.262684,-0.410502,-0.237029,0.071605,0.113279,0.050283,0.078427
toy_2151,51,35,2151,6.294579,-9.885980,0.206620,-0.427367,-0.255479,0.065725,0.120725,0.064606,0.061376
toy_2152,52,35,2152,6.275894,-10.084142,0.260433,-0.424834,-0.262001,0.078215,0.120833,0.065573,0.078621
toy_2169,9,36,2169,6.226977,-9.992144,0.160434,-0.422168,-0.343240,0.075172,0.128774,0.054867,0.064689
toy_2170,10,36,2170,6.183923,-9.965295,0.201971,-0.485152,-0.331719,0.069284,0.138488,0.062478,0.061701
toy_2171,11,36,2171,6.159618,-9.863236,0.199563,-0.432903,-0.168860,0.075094,0.127403,0.064553,0.070239
toy_2172,12,36,2172,6.301191,-9.886497,0.226248,-0.468894,-0.131409,0.064725,0.128034,0.063769,0.074301
toy_2173,13,36,2173,6.348740,-9.924693,0.225233,-0.425445,-0.191819,0.068936,0.138908,0.064799,0.073365
toy_2174,14,36,2174,6.317471,-9.886082,0.237809,-0.401712,-0.132512,0.077125,0.109442,0.057590,0.076666
toy_2175,15,36,2175,6.371464,-9.884959,0.314626,-0.399643,-0.208097,0.075040,0.131818,0.060624,0.067783
toy_2176,16,36,2176,6.360091,-9.930136,0.346272,-0.337807,-0.209074,0.066613,0.125291,0.064564,0.066139
toy_2177,17,36,2177,6.325128,-10.006916,0.298016,-0.343202,-0.227516,0.064441,0.114485,0.061264,0.066763
toy_2178,18,36,2178,6.424490,-9.989562,0.404221,-0.340454,-0.091180,0.069776,0.133898,0.069921,0.070150
toy_2179,19,36,2179,6.512081,-9.919484,0.366892,-0.311541,-0.218241,0.068765,0.133806,0.066044,0.073683
toy_2180,20,36,2180,6.461934,-10.025347,0.395291,-0.329749,-0.240634,0.071932,0.139092,0.063526,0.066428
toy_2181,21,36,2181,6.544166,-9.862046,0.379929,-0.313533,-0.073005,0.061633,0.102668,0.061791,0.073319
toy_2182,22,36,2182,6.606573,-9.942525,0.421849,-0.290006,-0.175323,0.070214,0.103939,0.057287,0.070864
toy_2183,23,36,2183,6.568115,-10.055633,0.472233,-0.309443,-0.250908,0.060644,0.128375,0.060033,0.060463
toy_2184,24,36,2184,6.731412,-9.986901,0.440445,-0.268316,-0.250696,0.075034,0.137321,0.065061,0.062724
toy_2185,25,36,2185,6.662303,-9.990858,0.495950,-0.269802,-0.274095,0.069206,0.107098,0.055498,0.063053
toy_2186,26,36,2186,6.672820,-10.082437,0.526836,-0.255552,-0.286118,0.071851,0.104651,0.069044,0.079052
toy_2187,27,36,2187,6.711474,-10.049969,0.554696,-0.236966,-0.320677,0.062423,0.120913,0.050278,0.064549
toy_2188,28,36,2188,6.810978,-9.991135,0.550555,-0.258196,-0.290448,0.068918,0.138547,0.059988,0.061361
toy_2189,29,36,2189,6.812782,-10.104790,0.514356,-0.264341,-0.216305,0.068153,0.137831,0.065074,0.060258
toy_2190,30,36,2190,6.825729,-9.953246,0.452918,-0.222918,-0.210235,0.060499,0.119253,0.069912,0.076393
toy_2191,31,36,2191,6.821585,-10.173626,0.507217,-0.209615,-0.167256,0.063512,0.108396,0.068828,0.068363
toy_2192,32,36,2192,6.876334,-10.051922,0.454349,-0.226420,-0.113719,0.067211,0.138786,0.063277,0.064324
toy_2193,33,36,2193,6.777809,-9.989951,0.376038,-0.243012,-0.212044,0.068604,0.138661,0.064654,0.066939
toy_2194,34,36,2194,6.776223,-9.957527,0.391044,-0.260844,-0.157607,0.069227,0.134891,0.061230,0.069624
toy_2195,35,36,2195,6.675608,-10.041194,0.257768,-0.294688,0.038483,0.070881,0.116476,0.068242,0.070191
toy_2196,36,36,2196,6.736850,-9.874797,0.235708,-0.271464,0.000356,0.073256,0.104698,0.062611,0.064826
toy_2197,37,36,2197,6.678130,-9.910105,0.190360,-0.280330,0.065824,0.070272,0.127896,0.057372,0.073495
toy_2198,38,36,2198,6.662368,-9.833992,0.125124,-0.306197,0.212073,0.076905,0.126940,0.060562,0.063782
toy_2199,39,36,2199,6.581728,-9.768642,0.190156,-0.268406,0.202982,0.074639,0.115016,0.053178,0.073668
toy_2200,40,36,2200,6.652386,-9.800798,0.101180,-0.334977,0.052692,0.073420,0.134860,0.059199,0.070006
toy_2201,41,36,2201,6.523303,-9.838173,0.082279,-0.332759,0.078904,0.072209,0.121585,0.050094,0.075878
toy_2202,42,36,2202,6.460403,-9.808751,0.151341,-0.333679,0.086579,0.079288,0.133059,0.057690,0.074054
toy_2203,43,36,2203,6.491509,-9.816923,0.158013,-0.368248,0.070674,0.070764,0.110939,0.065389,0.066005
toy_2204,44,36,2204,6.424411,-9.936157,0.192210,-0.389989,-0.023129,0.076475,0.121043,0.054959,0.073985
toy_2205,45,36,2205,6.470466,-9.949889,0.225117,-0.388457,0.038194,0.070116,0.109053,0.054314,0.067579
toy_2206,46,36,2206,6.324245,-9.871873,0.265718,-0.404163,-0.138399,0.067948,0.119191,0.053398,0.072350
toy_2207,47,36,2207,6.347466,-9.829788,0.227626,-0.433739,-0.276898,0.073894,0.102514,0.051734,0.073745
toy_2208,48,36,2208,6.376772,-9.923611,0.197462,-0.346866,-0.075052,0.077926,0.124888,0.058794,0.074765
toy_2209,49,36,2209,6.242396,-9.916298,0.293274,-0.451371,-0.245402,0.066773,0.128700,0.059207,0.078732
toy_2210,50,36,2210,6.384801,-9.914552,0.310141,-0.391031,-0.243288,0.068697,0.104396,0.063675,0.078669
toy_2211,51,36,2211,6.301174,-9.909891,0.229596,-0.414736,-0.229730,0.064818,0.117184,0.051477,0.073603
toy_2212,52,36,2212,6.194075,-9.980607,0.217426,-0.454690,-0.170774,0.075711,0.137155,0.056240,0.075382
toy_2230,10,37,2230,6.225891,-10.012880,0.221511,-0.457693,-0.273893,0.062465,0.102874,0.056375,0.067887
toy_2231,11,37,2231,6.271304,-9.966917,0.227332,-0.391002,-0.254038,0.079400,0.129104,0.052512,0.062480
toy_2232,12,37,2232,6.205990,-9.981743,0.179461,-0.432363,-0.064712,0.073003,0.128055,0.059723,0.073193
toy_2233,13,37,2233,6.291642,-9.894614,0.297799,-0.460977,-0.266122,0.073878,0.115802,0.060782,0.069552
toy_2234,14,37,2234,6.349476,-9.873361,0.269266,-0.400696,-0.144048,0.072644,0.125797,0.069535,0.061549
toy_2235,15,37,2235,6.401539,-9.911183,0.373062,-0.450168,-0.212230,0.069958,0.111212,0.056311,0.061322
toy_2236,16,37,2236,6.431888,-9.972135,0.335761,-0.384983,-0.085560,0.060594,0.135585,0.068149,0.077282
toy_2237,17,37,2237,6.478354,-9.911790,0.333565,-0.400244,-0.067431,0.070007,0.135128,0.062011,0.068668
toy_2238,18,37,2238,6.496348,-9.890732,0.365472,-0.346220,-0.077594,0.076503,0.100105,0.063423,0.075468
toy_2239,19,37,2239,6.480475,-9.895664,0.409519,-0.346742,-0.116018,0.078998,0.123700,0.064301,0.074287
toy_2240,20,37,2240,6.535024,-9.901746,0.379953,-0.321113,-0.147503,0.064543,0.131883,0.056724,0.070743
toy_2241,21,37,2241,6.536912,-10.010267,0.363635,-0.373529,-0.113576,0.067000,0.111880,0.055375,0.065110
toy_2242,22,37,2242,6.573417,-9.956830,0.381320,-0.320616,-0.182890,0.064136,0.118971,0.065954,0.061043
toy_2243,23,37,2243,6.630972,-10.100639,0.386730,-0.304853,-0.189622,0.067799,0.100571,0.067002,0.079476
toy_2244,24,37,2244,6.649975,-9.969437,0.419141,-0.273355,-0.212531,0.079686,0.127024,0.056517,0.076728
toy_2245,25,37,2245,6.576574,-9.910606,0.449013,-0.284959,-0.215676,0.064603,0.108403,0.063270,0.075781
toy_2246,26,37,2246,6.574816,-10.094155,0.437563,-0.275421,-0.286601,0.069099,0.104280,0.054856,0.060766
toy_2247,27,37,2247,6.615874,-10.024838,0.491571,-0.282842,-0.289869,0.067966,0.120979,0.051555,0.061232
toy_2248,28,37,2248,6.627233,-10.052934,0.469442,-0.268950,-0.275799,0.076384,0.110931,0.050064,0.072418
toy_2249,29,37,2249,6.759273,-10.001602,0.472605,-0.273652,-0.225231,0.076737,0.116200,0.053118,0.065069
toy_2250,30,37,2250,6.641882,-10.155570,0.427510,-0.261050,-0.245049,0.078683,0.123744,0.053561,0.073208
toy_2251,31,37,2251,6.696731,-10.099268,0.428011,-0.231085,-0.326779,0.075431,0.131729,0.064059,0.061508
toy_2252,32,37,2252,6.701781,-10.020516,0.437353,-0.243240,-0.118848,0.060050,0.113781,0.066792,0.074219
toy_2253,33,37,2253,6.698856,-10.054674,0.342713,-0.240509,-0.126160,0.063436,0.122611,0.065030,0.070928
toy_2254,34,37,2254,6.680403,-10.035991,0.366298,-0.223411,-0.181888,0.072163,0.101701,0.069966,0.069073
toy_2255,35,37,2255,6.628914,-9.927214,0.330521,-0.258632,-0.204321,0.067222,0.110436,0.063533,0.072218
toy_2256,36,37,2256,6.676467,-9.902152,0.243955,-0.287152,0.222056,0.070098,0.107523,0.053864,0.064779
toy_2257,37,37,2257,6.644350,-9.849827,0.160741,-0.276178,0.063321,0.069411,0.124569,0.054740,0.074886
toy_2258,38,37,2258,6.522195,-9.981206,0.140480,-0.310968,0.037231,0.065774,0.137293,0.050927,0.079917
toy_2259,39,37,2259,6.598812,-9.781447,0.092124,-0.350275,0.133510,0.071734,0.105036,0.051092,0.063072
toy_2260,40,37,2260,6.460872,-9.833049,0.067407,-0.325171,0.049898,0.070742,0.131281,0.067102,0.068453
toy_2261,41,37,2261,6.433922,-9.826197,0.099125,-0.298041,0.015649,0.062600,0.122314,0.057201,0.070946
toy_2262,42,37,2262,6.506844,-9.719848,0.112687,-0.341857,0.076502,0.075722,0.119812,0.055106,0.078431
toy_2263,43,37,2263,6.455189,-9.792065,0.117428,-0.394684,0.166387,0.064149,0.111297,0.068800,0.071469
toy_2264,44,37,2264,6.424758,-9.890584,0.122756,-0.349211,0.099129,0.079480,0.120433,0.066457,0.067800
toy_2265,45,37,2265,6.365457,-9.832225,0.188324,-0.362385,0.031138,0.068943,0.138993,0.057835,0.063478
toy_2266,46,37,2266,6.281628,-9.824447,0.155182,-0.427469,-0.110366,0.063492,0.111256,0.058486,0.067773
toy_2267,47,37,2267,6.379455,-9.922712,0.219338,-0.454350,-0.130359,0.071344,0.103942,0.066954,0.071606
toy_2268,48,37,2268,6.334398,-9.839549,0.243855,-0.384911,-0.162803,0.067557,0.131303,0.053367,0.067847
toy_2269,49,37,2269,6.380880,-9.950924,0.219363,-0.452513,-0.270865,0.065029,0.100865,0.051171,0.077026
toy_2270,50,37,2270,6.230880,-10.039068,0.289824,-0.427657,-0.035552,0.073798,0.133736,0.050648,0.071899
toy_2271,51,37,2271,6.340334,-9.961558,0.224839,-0.458699,-0.215485,0.074556,0.126919,0.065917,0.072089
toy_2290,10,38,2290,6.293237,-9.960747,0.251720,-0.455113,-0.231168,0.068281,0.131600,0.053730,0.061577
toy_2291,11,38,2291,6.292858,-9.868745,0.192963,-0.451862,-0.268260,0.073608,0.111106,0.059607,0.062994
toy_2292,12,38,2292,6.334325,-9.837134,0.252156,-0.458148,-0.256321,0.072233,0.130066,0.054959,0.062834
toy_2293,13,38,2293,6.276460,-9.933125,0.240511,-0.427026,-0.101526,0.070303,0.139680,0.064757,0.067964
toy_2294,14,38,2294,6.260509,-9.935246,0.280586,-0.441265,-0.075255,0.077330,0.116924,0.058395,0.075441
toy_2295,15,38,2295,6.333128,-9.895731,0.306537,-0.432547,-0.259497,0.065316,0.133944,0.067289,0.068128
toy_2296,16,38,2296,6.355376,-9.857278,0.352497,-0.371504,-0.207210,0.078294,0.115810,0.063799,0.063393
toy_2297,17,38,2297,6.428587,-9.943757,0.301386,-0.388617,-0.077231,0.078998,0.135770,0.051559,0.066231
toy_2298,18,38,2298,6.471672,-9.982240,0.340307,-0.387220,-0.279720,0.068827,0.118212,0.066589,0.068319
toy_2299,19,38,2299,6.423494,-9.896023,0.361826,-0.361654,-0.073490,0.063237,0.106918,0.057232,0.064767
toy_2300,20,38,2300,6.531462,-9.840040,0.374460,-0.348333,-0.183256,0.061006,0.137243,0.053385,0.060674
toy_2301,21,38,2301,6.538518,-9.875082,0.370099,-0.305055,-0.293873,0.066899,0.137628,0.059423,0.076747
toy_2302,22,38,2302,6.466458,-9.932090,0.403197,-0.344165,-0.328666,0.060351,0.108725,0.062346,0.069601
toy_2303,23,38,2303,6.487815,-9.926277,0.367921,-0.340083,-0.209950,0.076952,0.139057,0.052797,0.069922
toy_2304,24,38,2304,6.527239,-9.962813,0.423413,-0.269951,-0.177027,0.062812,0.124167,0.051963,0.070621
toy_2305,25,38,2305,6.627318,-9.968331,0.365951,-0.306648,-0.220669,0.060364,0.109428,0.051256,0.072394
toy_2306,26,38,2306,6.584454,-10.096220,0.372403,-0.254786,-0.216636,0.070688,0.114083,0.065062,0.065197
toy_2307,27,38,2307,6.558769,-10.096004,0.427155,-0.299638,-0.313834,0.069867,0.102614,0.052339,0.076967
toy_2308,28,38,2308,6.654849,-10.156279,0.401158,-0.297641,-0.175272,0.078010,0.123155,0.059047,0.073738
toy_2309,29,38,2309,6.634927,-10.067381,0.414929,-0.289831,-0.212768,0.071185,0.116852,0.064740,0.076320
toy_2310,30,38,2310,6.563422,-10.017117,0.444339,-0.288385,-0.239726,0.069784,0.119164,0.068763,0.066504
toy_2311,31,38,2311,6.583473,-9.974195,0.421549,-0.312813,-0.401173,0.070013,0.137540,0.052625,0.075494
toy_2312,32,38,2312,6.552905,-9.951397,0.387464,-0.286957,-0.235612,0.068512,0.116071,0.063266,0.068383
toy_2313,33,38,2313,6.698115,-9.858527,0.374605,-0.273106,-0.155275,0.061127,0.109224,0.058283,0.077895
toy_2314,34,38,2314,6.590538,-9.957380,0.297170,-0.290970,-0.216810,0.072391,0.127042,0.050676,0.077630
toy_2315,35,38,2315,6.564464,-9.961600,0.310478,-0.260653,-0.223557,0.071785,0.119017,0.051718,0.066653
toy_2316,36,38,2316,6.591538,-10.036604,0.219103,-0.294495,-0.160080,0.079167,0.118283,0.069416,0.078430
toy_2317,37,38,2317,6.594280,-9.922991,0.210830,-0.305213,0.063573,0.069767,0.100434,0.054935,0.078852
toy_2318,38,38,2318,6.515256,-9.855594,0.148049,-0.333047,-0.072005,0.066597,0.102830,0.062509,0.062252
toy_2319,39,38,2319,6.379467,-9.831038,0.130942,-0.347899,0.032439,0.063043,0.132891,0.063923,0.063779
toy_2320,40,38,2320,6.447236,-9.795476,0.030000,-0.360045,0.182568,0.077032,0.129880,0.068387,0.068646
toy_2321,41,38,2321,6.408242,-9.835001,0.030000,-0.356846,0.116611,0.069666,0.119888,0.068587,0.075195
toy_2322,42,38,2322,6.425540,-9.881081,0.037478,-0.324686,0.063271,0.078240,0.105875,0.050168,0.061179
toy_2323,43,38,2323,6.374368,-9.838257,0.030000,-0.379094,0.058844,0.077629,0.123058,0.058387,0.079829
toy_2324,44,38,2324,6.372773,-9.811961,0.030000,-0.405117,0.039130,0.079475,0.103608,0.050387,0.064210
toy_2325,45,38,2325,6.412840,-9.799847,0.036699,-0.401398,-0.154552,0.079365,0.110338,0.069756,0.062488
toy_2326,46,38,2326,6.313968,-9.860272,0.154698,-0.359422,-0.006989,0.069724,0.104228,0.054790,0.078079
toy_2327,47,38,2327,6.382349,-9.866276,0.176775,-0.391916,-0.106745,0.071752,0.119685,0.063687,0.069006
toy_2328,48,38,2328,6.338387,-9.964661,0.110648,-0.459348,-0.074983,0.061383,0.124529,0.063141,0.064502
toy_2329,49,38,2329,6.337803,-9.901154,0.223395,-0.456549,-0.051045,0.078375,0.131323,0.057850,0.067340
toy_2330,50,38,2330,6.285191,-9.797843,0.198402,-0.459637,-0.194338,0.064297,0.109267,0.066411,0.070967
toy_2331,51,38,2331,6.267118,-9.924935,0.195244,-0.491875,-0.258104,0.060861,0.116948,0.057672,0.067034
toy_2351,11,39,2351,6.233371,-9.966430,0.207301,-0.422430,-0.262419,0.060869,0.102660,0.065208,0.071045
toy_2352,12,39,2352,6.290516,-9.952342,0.286869,-0.421455,-0.259355,0.068363,0.129907,0.067718,0.079343
toy_2353,13,39,2353,6.312150,-9.831242,0.265768,-0.400207,-0.171198,0.062761,0.139636,0.052555,0.076647
toy_2354,14,39,2354,6.389089,-9.976258,0.241794,-0.425009,-0.135390,0.066541,0.127663,0.066877,0.078593
toy_2355,15,39,2355,6.343572,-9.956457,0.301890,-0.393206,-0.149978,0.072846,0.134807,0.051762,0.062076
toy_2356,16,39,2356,6.406973,-9.831077,0.382302,-0.342530,-0.315160,0.072820,0.111305,0.061741,0.078803
toy_2357,17,39,2357,6.357160,-9.845681,0.329861,-0.385145,-0.188616,0.065196,0.134774,0.056906,0.067556
toy_2358,18,39,2358,6.395964,-9.941236,0.320597,-0.413841,-0.093121,0.078141,0.120504,0.068050,0.069563
toy_2359,19,39,2359,6.503755,-9.871004,0.383294,-0.356268,-0.055507,0.064893,0.131012,0.063983,0.077957
toy_2360,20,39,2360,6.385065,-9.811693,0.372425,-0.357824,-0.236332,0.064153,0.133292,0.062803,0.071520
toy_2361,21,39,2361,6.439991,-9.944184,0.343563,-0.321099,-0.107716,0.077241,0.101043,0.052762,0.067016
toy_2362,22,39,2362,6.459221,-10.009488,0.370383,-0.358294,-0.201093,0.073251,0.123239,0.066599,0.067016
toy_2363,23,39,2363,6.483918,-9.967702,0.361515,-0.310017,-0.236270,0.063694,0.105997,0.053928,0.062437
toy_2364,24,39,2364,6.409545,-9.897596,0.326565,-0.321107,-0.231606,0.071317,0.109497,0.067355,0.079389
toy_2365,25,39,2365,6.455619,-9.907877,0.354231,-0.309732,-0.197933,0.075080,0.105369,0.060409,0.077763
toy_2366,26,39,2366,6.477657,-10.061087,0.348280,-0.359140,-0.362534,0.079277,0.121791,0.059421,0.072348
toy_2367,27,39,2367,6.611566,-10.004881,0.310254,-0.257960,-0.251249,0.063877,0.114353,0.054449,0.077578
toy_2368,28,39,2368,6.470397,-10.046722,0.333030,-0.306329,-0.268966,0.060927,0.112418,0.068972,0.079727
toy_2369,29,39,2369,6.564605,-10.050928,0.382972,-0.323354,-0.342019,0.076125,0.105850,0.060027,0.077745
toy_2370,30,39,2370,6.593198,-9.974932,0.365626,-0.308515,-0.353946,0.073539,0.121811,0.069406,0.070346
toy_2371,31,39,2371,6.519816,-10.120349,0.380696,-0.233048,-0.318490,0.066330,0.111588,0.068508,0.077333
toy_2372,32,39,2372,6.563495,-10.132192,0.352907,-0.306881,-0.125855,0.065805,0.138018,0.052023,0.065207
toy_2373,33,39,2373,6.473457,-10.100126,0.345911,-0.333039,-0.342985,0.075777,0.104880,0.067892,0.064581
toy_2374,34,39,2374,6.588932,-9.998423,0.267582,-0.254491,-0.266459,0.077994,0.117917,0.060182,0.072207
toy_2375,35,39,2375,6.477817,-10.065767,0.335290,-0.282762,-0.247309,0.077296,0.123006,0.065681,0.069609
toy_2376,36,39,2376,6.438284,-9.945205,0.260602,-0.318125,-0.168641,0.079025,0.100209,0.063890,0.068655
toy_2377,37,39,2377,6.480609,-9.973530,0.160750,-0.294865,-0.010515,0.064969,0.131176,0.059260,0.067438
toy_2378,38,39,2378,6.385102,-9.921159,0.192240,-0.288633,-0.020094,0.061061,0.114761,0.066800,0.063255
toy_2379,39,39,2379,6.372149,-9.943349,0.215484,-0.336744,-0.192908,0.068321,0.128329,0.052513,0.078433
toy_2380,40,39,2380,6.401059,-9.831212,0.112740,-0.331393,-0.057291,0.070540,0.121133,0.058242,0.073793
toy_2381,41,39,2381,6.352384,-9.819534,0.063155,-0.331976,0.024466,0.068102,0.117832,0.054220,0.077779
toy_2382,42,39,2382,6.356011,-9.852701,0.080671,-0.384111,0.030493,0.062257,0.119984,0.063581,0.068803
toy_2383,43,39,2383,6.255957,-9.842551,0.069914,-0.377497,0.105137,0.068836,0.127633,0.057358,0.069591
toy_2384,44,39,2384,6.416883,-9.838857,0.061786,-0.341792,-0.001611,0.069172,0.105099,0.051569,0.079861
toy_2385,45,39,2385,6.267854,-9.850704,0.030000,-0.367860,0.061272,0.070445,0.138291,0.064229,0.074938
toy_2386,46,39,2386,6.318945,-9.926303,0.039657,-0.431479,0.020525,0.061913,0.129589,0.056706,0.068046
toy_2387,47,39,2387,6.311190,-9.898807,0.062180,-0.436280,-0.021704,0.063793,0.133921,0.062684,0.075119
toy_2388,48,39,2388,6.360765,-9.799603,0.140493,-0.406105,0.051110,0.060547,0.120082,0.068409,0.073127
toy_2389,49,39,2389,6.356632,-9.883695,0.112801,-0.386864,-0.094616,0.076888,0.106351,0.063507,0.067510
toy_2390,50,39,2390,6.315582,-9.867272,0.236275,-0.468211,0.014255,0.077778,0.122311,0.060573,0.073552
toy_2391,51,39,2391,6.257743,-9.965825,0.145512,-0.476561,-0.157777,0.071819,0.116086,0.063904,0.063598
toy_2412,12,40,2412,6.227635,-9.975169,0.250233,-0.485314,-0.067290,0.071668,0.107170,0.061940,0.072169
toy_2413,13,40,2413,6.218552,-9.950081,0.262892,-0.434249,-0.273409,0.078585,0.125850,0.064729,0.065270
toy_2414,14,40,2414,6.300551,-9.893888,0.206959,-0.443894,-0.070892,0.063800,0.134282,0.066149,0.077503
toy_2415,15,40,2415,6.357203,-9.942300,0.304457,-0.449677,-0.253855,0.079537,0.111137,0.060768,0.060432
toy_2416,16,40,2416,6.355257,-9.811861,0.359846,-0.434439,-0.085488,0.062685,0.116833,0.063003,0.077584
toy_2417,17,40,2417,6.443504,-9.844076,0.287247,-0.419569,-0.185228,0.069664,0.104896,0.058294,0.070218
toy_2418,18,40,2418,6.423150,-10.007467,0.316583,-0.378214,-0.129460,0.074862,0.127108,0.067290,0.063270
toy_2419,19,40,2419,6.466513,-9.807063,0.341426,-0.371766,-0.183364,0.072631,0.112759,0.069615,0.064512
toy_2420,20,40,2420,6.381867,-9.903172,0.280744,-0.374940,-0.201846,0.075603,0.124893,0.065612,0.074327
toy_2421,21,40,2421,6.445627,-9.984146,0.378975,-0.378664,-0.184162,0.077634,0.102775,0.050493,0.073972
toy_2422,22,40,2422,6.400170,-9.873094,0.302025,-0.370064,-0.154740,0.075264,0.127681,0.067564,0.079446
toy_2423,23,40,2423,6.382514,-9.976858,0.352341,-0.384718,-0.075654,0.073731,0.122592,0.062955,0.072146
toy_2424,24,40,2424,6.362657,-9.893171,0.346858,-0.336342,-0.206960,0.062910,0.131705,0.055314,0.070842
toy_2425,25,40,2425,6.537441,-9.998972,0.320595,-0.322878,-0.269655,0.065277,0.101976,0.061528,0.074464
toy_2426,26,40,2426,6.444870,-10.097622,0.319872,-0.323258,-0.251019,0.074462,0.108643,0.065784,0.068657
toy_2427,27,40,2427,6.445745,-9.977890,0.313558,-0.313848,-0.105788,0.069054,0.124101,0.054983,0.074383
toy_2428,28,40,2428,6.482937,-10.043984,0.334567,-0.352199,-0.143798,0.066899,0.119269,0.051132,0.070159
toy_2429,29,40,2429,6.427711,-10.068085,0.346654,-0.277518,-0.320588,0.064888,0.139253,0.059577,0.065469
toy_2430,30,40,2430,6.515003,-10.014302,0.368718,-0.318965,-0.305429,0.074844,0.100944,0.057143,0.070831
toy_2431,31,40,2431,6.425354,-9.934539,0.317490,-0.319518,-0.297857,0.060694,0.103133,0.058288,0.073945
toy_2432,32,40,2432,6.423225,-9.941321,0.324954,-0.313846,-0.165047,0.069856,0.125602,0.051664,0.068304
toy_2433,33,40,2433,6.403083,-10.067446,0.350118,-0.255875,-0.127864,0.074812,0.119547,0.053395,0.071520
toy_2434,34,40,2434,6.443377,-9.998572,0.309192,-0.343640,-0.212671,0.079131,0.134207,0.056246,0.066553
toy_2435,35,40,2435,6.349752,-10.017014,0.309256,-0.314162,-0.149334,0.070174,0.132892,0.064847,0.076500
toy_2436,36,40,2436,6.434658,-9.890852,0.342463,-0.303976,-0.141631,0.064917,0.128171,0.051459,0.062032
toy_2437,37,40,2437,6.241295,-9.920237,0.252880,-0.336604,-0.202332,0.072193,0.129334,0.068047,0.067422
toy_2438,38,40,2438,6.511703,-9.946412,0.189745,-0.343392,-0.182421,0.079825,0.117764,0.069793,0.071824
toy_2439,39,40,2439,6.412367,-9.952742,0.243537,-0.378973,-0.109834,0.060040,0.130846,0.068433,0.069865
toy_2440,40,40,2440,6.344356,-9.906728,0.106577,-0.357204,-0.055787,0.076788,0.106576,0.061547,0.061612
toy_2441,41,40,2441,6.265356,-9.847549,0.073041,-0.343729,-0.170913,0.068260,0.100433,0.061751,0.076073
toy_2442,42,40,2442,6.238836,-9.794850,0.091981,-0.346587,0.012997,0.073260,0.128739,0.061127,0.072670
toy_2443,43,40,2443,6.288731,-9.891038,0.041914,-0.411200,0.152831,0.076043,0.133498,0.059715,0.072753
toy_2444,44,40,2444,6.191400,-9.901170,0.060328,-0.399371,-0.133538,0.070335,0.102423,0.061174,0.078434
toy_2445,45,40,2445,6.334792,-9.754857,0.030000,-0.414210,0.093166,0.062491,0.128859,0.069441,0.070958
toy_2446,46,40,2446,6.257774,-10.007783,0.030000,-0.348923,0.077988,0.065348,0.139114,0.062711,0.070213
toy_2447,47,40,2447,6.250168,-9.844205,0.039882,-0.392269,0.043042,0.066882,0.114400,0.056395,0.071689
toy_2448,48,40,2448,6.282759,-9.836833,0.097695,-0.441406,-0.043279,0.072661,0.137568,0.050507,0.065292
toy_2449,49,40,2449,6.291856,-9.939002,0.089925,-0.445498,0.053082,0.077177,0.115866,0.066670,0.064226
toy_2450,50,40,2450,6.245578,-9.795015,0.083294,-0.450429,-0.181210,0.063192,0.119181,0.054248,0.068474
toy_2473,13,41,2473,6.251483,-9.875148,0.240365,-0.401860,-0.353739,0.078844,0.121542,0.056591,0.077451
toy_2474,14,41,2474,6.360489,-9.874496,0.236754,-0.463243,-0.121035,0.075159,0.121148,0.066322,0.070097
toy_2475,15,41,2475,6.371660,-9.931906,0.328349,-0.424465,-0.060707,0.061215,0.135032,0.055008,0.079623
toy_2476,16,41,2476,6.383545,-9.933280,0.347024,-0.441097,-0.184047,0.076055,0.133549,0.055454,0.070547
toy_2477,17,41,2477,6.440690,-9.966282,0.312641,-0.437600,-0.209764,0.078841,0.105079,0.068732,0.061037
toy_2478,18,41,2478,6.351970,-9.902233,0.359108,-0.363845,-0.096052,0.060582,0.105722,0.066208,0.061108
toy_2479,19,41,2479,6.451178,-9.818117,0.350280,-0.408000,-0.088438,0.072337,0.132664,0.052600,0.075897
toy_2480,20,41,2480,6.424535,-9.926583,0.378365,-0.389095,-0.182740,0.074166,0.127303,0.063790,0.072465
toy_2481,21,41,2481,6.417395,-9.918149,0.324604,-0.385806,-0.184138,0.078086,0.134405,0.058650,0.078054
toy_2482,22,41,2482,6.434232,-9.953536,0.350508,-0.379695,-0.232634,0.074658,0.130834,0.063901,0.079213
toy_2483,23,41,2483,6.410634,-9.854173,0.356587,-0.331317,-0.231598,0.073951,0.139607,0.069260,0.077251
toy_2484,24,41,2484,6.401279,-10.074724,0.297288,-0.308903,-0.151185,0.065738,0.122069,0.060553,0.063966
toy_2485,25,41,2485,6.371877,-9.931245,0.308028,-0.344821,-0.263975,0.065261,0.134619,0.057278,0.062588
toy_2486,26,41,2486,6.382186,-10.014916,0.297120,-0.342357,-0.328491,0.061212,0.124010,0.068467,0.075087
toy_2487,27,41,2487,6.455989,-10.018458,0.287797,-0.321508,-0.177749,0.070693,0.126118,0.065780,0.062490
toy_2488,28,41,2488,6.352129,-9.991931,0.323467,-0.356589,-0.230632,0.074185,0.123605,0.059864,0.065193
toy_2489,29,41,2489,6.395594,-9.944815,0.260272,-0.333923,-0.321324,0.077513,0.137721,0.061857,0.071874
toy_2490,30,41,2490,6.342380,-10.040244,0.265345,-0.337093,-0.387210,0.061340,0.124020,0.058736,0.065519
toy_2491,31,41,2491,6.446497,-9.980618,0.251787,-0.305181,-0.445174,0.070534,0.121942,0.059521,0.072288
toy_2492,32,41,2492,6.350680,-9.999781,0.284973,-0.336783,-0.236501,0.077907,0.126045,0.057110,0.067479
toy_2493,33,41,2493,6.329747,-9.962119,0.367025,-0.310702,-0.206998,0.066382,0.102691,0.060992,0.072574
toy_2494,34,41,2494,6.420821,-9.977366,0.358413,-0.348902,-0.199380,0.065963,0.104697,0.057479,0.069711
toy_2495,35,41,2495,6.396239,-9.986472,0.256286,-0.318892,-0.169127,0.067913,0.110775,0.050345,0.077738
toy_2496,36,41,2496,6.344815,-9.989013,0.245719,-0.391484,-0.296863,0.070007,0.122350,0.058603,0.065047
toy_2497,37,41,2497,6.340150,-9.967183,0.252796,-0.382784,-0.255898,0.073349,0.101162,0.052048,0.069322
toy_2498,38,41,2498,6.290019,-10.011262,0.270707,-0.372541,-0.287037,0.071764,0.115774,0.050942,0.067686
toy_2499,39,41,2499,6.329576,-9.911046,0.237024,-0.367468,-0.264436,0.065464,0.135154,0.067566,0.073853
toy_2500,40,41,2500,6.271812,-9.881478,0.226841,-0.338717,-0.105798,0.063870,0.100890,0.062795,0.065744
toy_2501,41,41,2501,6.257196,-9.932372,0.139116,-0.333384,-0.135610,0.065168,0.115638,0.057978,0.079586
toy_2502,42,41,2502,6.297190,-9.917090,0.131385,-0.375208,-0.094254,0.074930,0.130551,0.051231,0.072226
toy_2503,43,41,2503,6.321876,-9.810789,0.122112,-0.389766,-0.031120,0.060241,0.129906,0.065173,0.079441
toy_2504,44,41,2504,6.219845,-9.912707,0.057270,-0.376673,-0.086391,0.061550,0.129555,0.052263,0.076139
toy_2505,45,41,2505,6.257020,-9.944137,0.074771,-0.390817,-0.106270,0.074969,0.134732,0.063788,0.062269
toy_2506,46,41,2506,6.306147,-9.901537,0.116763,-0.389831,0.032306,0.062968,0.109869,0.050882,0.076637
toy_2507,47,41,2507,6.255899,-9.813469,0.074113,-0.434828,-0.133491,0.063984,0.121981,0.053489,0.069138
toy_2508,48,41,2508,6.258825,-9.922770,0.031500,-0.447943,0.081573,0.063931,0.128070,0.067570,0.075906
toy_2509,49,41,2509,6.253262,-9.948711,0.075046,-0.479517,0.024801,0.062769,0.117629,0.054379,0.064555
toy_2510,50,41,2510,6.216289,-9.864224,0.118991,-0.454179,-0.117595,0.079458,0.105714,0.068802,0.071541
toy_2534,14,42,2534,6.259935,-9.957495,0.260109,-0.438275,-0.172375,0.072914,0.124297,0.062188,0.061115
toy_2535,15,42,2535,6.389138,-9.928652,0.294897,-0.415311,-0.176135,0.064721,0.114506,0.061717,0.063365
toy_2536,16,42,2536,6.420795,-9.836612,0.245861,-0.462683,-0.041335,0.067723,0.111180,0.064106,0.067147
toy_2537,17,42,2537,6.354889,-9.967962,0.320997,-0.449689,-0.057844,0.077057,0.130263,0.057573,0.065843
toy_2538,18,42,2538,6.380924,-9.923924,0.330172,-0.360434,-0.176599,0.073817,0.117283,0.057453,0.069765
toy_2539,19,42,2539,6.423628,-9.920493,0.288547,-0.398340,-0.276231,0.073428,0.108857,0.064133,0.075776
toy_2540,20,42,2540,6.347472,-9.843020,0.374269,-0.414787,-0.214982,0.078492,0.112080,0.052944,0.065888
toy_2541,21,42,2541,6.391487,-9.813024,0.311397,-0.379168,-0.326386,0.069408,0.135729,0.064758,0.073845
toy_2542,22,42,2542,6.379353,-9.910601,0.305362,-0.359977,-0.230422,0.075399,0.117670,0.051676,0.066977
toy_2543,23,42,2543,6.365310,-9.828974,0.292891,-0.409279,-0.301921,0.064513,0.107168,0.062628,0.078061
toy_2544,24,42,2544,6.325140,-9.903598,0.330176,-0.368903,-0.148923,0.076519,0.120687,0.053662,0.073201
toy_2545,25,42,2545,6.329111,-9.901968,0.320732,-0.362636,-0.203475,0.065492,0.118696,0.059030,0.063512
toy_2546,26,42,2546,6.401858,-9.895344,0.331709,-0.361279,-0.186914,0.072843,0.126184,0.053816,0.068229
toy_2547,27,42,2547,6.299690,-9.889529,0.284942,-0.363168,-0.231954,0.076656,0.109876,0.056690,0.079510
toy_2548,28,42,2548,6.323955,-9.989883,0.291653,-0.296961,-0.174702,0.060634,0.139500,0.064438,0.073418
toy_2549,29,42,2549,6.340174,-9.986698,0.254461,-0.319370,-0.348652,0.070428,0.138514,0.061410,0.076772
toy_2550,30,42,2550,6.434007,-9.923285,0.300119,-0.365827,-0.290273,0.061293,0.107709,0.055316,0.076733
toy_2551,31,42,2551,6.343466,-9.909093,0.295497,-0.358713,-0.259513,0.074621,0.129342,0.059466,0.079448
toy_2552,32,42,2552,6.405852,-9.902379,0.315404,-0.340814,-0.231485,0.069510,0.133315,0.051503,0.079143
toy_2553,33,42,2553,6.345699,-9.922551,0.251272,-0.351419,-0.234021,0.077447,0.110595,0.060045,0.072277
toy_2554,34,42,2554,6.366075,-10.070428,0.259971,-0.336900,-0.152292,0.076186,0.139021,0.064070,0.077504
toy_2555,35,42,2555,6.328795,-10.007059,0.225005,-0.365580,-0.175603,0.064796,0.122517,0.055022,0.076601
toy_2556,36,42,2556,6.290177,-9.977706,0.259226,-0.394754,-0.240521,0.063245,0.114972,0.067591,0.071427
toy_2557,37,42,2557,6.344591,-9.939166,0.206287,-0.365191,-0.312152,0.079666,0.133828,0.062723,0.074695
toy_2558,38,42,2558,6.297018,-9.981037,0.279944,-0.360764,-0.271021,0.070492,0.125791,0.066746,0.064949
toy_2559,39,42,2559,6.298562,-9.862709,0.214644,-0.362714,-0.236143,0.071789,0.132487,0.068307,0.070791
toy_2560,40,42,2560,6.302959,-9.949834,0.181833,-0.383840,-0.207846,0.078692,0.123826,0.055221,0.063186
toy_2561,41,42,2561,6.308127,-9.994914,0.189814,-0.348403,-0.237089,0.077953,0.118768,0.064421,0.071328
toy_2562,42,42,2562,6.303152,-10.023809,0.157680,-0.432107,-0.280199,0.066448,0.124858,0.066469,0.069941
toy_2563,43,42,2563,6.219434,-9.904207,0.142098,-0.428118,-0.152094,0.071534,0.132320,0.063007,0.079439
toy_2564,44,42,2564,6.272952,-9.904948,0.181011,-0.406078,-0.159298,0.062465,0.116381,0.069450,0.069282
toy_2565,45,42,2565,6.256247,-9.876555,0.133018,-0.407714,-0.090849,0.071834,0.120599,0.050968,0.071757
toy_2566,46,42,2566,6.218501,-9.842480,0.125140,-0.408056,-0.095956,0.068751,0.113932,0.067698,0.062087
toy_2567,47,42,2567,6.269440,-9.925730,0.111663,-0.442424,-0.124732,0.064350,0.136390,0.063481,0.061319
toy_2568,48,42,2568,6.215512,-9.932977,0.060307,-0.449370,-0.052754,0.066097,0.133257,0.066773,0.069268
toy_2569,49,42,2569,6.201825,-9.804213,0.126112,-0.445880,-0.035937,0.061463,0.102944,0.069487,0.071883
toy_2595,15,43,2595,6.294012,-9.905573,0.255105,-0.527262,-0.359793,0.061115,0.112433,0.058709,0.073969
toy_2596,16,43,2596,6.262240,-10.018332,0.322417,-0.442022,-0.105742,0.064871,0.101606,0.065525,0.066800
toy_2597,17,43,2597,6.432080,-10.010921,0.322827,-0.487019,-0.228979,0.074735,0.123921,0.056365,0.070768
toy_2598,18,43,2598,6.422336,-9.892764,0.335113,-0.424066,-0.109862,0.066592,0.101058,0.051532,0.065607
toy_2599,19,43,2599,6.413641,-9.894757,0.348512,-0.442107,-0.201188,0.060015,0.136245,0.059576,0.068468
toy_2600,20,43,2600,6.351558,-9.912059,0.304579,-0.386075,-0.183526,0.062492,0.127458,0.055293,0.064608
toy_2601,21,43,2601,6.379145,-9.790534,0.233164,-0.442645,-0.144706,0.079289,0.107502,0.057101,0.063703
toy_2602,22,43,2602,6.369153,-9.800807,0.290799,-0.360806,-0.173056,0.070312,0.127664,0.062744,0.066718
toy_2603,23,43,2603,6.350876,-9.928318,0.309688,-0.396742,-0.232556,0.062975,0.133961,0.066905,0.069339
toy_2604,24,43,2604,6.303377,-10.020043,0.236213,-0.393616,-0.096714,0.062062,0.103786,0.068449,0.070583
toy_2606,26,43,2606,6.289300,-9.962974,0.293605,-0.373382,-0.230213,0.060232,0.112797,0.062920,0.078951
toy_2607,27,43,2607,6.281613,-9.801850,0.251738,-0.353135,-0.221846,0.079310,0.124579,0.063662,0.060432
toy_2608,28,43,2608,6.256122,-9.938714,0.239315,-0.343611,-0.257988,0.072313,0.108549,0.064492,0.077804
toy_2609,29,43,2609,6.325618,-9.947834,0.276843,-0.397072,-0.240609,0.063801,0.116399,0.069472,0.073615
toy_2610,30,43,2610,6.382151,-10.089270,0.256580,-0.352174,-0.278452,0.074047,0.103422,0.052338,0.074089
toy_2611,31,43,2611,6.358169,-10.017403,0.273461,-0.355383,-0.212564,0.060881,0.122839,0.061732,0.071746
toy_2612,32,43,2612,6.279569,-9.943828,0.297094,-0.353936,-0.186086,0.060599,0.111852,0.068281,0.074096
toy_2613,33,43,2613,6.303410,-9.991854,0.278570,-0.374542,-0.257666,0.079190,0.132747,0.055280,0.073435
toy_2614,34,43,2614,6.226793,-9.969453,0.213440,-0.373403,-0.273171,0.066496,0.136411,0.053019,0.074715
toy_2615,35,43,2615,6.310505,-10.007457,0.213597,-0.337110,-0.217443,0.061621,0.127945,0.068243,0.069139
toy_2616,36,43,2616,6.268277,-10.123602,0.244726,-0.360674,-0.275225,0.071020,0.117596,0.056115,0.061824
toy_2617,37,43,2617,6.198491,-9.922506,0.206389,-0.378398,-0.166974,0.073341,0.105252,0.061042,0.069835
toy_2618,38,43,2618,6.257797,-9.908755,0.276787,-0.412205,-0.247715,0.064774,0.124088,0.051329,0.077943
toy_2619,39,43,2619,6.237166,-9.948900,0.195479,-0.391603,-0.237150,0.078114,0.130891,0.067320,0.061973
toy_2620,40,43,2620,6.199847,-10.001307,0.209800,-0.389980,-0.233725,0.068335,0.109546,0.053409,0.064505
toy_2621,41,43,2621,6.200036,-10.027142,0.222154,-0.380412,-0.143817,0.062892,0.117280,0.056341,0.069191
toy_2622,42,43,2622,6.307466,-9.936339,0.251496,-0.427540,-0.126074,0.078578,0.112830,0.062387,0.073200
toy_2623,43,43,2623,6.218097,-9.896088,0.222517,-0.377423,-0.271983,0.068723,0.130157,0.054663,0.060540
toy_2624,44,43,2624,6.270921,-9.947173,0.151535,-0.398601,-0.280719,0.066415,0.130604,0.066804,0.074031
toy_2625,45,43,2625,6.280432,-9.866222,0.218139,-0.379747,-0.191880,0.066654,0.119072,0.061434,0.063741
toy_2626,46,43,2626,6.182179,-9.916436,0.126549,-0.474526,-0.219992,0.071314,0.103128,0.056267,0.075783
toy_2627,47,43,2627,6.265082,-9.943565,0.166413,-0.403428,-0.151363,0.077749,0.104905,0.067745,0.070597
toy_2628,48,43,2628,6.302413,-9.916475,0.159395,-0.452002,-0.065413,0.064802,0.137822,0.056139,0.066783
toy_2657,17,44,2657,6.278086,-9.925395,0.294434,-0.465921,-0.094518,0.061926,0.129184,0.065993,0.060005
toy_2658,18,44,2658,6.397758,-9.867476,0.311244,-0.420755,-0.172947,0.077193,0.130402,0.065342,0.064896
toy_2659,19,44,2659,6.370978,-9.816224,0.279502,-0.428993,-0.218678,0.070095,0.110050,0.058746,0.067682
toy_2660,20,44,2660,6.422043,-9.801089,0.268079,-0.440855,-0.250990,0.064215,0.124676,0.061120,0.066856
toy_2661,21,44,2661,6.380370,-9.960826,0.327592,-0.419724,-0.165390,0.064152,0.123592,0.069921,0.079016
toy_2662,22,44,2662,6.391310,-9.948480,0.308039,-0.394626,-0.208317,0.062990,0.127265,0.066410,0.071732
toy_2663,23,44,2663,6.311566,-9.877554,0.213046,-0.387540,-0.193762,0.078380,0.117963,0.066316,0.060874
toy_2667,27,44,2667,6.272114,-9.999653,0.219334,-0.416695,-0.235544,0.074710,0.123254,0.050079,0.068737
toy_2668,28,44,2668,6.272836,-9.962349,0.285940,-0.390696,-0.203569,0.074162,0.111436,0.055386,0.068389
toy_2669,29,44,2669,6.292792,-9.913066,0.233380,-0.374597,-0.139662,0.066731,0.137943,0.057712,0.074173
toy_2670,30,44,2670,6.265950,-9.988294,0.172621,-0.352016,-0.178066,0.062110,0.105032,0.065585,0.061698
toy_2671,31,44,2671,6.306456,-9.937488,0.227223,-0.370994,-0.276444,0.070027,0.131577,0.069500,0.077856
toy_2672,32,44,2672,6.314612,-10.011408,0.200796,-0.408649,-0.227294,0.073122,0.117303,0.057140,0.060695
toy_2673,33,44,2673,6.363013,-10.014709,0.200528,-0.402153,-0.156639,0.065227,0.131122,0.059063,0.063393
toy_2674,34,44,2674,6.310678,-9.964432,0.221260,-0.369473,-0.368452,0.071054,0.108328,0.061823,0.069621
toy_2675,35,44,2675,6.284612,-10.032057,0.200042,-0.391280,-0.249432,0.061240,0.109688,0.067205,0.064234
toy_2676,36,44,2676,6.228548,-9.939248,0.204401,-0.426043,-0.223191,0.066691,0.129255,0.066575,0.073483
toy_2677,37,44,2677,6.295347,-9.977904,0.265397,-0.392480,-0.204215,0.075250,0.123646,0.063230,0.066116
toy_2678,38,44,2678,6.213768,-10.019099,0.174416,-0.364707,-0.240158,0.073049,0.109010,0.067064,0.065887
toy_2679,39,44,2679,6.179874,-9.935413,0.158177,-0.389044,-0.252375,0.067010,0.129113,0.057979,0.069969
toy_2680,40,44,2680,6.272351,-9.893409,0.180473,-0.405597,-0.225434,0.064681,0.104576,0.058135,0.071772
toy_2681,41,44,2681,6.218035,-10.001172,0.168790,-0.446859,-0.209476,0.061127,0.115703,0.052850,0.062457
toy_2682,42,44,2682,6.177668,-9.917186,0.196218,-0.400208,-0.147620,0.067618,0.103639,0.059892,0.072142
toy_2683,43,44,2683,6.277051,-9.827017,0.212106,-0.456383,-0.198430,0.067745,0.106212,0.063253,0.066208
toy_2684,44,44,2684,6.166878,-9.930500,0.250289,-0.379595,-0.219856,0.068114,0.129041,0.065197,0.071398
toy_2685,45,44,2685,6.238498,-9.872740,0.147955,-0.424593,-0.224423,0.077300,0.123626,0.059317,0.065438
toy_2686,46,44,2686,6.248531,-9.966400,0.186775,-0.434851,-0.194166,0.073088,0.117656,0.054045,0.073290
toy_2687,47,44,2687,6.264030,-9.872625,0.105056,-0.496675,-0.238355,0.075966,0.128866,0.056249,0.061803
toy_2718,18,45,2718,6.368627,-9.801296,0.288970,-0.441815,-0.174198,0.070196,0.112671,0.060427,0.073940
toy_2719,19,45,2719,6.296349,-9.909304,0.230565,-0.437952,-0.140531,0.073491,0.128652,0.057128,0.075406
toy_2720,20,45,2720,6.292504,-9.826025,0.286030,-0.418517,-0.232120,0.076044,0.103448,0.053849,0.073292
toy_2721,21,45,2721,6.245723,-9.925672,0.261073,-0.427386,-0.187746,0.061595,0.116145,0.051565,0.063066
toy_2722,22,45,2722,6.276343,-9.874736,0.196390,-0.424106,-0.104641,0.064565,0.113822,0.050890,0.075812
toy_2728,28,45,2728,6.261422,-9.908456,0.165584,-0.392498,-0.234897,0.067227,0.134065,0.065941,0.079435
toy_2729,29,45,2729,6.230722,-9.926278,0.220254,-0.425578,-0.219034,0.076867,0.135152,0.059815,0.065627
toy_2730,30,45,2730,6.298000,-9.906311,0.272692,-0.365660,-0.005281,0.063264,0.125144,0.053454,0.072511
toy_2731,31,45,2731,6.216101,-9.992910,0.228373,-0.371898,-0.284644,0.077213,0.114389,0.068688,0.067651
toy_2732,32,45,2732,6.198943,-9.982700,0.244761,-0.389698,-0.367387,0.065157,0.115393,0.054017,0.071307
toy_2733,33,45,2733,6.278656,-10.080412,0.224943,-0.352672,-0.302156,0.070513,0.108669,0.068831,0.064494
toy_2734,34,45,2734,6.229061,-9.904643,0.247062,-0.395337,-0.242455,0.067681,0.125163,0.058086,0.064927
toy_2735,35,45,2735,6.240092,-9.965037,0.257983,-0.408145,-0.113713,0.078432,0.125299,0.065117,0.070201
toy_2736,36,45,2736,6.237649,-9.886792,0.219159,-0.390152,-0.140559,0.071717,0.127600,0.064857,0.068001
toy_2737,37,45,2737,6.297786,-9.999878,0.176705,-0.403651,-0.224866,0.060166,0.125232,0.050272,0.063063
toy_2738,38,45,2738,6.261114,-10.004355,0.232245,-0.432025,-0.240166,0.071439,0.103399,0.054202,0.074420
toy_2739,39,45,2739,6.272690,-9.941643,0.224530,-0.367903,-0.236240,0.068795,0.101768,0.050768,0.074861
toy_2740,40,45,2740,6.260689,-10.035400,0.203864,-0.437480,-0.328859,0.063084,0.106385,0.052182,0.079913
toy_2741,41,45,2741,6.172404,-9.852051,0.231351,-0.454758,-0.239364,0.062863,0.125389,0.057664,0.079747
toy_2742,42,45,2742,6.250442,-9.982887,0.187836,-0.407311,-0.163464,0.062158,0.124279,0.055164,0.063765
toy_2743,43,45,2743,6.130381,-9.879305,0.182707,-0.471988,-0.250218,0.060202,0.106033,0.054759,0.062415
toy_2744,44,45,2744,6.169902,-9.891509,0.219595,-0.444261,-0.189133,0.065694,0.138657,0.056451,0.061657
toy_2745,45,45,2745,6.184292,-9.877536,0.234282,-0.425973,-0.256264,0.073789,0.111098,0.065493,0.068054
toy_2746,46,45,2746,6.209738,-10.006100,0.220092,-0.437206,-0.234324,0.075611,0.119133,0.054883,0.068023
toy_2780,20,46,2780,6.222483,-9.883522,0.293322,-0.473381,-0.204137,0.071166,0.116740,0.065549,0.063105
toy_2781,21,46,2781,6.277978,-9.919588,0.241261,-0.474143,-0.112667,0.070617,0.107084,0.056578,0.066177
toy_2782,22,46,2782,6.272978,-9.828993,0.229415,-0.419739,-0.412062,0.062286,0.126949,0.051574,0.079701
toy_2783,23,46,2783,6.287171,-9.927755,0.280778,-0.456320,-0.129071,0.073095,0.107216,0.066520,0.060584
toy_2787,27,46,2787,6.230993,-9.946895,0.167317,-0.386282,-0.155013,0.079248,0.139177,0.065193,0.071289
toy_2788,28,46,2788,6.260542,-9.977851,0.265218,-0.420930,-0.237714,0.064294,0.114715,0.053747,0.064444
toy_2789,29,46,2789,6.329026,-9.939073,0.274216,-0.435168,-0.238612,0.060298,0.132699,0.053628,0.061542
toy_2790,30,46,2790,6.320060,-9.931922,0.190840,-0.368652,-0.136119,0.066056,0.112387,0.056865,0.076317
toy_2791,31,46,2791,6.287100,-9.976850,0.186076,-0.386841,-0.363611,0.067615,0.134301,0.066528,0.066509
toy_2792,32,46,2792,6.240328,-9.988270,0.257312,-0.468407,-0.393616,0.067134,0.126642,0.059542,0.065585
toy_2793,33,46,2793,6.320030,-9.973382,0.221225,-0.441500,-0.196064,0.067841,0.127023,0.059618,0.077716
toy_2794,34,46,2794,6.241912,-9.952587,0.210411,-0.372184,-0.327577,0.066774,0.100264,0.065570,0.074451
toy_2795,35,46,2795,6.266398,-10.047870,0.179463,-0.406514,-0.258541,0.060936,0.123847,0.059354,0.070729
toy_2796,36,46,2796,6.243293,-9.895220,0.144198,-0.397016,-0.354989,0.077824,0.138192,0.063505,0.060023
toy_2797,37,46,2797,6.232587,-9.942161,0.213227,-0.445167,-0.301413,0.076055,0.102418,0.053816,0.060432
toy_2798,38,46,2798,6.254126,-10.006156,0.193605,-0.443770,-0.163826,0.070438,0.138829,0.050818,0.079866
toy_2799,39,46,2799,6.223573,-9.973687,0.206732,-0.402218,-0.217083,0.072707,0.120696,0.065820,0.065691
toy_2800,40,46,2800,6.309628,-10.000604,0.202631,-0.430041,-0.283526,0.078560,0.124362,0.068397,0.078866
toy_2801,41,46,2801,6.244677,-9.894615,0.211131,-0.447384,-0.283256,0.063501,0.132057,0.054740,0.063222
toy_2802,42,46,2802,6.209543,-9.932379,0.222144,-0.418692,-0.280196,0.067994,0.120298,0.055790,0.064515
toy_2803,43,46,2803,6.251871,-9.902048,0.190488,-0.478627,-0.173518,0.073813,0.103670,0.056003,0.063906
toy_2804,44,46,2804,6.312917,-10.027214,0.194482,-0.444418,-0.210196,0.070929,0.121982,0.064312,0.074069
toy_2842,22,47,2842,6.332206,-9.977501,0.261355,-0.467720,-0.294275,0.078536,0.139847,0.055912,0.065892
toy_2843,23,47,2843,6.319489,-9.909931,0.272195,-0.440861,-0.241432,0.070809,0.113072,0.069734,0.076369
toy_2844,24,47,2844,6.303603,-9.968606,0.221561,-0.419119,-0.154937,0.064500,0.132392,0.064276,0.069252
toy_2846,26,47,2846,6.287714,-9.942042,0.234995,-0.454691,-0.160131,0.069994,0.124257,0.050800,0.078964
toy_2847,27,47,2847,6.236281,-9.875412,0.198834,-0.480624,-0.423186,0.073800,0.118134,0.060586,0.068554
toy_2848,28,47,2848,6.216658,-9.917390,0.194586,-0.404183,-0.147364,0.072980,0.119532,0.057219,0.072571
toy_2849,29,47,2849,6.235515,-9.949544,0.224497,-0.402468,-0.168827,0.074204,0.108296,0.063697,0.078920
toy_2850,30,47,2850,6.301371,-9.873595,0.204057,-0.447922,-0.258649,0.062641,0.133305,0.055154,0.067640
toy_2851,31,47,2851,6.193889,-9.945599,0.290682,-0.463822,-0.236657,0.074129,0.120927,0.051625,0.063862
toy_2852,32,47,2852,6.224695,-9.915577,0.238610,-0.443056,-0.241967,0.076281,0.112127,0.062631,0.075439
toy_2853,33,47,2853,6.316503,-9.907413,0.190957,-0.421809,-0.207916,0.078489,0.137856,0.067465,0.075174
toy_2854,34,47,2854,6.221020,-9.973989,0.208412,-0.401289,-0.295822,0.073983,0.121315,0.057334,0.065805
toy_2855,35,47,2855,6.235351,-9.977172,0.220297,-0.438442,-0.178369,0.075550,0.118866,0.061822,0.079926
toy_2856,36,47,2856,6.237809,-10.070274,0.240890,-0.411613,-0.227848,0.069883,0.100953,0.055574,0.062816
toy_2857,37,47,2857,6.270399,-9.911590,0.119704,-0.410917,-0.165913,0.072398,0.123249,0.069089,0.066143
toy_2858,38,47,2858,6.217470,-10.006891,0.249511,-0.458541,-0.300830,0.076369,0.112885,0.059724,0.072612
toy_2859,39,47,2859,6.200083,-9.985345,0.226739,-0.442695,-0.238042,0.060044,0.119953,0.058468,0.069676
toy_2860,40,47,2860,6.164883,-9.920771,0.218676,-0.466161,-0.388014,0.066465,0.100331,0.068607,0.060889
toy_2861,41,47,2861,6.227447,-9.898308,0.279145,-0.420444,-0.289553,0.066981,0.118819,0.060478,0.071084
toy_2862,42,47,2862,6.223082,-9.913796,0.231916,-0.435536,-0.227165,0.077053,0.107935,0.064582,0.061666
toy_2905,25,48,2905,6.277918,-9.945211,0.231052,-0.480575,-0.187871,0.072845,0.118818,0.054200,0.073224
toy_2906,26,48,2906,6.238859,-9.961331,0.256518,-0.447955,-0.338792,0.072526,0.112026,0.066378,0.061268
toy_2907,27,48,2907,6.204658,-10.012099,0.247438,-0.461048,-0.285864,0.066966,0.137973,0.059668,0.074838
toy_2908,28,48,2908,6.195377,-9.863097,0.184740,-0.439363,-0.317619,0.061167,0.128491,0.069561,0.076900
toy_2909,29,48,2909,6.179960,-9.984870,0.206499,-0.488987,-0.333391,0.077554,0.117900,0.066321,0.068661
toy_2910,30,48,2910,6.192184,-9.994768,0.123063,-0.446702,-0.189812,0.079573,0.137038,0.061345,0.062644
toy_2911,31,48,2911,6.189833,-9.933649,0.179057,-0.428762,-0.290773,0.076286,0.115720,0.064185,0.067771
toy_2912,32,48,2912,6.234673,-9.943034,0.238196,-0.471426,-0.187426,0.069264,0.100277,0.068540,0.068756
toy_2913,33,48,2913,6.124958,-9.940568,0.248379,-0.439651,-0.228210,0.079350,0.104935,0.059241,0.078655
toy_2914,34,48,2914,6.223213,-10.007672,0.249341,-0.407157,-0.256062,0.078907,0.132235,0.069359,0.067113
toy_2915,35,48,2915,6.152218,-9.912144,0.179128,-0.453946,-0.295117,0.065491,0.128090,0.062084,0.074371
toy_2916,36,48,2916,6.278336,-9.915495,0.205004,-0.435609,-0.322675,0.074439,0.125728,0.058612,0.073309
toy_2917,37,48,2917,6.243882,-9.990277,0.158546,-0.452417,-0.303067,0.077303,0.100612,0.058947,0.060779
toy_2918,38,48,2918,6.149996,-9.983980,0.223961,-0.446108,-0.274826,0.070627,0.120280,0.054143,0.064397
toy_2919,39,48,2919,6.228269,-9.935949,0.213878,-0.445930,-0.208379,0.064675,0.134892,0.063046,0.077987
toy_2920,40,48,2920,6.236870,-9.896277,0.255435,-0.447119,-0.176789,0.063408,0.129680,0.056600,0.077521
toy_2970,30,49,2970,6.318038,-9.984151,0.178832,-0.464603,-0.035929,0.069927,0.109122,0.055657,0.071544
toy_2971,31,49,2971,6.221710,-9.914048,0.219779,-0.485361,-0.312031,0.071005,0.139498,0.052444,0.069393
toy_2972,32,49,2972,6.256849,-9.907562,0.248078,-0.428086,-0.217829,0.075450,0.106359,0.068694,0.075701
toy_2973,33,49,2973,6.197542,-9.978592,0.135231,-0.435301,-0.203939,0.074214,0.131883,0.066251,0.070241
toy_2974,34,49,2974,6.261705,-10.032007,0.195521,-0.409585,-0.282470,0.077597,0.139774,0.062848,0.073720
toy_2975,35,49,2975,6.245150,-9.903058,0.168778,-0.481223,-0.311982,0.070852,0.125160,0.055634,0.061522
